Order_ID,Order_Date,Platform,Category,Sub_Category,Product_Name,Brand,Quantity,Price_per_Unit,Total_Amount,Discount_%,Final_Amount,Payment_Mode,Delivery_Status,Delivery_Time_Days,Customer_ID,Customer_Name,Gender,Age,City,State,Rating,Return_Reason,Platform_Fee_%,Profit
ORD101501,18-08-2025,Amazon,Home & Kitchen,Appliances,LG Appliances M969,LG,1,9103,9103,15,7737.55,UPI,Returned,5,CUST2024,Adira Kapur,Male,56,Chennai,Tamil Nadu,2.4,Other,8.32,1283.7
ORD102586,31-07-2023,Max,Accessories,Seasonal,Prestige Seasonal M239,Prestige,1,698,698,40,418.8,Wallet,Delivered,8,CUST8120,Eshani Balan,Male,28,Pune,Maharashtra,1.2,,6.86,106.56
ORD102653,12-12-2024,Flipkart,Automotive,Accessories,Boat Accessories S709,Boat,2,3637,7274,10,6546.6,UPI,Cancelled,5,CUST6830,Nitya Dixit,Male,19,New Delhi,Delhi,3.6,,4.96,1437.45
ORD101055,03-08-2025,Myntra,Home & Living,Furnishings,Portico Furnishings X775,Portico,2,10389,20778,10,18700.2,UPI,Delivered,2,CUST9912,Saksham Shetty,Male,15,Ahmedabad,Gujarat,1.5,,11.19,5261.76
ORD100705,29-04-2023,Max,Plus Size,Plus Bottoms,Fastrack Plus Bottoms Z265,Fastrack,1,3519,3519,0,3519,UPI,In Transit,5,CUST3769,Khushi Dugar,Male,34,Surat,Gujarat,1.8,,17.04,847.46
ORD100106,25-03-2025,Amazon,Books,Stationery,LG Stationery Z965,LG,2,669,1338,15,1137.3,UPI,Delivered,1,CUST1154,Tara Grover,Female,42,Surat,Gujarat,4.7,,11.74,98.64
ORD100589,06-07-2024,Amazon,Home & Kitchen,Home Decor,Home Centre Home Decor M231,Home Centre,1,3996,3996,0,3996,Wallet,Delivered,6,CUST1011,Vedika Lala,Male,22,New Delhi,Delhi,5,,10.17,1073.01
ORD102468,20-07-2024,Amazon,Beauty & Personal Care,Healthcare,Patanjali Healthcare S351,Patanjali,2,1483,2966,25,2224.5,UPI,Delivered,8,CUST8664,Aaina Desai,Female,18,Kochi,Kerala,4.2,,10.41,254.96
ORD102413,28-02-2025,Amazon,Baby Products,Feeding Supplies,Patanjali Feeding Supplies X698,Patanjali,3,2698,8094,5,7689.3,UPI,Delivered,2,CUST1774,Kashvi Sankaran,Male,36,Lucknow,Uttar Pradesh,4,,4.38,1944.56
ORD101600,24-03-2023,Myntra,Accessories,Wallets,3M Wallets Z302,3M,1,1861,1861,25,1395.75,Wallet,Cancelled,10,CUST5874,Miraan Contractor,Female,42,Ahmedabad,Gujarat,1.3,,11.72,349.43
ORD102464,18-10-2024,Max,Plus Size,Plus Tops,Zara Plus Tops Z129,Zara,1,4977,4977,5,4728.15,UPI,Delivered,2,CUST6345,Umang Datta,Female,24,Amritsar,Punjab,3.5,,15.15,944.87
ORD100228,08-11-2023,Amazon,Beauty & Personal Care,Healthcare,Patanjali Healthcare X270,Patanjali,4,528,2112,5,2006.4,COD,Delivered,11,CUST8515,Devansh Chaudhuri,Male,22,Surat,Gujarat,4,,12.94,318.52
ORD100915,08-08-2025,Flipkart,"Books, Sports & Gaming",Gaming,Sony Gaming S403,Sony,1,37036,37036,10,33332.4,Wallet,Delivered,4,CUST2945,Sara Dugar,Male,25,Ahmedabad,Gujarat,3.5,,14.49,8350.29
ORD100794,24-11-2023,Amazon,Home & Kitchen,Furniture,Nilkamal Furniture Z704,Nilkamal,3,3878,11634,0,11634,COD,Delivered,10,CUST6050,Reyansh Anne,Male,44,Ahmedabad,Gujarat,3.3,,10.32,2013.86
ORD103021,14-06-2024,Max,Kids' Fashion,Accessories,Boat Accessories M339,Boat,3,4406,13218,25,9913.5,UPI,Delivered,6,CUST5161,Anay Varughese,Female,23,Nagpur,Maharashtra,2.2,,11.55,1838.6
ORD103543,27-09-2025,Amazon,Home & Kitchen,Appliances,LG Appliances X233,LG,1,39348,39348,5,37380.6,UPI,Delivered,6,CUST4624,Yuvraj  Gera,Female,33,Chennai,Tamil Nadu,3.8,,9.78,7407.92
ORD101073,10-01-2023,Myntra,Personal Care,Fragrances,Voylla Fragrances X130,Voylla,3,3188,9564,5,9085.8,COD,Delivered,9,CUST2137,Dharmajan Kakar,Female,56,Bengaluru,Karnataka,1.9,,11.96,1944.88
ORD103351,07-11-2024,Myntra,Accessories,Watches,Titan Watches M921,Titan,4,12752,51008,15,43356.8,Debit Card,Returned,4,CUST4684,Hazel Sanghvi,Male,63,Pune,Maharashtra,2.1,Other,12.48,5982.03
ORD101744,14-10-2024,Flipkart,"Books, Sports & Gaming",Gaming,Sony Gaming X168,Sony,1,15324,15324,0,15324,UPI,Delivered,5,CUST4661,Saira Bala,Male,41,Noida,Uttar Pradesh,3.8,,4.41,4118.2
ORD101084,17-06-2024,Myntra,Personal Care,Haircare,Adidas Haircare S641,Adidas,4,2413,9652,10,8686.8,COD,Delivered,4,CUST5851,Rati Chakrabarti,Male,17,Mumbai,Maharashtra,2.1,,12.24,1597.57
ORD100926,18-04-2024,Amazon,Baby Products,Feeding Supplies,Boat Feeding Supplies X267,Boat,4,1928,7712,5,7326.4,COD,Cancelled,6,CUST6352,Aarush Shah,Female,18,Jaipur,Rajasthan,4.6,,15.29,1997.8
ORD103049,19-11-2023,Max,Kids' Fashion,Accessories,Portronics Accessories X620,Portronics,1,561,561,0,561,COD,Delivered,8,CUST1837,Damini Goswami,Male,20,Pune,Maharashtra,2.6,,7.3,83.38
ORD101117,18-03-2025,Amazon,Sports & Outdoors,Sportswear,Nike Sportswear S384,Nike,3,3332,9996,5,9496.2,UPI,Delivered,4,CUST9508,Yuvraj  Gandhi,Male,17,Pune,Maharashtra,4.1,,16.5,1189.66
ORD100642,03-03-2023,Amazon,Fashion,Clothing,W Clothing M449,W,3,964,2892,15,2458.2,UPI,Delivered,7,CUST2996,Anahita Gupta,Female,40,Ahmedabad,Gujarat,3.6,,8.35,531.13
ORD104767,20-06-2024,Amazon,Home & Kitchen,Appliances,LG Appliances X635,LG,1,21449,21449,5,20376.55,Wallet,Delivered,7,CUST3023,Neysa Bora,Female,39,Mumbai,Maharashtra,5,,5.36,3318.3
ORD100501,09-12-2023,Max,Women's Fashion,Tops,LG Tops Z232,LG,1,1266,1266,0,1266,Wallet,Delivered,3,CUST7819,Ivana Mani,Male,56,Ahmedabad,Gujarat,1.8,,8.84,120.99
ORD104066,16-04-2024,Myntra,Accessories,Jewelry,Voylla Jewelry Z689,Voylla,2,9320,18640,15,15844,Credit Card,Delivered,8,CUST9145,Kiara Ravel,Male,33,Vadodara,Gujarat,1.4,,9.25,3005.25
ORD100333,19-09-2023,Amazon,Sports & Outdoors,Fitness,Decathlon Fitness M624,Decathlon,4,16794,67176,10,60458.4,UPI,Delivered,9,CUST3151,Kanav Loyal,Male,27,New Delhi,Delhi,3.4,,14.3,17096.06
ORD104684,04-12-2023,Myntra,Accessories,Watches,Fastrack Watches Z436,Fastrack,2,5969,11938,20,9550.4,COD,Delivered,9,CUST7681,Faiyaz Singh,Female,17,Chennai,Tamil Nadu,1.3,,11.3,2635.73
ORD100486,31-05-2023,Flipkart,Fashion,Accessories,Boat Accessories M999,Boat,2,1657,3314,10,2982.6,Credit Card,Returned,3,CUST1010,Renee Chadha,Female,41,Mumbai,Maharashtra,2.2,Size issue,10.02,671.85
ORD101962,13-02-2023,Myntra,Personal Care,Fragrances,HP Fragrances Z130,HP,4,1251,5004,15,4253.4,COD,Delivered,11,CUST4297,Dishani Sule,Female,37,Bengaluru,Karnataka,2.9,,11.36,1239.62
ORD100393,19-10-2024,Amazon,Baby Products,Feeding Supplies,Baggit Feeding Supplies S722,Baggit,1,3160,3160,25,2370,UPI,In Transit,8,CUST4372,Tarini Sarma,Female,25,Madurai,Tamil Nadu,5,,14.26,368.3
ORD104842,11-06-2023,Flipkart,Grocery,Essentials,Bosch Essentials S770,Bosch,1,2152,2152,10,1936.8,COD,Delivered,11,CUST7154,Rohan Khatri,Female,16,Nagpur,Maharashtra,2.4,,4.82,91.38
ORD104866,19-06-2023,Myntra,Footwear,Sports,3M Sports Z704,3M,3,3246,9738,5,9251.1,Debit Card,Delivered,7,CUST7978,Ela Shan,Male,29,Howrah,West Bengal,3,,17.94,951.09
ORD101755,27-06-2024,Max,Plus Size,Plus Bottoms,W Plus Bottoms Z431,W,2,1632,3264,15,2774.4,UPI,Returned,5,CUST8735,Yuvaan Agate,Female,26,Surat,Gujarat,1,Other,16.21,325.56
ORD102515,09-09-2025,Flipkart,Grocery,Essentials,Xiaomi Essentials Z656,Xiaomi,2,4022,8044,15,6837.4,UPI,Delivered,5,CUST3759,Ishaan Talwar,Male,17,Surat,Gujarat,4.2,,11.03,382.79
ORD103585,24-11-2023,Amazon,Baby Products,Feeding Supplies,Nike Feeding Supplies X751,Nike,1,1823,1823,10,1640.7,COD,In Transit,11,CUST1116,Yasmin Dua,Male,21,Noida,Uttar Pradesh,4.1,,15.97,448.08
ORD104315,26-05-2023,Flipkart,Home & Furniture,Household Essentials,Nikon Household Essentials X215,Nikon,1,4246,4246,0,4246,Debit Card,Delivered,9,CUST1510,Vritika Vaidya,Female,64,Ludhiana,Punjab,3,,14.65,1078.15
ORD104966,23-11-2023,Max,Accessories,Bags,Baggit Bags X495,Baggit,4,1471,5884,30,4118.8,UPI,Returned,6,CUST3044,Nayantara Badami,Female,40,Chennai,Tamil Nadu,1.3,Late delivery,9.8,1081.93
ORD102099,21-04-2024,Flipkart,Beauty & Personal Care,Grooming,HUL Grooming Z717,HUL,4,3830,15320,5,14554,COD,Delivered,5,CUST6246,Badal Sangha,Female,36,Ahmedabad,Gujarat,2.1,,12.8,3952.15
ORD103599,21-10-2024,Flipkart,Fashion,Accessories,Boat Accessories X691,Boat,4,3621,14484,0,14484,UPI,Delivered,8,CUST7657,Vivaan Datta,Male,28,Chennai,Tamil Nadu,3.5,,16.52,2952.66
ORD104121,14-10-2023,Amazon,Sports & Outdoors,Outdoor Gear,Roadster Outdoor Gear X615,Roadster,3,3715,11145,20,8916,UPI,Delivered,4,CUST8214,Ela Randhawa,Male,34,Kolkata,West Bengal,4.2,,17.43,1827.35
ORD100029,28-08-2025,Amazon,Beauty & Personal Care,Healthcare,Patanjali Healthcare Z863,Patanjali,4,1526,6104,5,5798.8,Credit Card,Delivered,6,CUST7046,Abram Joshi,Female,22,Chennai,Tamil Nadu,4.2,,7.41,1310.94
ORD100065,28-08-2025,Myntra,Footwear,Casual,Sparx Casual Z144,Sparx,1,2505,2505,15,2129.25,Credit Card,Delivered,5,CUST3658,Onkar Keer,Male,24,Nagpur,Maharashtra,1.9,,5.83,346.81
ORD100838,09-09-2024,Max,Kids' Fashion,Accessories,JBL Accessories S229,JBL,3,4267,12801,10,11520.9,COD,Delivered,4,CUST9286,Tarini Talwar,Male,23,Pune,Maharashtra,1.7,,4.64,2024.52
ORD103906,01-07-2023,Myntra,Footwear,Formal,Red Tape Formal S307,Red Tape,4,7123,28492,30,19944.4,COD,Delivered,9,CUST9378,Anika Tripathi,Male,21,Surat,Gujarat,2,,4.22,4379.23
ORD103773,07-04-2025,Flipkart,Fashion,Accessories,JBL Accessories Z851,JBL,3,2814,8442,30,5909.4,UPI,Delivered,2,CUST9141,Aaina Keer,Female,19,Noida,Uttar Pradesh,3.6,,9.68,797.47
ORD104635,12-04-2025,Flipkart,Electronics,Home Electronics,Home Centre Home Electronics S841,Home Centre,3,3951,11853,5,11260.35,UPI,Delivered,1,CUST2247,Riya Anne,Male,60,Mumbai,Maharashtra,3.5,,5.45,1453.33
ORD103161,27-06-2023,Flipkart,"Books, Sports & Gaming",Books,Penguin Books X931,Penguin,4,1565,6260,5,5947,UPI,Delivered,5,CUST3261,Keya D’Alia,Female,20,Chennai,Tamil Nadu,2.6,,17.85,1667.38
ORD102659,29-02-2024,Amazon,Beauty & Personal Care,Makeup,Lakme Makeup S499,Lakme,1,2927,2927,0,2927,Credit Card,Delivered,5,CUST6640,Indranil Chokshi,Female,35,Kolkata,West Bengal,4.5,,4.72,288.54
ORD104615,04-02-2023,Myntra,Accessories,Wallets,FabIndia Wallets M958,FabIndia,3,1589,4767,15,4051.95,Wallet,In Transit,4,CUST6474,Trisha Hayer,Male,16,Kozhikode,Kerala,2.3,,7.89,1212.83
ORD104628,10-08-2024,Amazon,Home & Kitchen,Appliances,IFB Appliances X605,IFB,1,49989,49989,5,47489.55,UPI,In Transit,3,CUST6101,Veer Shukla,Female,34,Amritsar,Punjab,4.9,,12.94,8304.35
ORD102451,10-03-2024,Amazon,Electronics,Accessories,Portronics Accessories X466,Portronics,3,493,1479,5,1405.05,Debit Card,Delivered,6,CUST5947,Baiju Sama,Female,16,Kolkata,West Bengal,4.6,,5.62,92.93
ORD102846,15-11-2023,Max,Accessories,Shoes,Puma Shoes X146,Puma,4,5432,21728,10,19555.2,COD,Delivered,12,CUST2089,Pranay Wadhwa,Female,23,Pune,Maharashtra,3,,9.05,3407.54
ORD101144,19-10-2024,Myntra,Clothing,Kids Wear,Maybelline Kids Wear Z903,Maybelline,2,871,1742,25,1306.5,UPI,Delivered,3,CUST6438,Tushar Chacko,Female,18,Ahmedabad,Gujarat,2.3,,12.06,196.19
ORD103078,13-03-2025,Flipkart,Fashion,Footwear,HUL Footwear S420,HUL,1,1334,1334,15,1133.9,UPI,Delivered,5,CUST6141,Vihaan Som,Female,23,Howrah,West Bengal,3.2,,10.39,117.72
ORD101103,25-03-2024,Amazon,Sports & Outdoors,Outdoor Gear,Philips Outdoor Gear X663,Philips,1,1857,1857,5,1764.15,Credit Card,Delivered,8,CUST2482,Shaan Handa,Male,33,New Delhi,Delhi,3.2,,7.17,209.07
ORD100168,29-04-2023,Flipkart,"Books, Sports & Gaming",Books,Penguin Books M216,Penguin,2,1633,3266,10,2939.4,COD,Delivered,7,CUST9381,Keya Kibe,Female,19,Vadodara,Gujarat,2.5,,9.86,816.26
ORD101670,27-02-2023,Flipkart,Fashion,Apparel,HomeTown Apparel Z478,HomeTown,1,3523,3523,30,2466.1,UPI,Delivered,8,CUST8306,Fateh Kata,Female,15,Noida,Uttar Pradesh,1.8,,13.04,455.45
ORD102570,07-12-2024,Amazon,Beauty & Personal Care,Healthcare,Patanjali Healthcare Z183,Patanjali,4,1165,4660,0,4660,UPI,Delivered,3,CUST6566,Yakshit Uppal,Male,60,Surat,Gujarat,4.6,,11.94,1154.66
ORD102377,11-05-2023,Max,Kids' Fashion,Accessories,Portronics Accessories Z806,Portronics,1,4067,4067,10,3660.3,COD,Returned,4,CUST7812,Riya Karan,Female,54,New Delhi,Delhi,1.1,Late delivery,9.23,732.07
ORD104395,27-02-2025,Myntra,Footwear,Sports,Realme Sports S424,Realme,4,2880,11520,10,10368,COD,Delivered,6,CUST8111,Sana Chandra,Female,15,Ahmedabad,Gujarat,1.6,,6.65,2532.56
ORD104257,23-10-2024,Flipkart,Home & Furniture,Decor,Himalaya Decor Z636,Himalaya,2,510,1020,20,816,UPI,Delivered,2,CUST2667,Inaaya  Dhar,Male,29,Ahmedabad,Gujarat,3.2,,7.15,179.05
ORD103862,07-07-2025,Max,Accessories,Bags,Baggit Bags M760,Baggit,2,6546,13092,5,12437.4,Debit Card,Delivered,6,CUST9308,Priyansh Chowdhury,Female,36,Surat,Gujarat,2.4,,7.14,3386.73
ORD100023,05-12-2023,Flipkart,"Books, Sports & Gaming",Books,HarperCollins Books Z597,HarperCollins,1,1555,1555,10,1399.5,COD,Returned,8,CUST4613,Ranbir Sodhi,Male,58,Chennai,Tamil Nadu,2.1,Late delivery,11.54,338.15
ORD102633,09-12-2024,Flipkart,Grocery,Essentials,Samsung Essentials X673,Samsung,4,2925,11700,5,11115,Credit Card,In Transit,2,CUST3220,Jivin Uppal,Female,58,Bengaluru,Karnataka,2.7,,15.34,876.46
ORD103340,19-02-2025,Amazon,Home & Kitchen,Furniture,HomeTown Furniture X404,HomeTown,4,28134,112536,5,106909.2,UPI,Delivered,4,CUST3835,Vidur Yadav,Female,22,Chennai,Tamil Nadu,5,,7.39,23230.13
ORD102215,10-10-2025,Amazon,Fashion,Bags,Wildcraft Bags M722,Wildcraft,3,7244,21732,25,16299,UPI,Cancelled,4,CUST6962,Romil Anne,Female,17,Ahmedabad,Gujarat,4.1,,8.09,3485.74
ORD103682,11-01-2023,Myntra,Home & Living,Kitchenware,Hawkins Kitchenware S407,Hawkins,3,3968,11904,5,11308.8,UPI,Delivered,11,CUST6189,Umang Vohra,Male,21,Chennai,Tamil Nadu,2.3,,9.19,2409.48
ORD104724,13-04-2024,Myntra,Accessories,Jewelry,Tanishq Jewelry Z355,Tanishq,2,8129,16258,15,13819.3,UPI,Delivered,6,CUST9917,Rati Wali,Female,31,Pune,Maharashtra,2.4,,5.87,4134.25
ORD101907,18-05-2023,Flipkart,Grocery,Essentials,Roadster Essentials X967,Roadster,4,4093,16372,20,13097.6,UPI,In Transit,10,CUST1560,Ivana Balay,Female,34,Ahmedabad,Gujarat,3.9,,17.81,986.59
ORD100084,24-03-2025,Max,Accessories,Shoes,Puma Shoes M619,Puma,1,965,965,5,916.75,UPI,Delivered,5,CUST7438,Vritika Mani,Female,27,Ludhiana,Punjab,2.6,,17.04,137.58
ORD100227,11-01-2024,Amazon,Fashion,Clothing,Only Clothing X954,Only,1,2874,2874,20,2299.2,UPI,Delivered,8,CUST5355,Adira Raj,Female,30,Coimbatore,Tamil Nadu,4.2,,9.17,542.28
ORD100296,22-11-2023,Flipkart,Grocery,Essentials,HarperCollins Essentials Z242,HarperCollins,3,2431,7293,0,7293,COD,Delivered,11,CUST8249,Uthkarsh Tiwari,Female,28,Mangalore,Karnataka,4,,10.22,580.74
ORD101001,29-06-2023,Max,Plus Size,Plus Tops,Patanjali Plus Tops M607,Patanjali,2,1179,2358,15,2004.3,Credit Card,Delivered,11,CUST5360,Pari Gera,Male,43,Bengaluru,Karnataka,3.5,,4.19,599.92
ORD102138,25-03-2023,Myntra,Personal Care,Fragrances,Home Centre Fragrances M444,Home Centre,1,3805,3805,0,3805,COD,Delivered,9,CUST3292,Taran D’Alia,Male,29,Noida,Uttar Pradesh,2.7,,15.84,554.85
ORD100711,11-11-2024,Max,Men's Fashion,Bottoms,Samsung Bottoms S637,Samsung,3,3864,11592,40,6955.2,Wallet,Delivered,7,CUST5671,Kartik Devi,Female,54,New Delhi,Delhi,2.5,,8.2,591.2
ORD102801,30-08-2025,Flipkart,Automotive,Accessories,Boat Accessories Z739,Boat,2,324,648,0,648,UPI,Returned,4,CUST9130,Saanvi Gole,Female,30,Bengaluru,Karnataka,2.2,,5.87,188.94
ORD102527,05-07-2024,Max,Plus Size,Plus Tops,Wildcraft Plus Tops S740,Wildcraft,1,389,389,5,369.55,COD,Delivered,5,CUST9185,Prerak Agate,Male,31,Ahmedabad,Gujarat,2,,6.28,89.05
ORD103752,16-05-2023,Myntra,Home & Living,Furnishings,Home Centre Furnishings M374,Home Centre,3,12647,37941,25,28455.75,COD,Cancelled,12,CUST8252,Ira Krishna,Female,42,Ahmedabad,Gujarat,2.5,,5.11,7052.64
ORD103321,03-06-2024,Amazon,Electronics,Televisions,Samsung Televisions M293,Samsung,1,26257,26257,5,24944.15,UPI,Delivered,4,CUST3757,Rohan Virk,Male,48,Surat,Gujarat,4.1,,13.5,3902.54
ORD103181,27-01-2025,Amazon,Fashion,Shoes,Puma Shoes M657,Puma,1,1162,1162,5,1103.9,UPI,Delivered,2,CUST3870,Darshit D’Alia,Female,63,Ahmedabad,Gujarat,3.7,,9.81,210.76
ORD104183,18-05-2023,Amazon,Groceries,Fresh Produce,BigBasket Fresh Produce Z483,BigBasket,2,322,644,25,483,UPI,Delivered,7,CUST1411,Shaan Jaggi,Female,45,New Delhi,Delhi,4.9,,8.49,29.57
ORD101615,16-12-2024,Max,Accessories,Seasonal,Asus Seasonal X901,Asus,2,4879,9758,25,7318.5,Credit Card,Returned,2,CUST6084,Ishaan Yadav,Male,45,Chennai,Tamil Nadu,1.2,,4.13,1031.84
ORD103024,21-07-2023,Myntra,Footwear,Sports,Sony Sports X452,Sony,2,4203,8406,10,7565.4,COD,Delivered,9,CUST8275,Uthkarsh Rajagopalan,Male,57,Surat,Gujarat,1.8,,14.93,1898.34
ORD101413,24-02-2025,Amazon,Baby Products,Diapers,Roadster Diapers M852,Roadster,3,3192,9576,5,9097.2,UPI,Delivered,1,CUST6528,Nehmat Dhar,Male,39,Chennai,Tamil Nadu,4.4,,11.22,1150.95
ORD100763,10-05-2025,Amazon,Beauty & Personal Care,Healthcare,Himalaya Healthcare X684,Himalaya,1,2282,2282,10,2053.8,UPI,Returned,3,CUST3463,Advika Koshy,Female,20,Vadodara,Gujarat,3,Size issue,13.61,347.27
ORD100655,12-01-2023,Max,Women's Fashion,Bottoms,Boat Bottoms M245,Boat,1,551,551,5,523.45,COD,Delivered,4,CUST5873,Ayesha Buch,Female,33,Kolkata,West Bengal,4,,7.92,117.15
ORD104797,12-12-2024,Amazon,Beauty & Personal Care,Healthcare,Himalaya Healthcare X748,Himalaya,3,2277,6831,5,6489.45,COD,Delivered,7,CUST4707,Hridaan Issac,Male,22,Bengaluru,Karnataka,4.3,,10.96,520.55
ORD103849,14-01-2025,Max,Women's Fashion,Winter Wear,W Winter Wear X744,W,4,4697,18788,25,14091,Debit Card,Returned,2,CUST2705,Tanya Chana,Male,23,Chennai,Tamil Nadu,1.2,Late delivery,15.2,2311.99
ORD104153,10-02-2025,Myntra,Accessories,Jewelry,Tanishq Jewelry X710,Tanishq,1,15454,15454,0,15454,Wallet,Delivered,3,CUST7823,Khushi Solanki,Male,33,Ahmedabad,Gujarat,1.8,,5.95,2758.6
ORD100468,18-06-2024,Myntra,Clothing,Ethnic Wear,FabIndia Ethnic Wear Z863,FabIndia,2,1905,3810,10,3429,Debit Card,Returned,3,CUST2506,Urvi Sastry,Female,39,New Delhi,Delhi,2.2,Changed mind,7.83,424.62
ORD100157,05-08-2023,Max,Plus Size,Plus Bottoms,Baggit Plus Bottoms X567,Baggit,2,547,1094,10,984.6,COD,Delivered,12,CUST4288,Samiha Sen,Female,62,Lucknow,Uttar Pradesh,3.4,,4.41,120.52
ORD101295,10-04-2023,Myntra,Home & Living,Kitchenware,Hawkins Kitchenware M899,Hawkins,4,2006,8024,40,4814.4,UPI,Delivered,11,CUST8283,Adira Chadha,Female,27,Lucknow,Uttar Pradesh,2.6,,5.4,1013.36
ORD100497,05-03-2023,Flipkart,Electronics,Mobiles,Realme Mobiles Z795,Realme,1,58968,58968,15,50122.8,Debit Card,Delivered,9,CUST4272,Ehsaan Chatterjee,Female,26,Bengaluru,Karnataka,2.3,,5.87,6659.39
ORD104740,24-08-2024,Myntra,Clothing,Western Wear,Campus Sutra Western Wear X175,Campus Sutra,3,5510,16530,40,9918,UPI,Delivered,8,CUST2801,Armaan Gopal,Female,21,Kochi,Kerala,2.2,,9.92,1378.64
ORD102940,02-09-2025,Myntra,Personal Care,Haircare,Titan Haircare S636,Titan,1,5619,5619,5,5338.05,Debit Card,Delivered,4,CUST3970,Kaira Mannan,Male,29,Chennai,Tamil Nadu,2.5,,16.56,1040.6
ORD103456,16-05-2023,Max,Women's Fashion,Bottoms,FabIndia Bottoms X568,FabIndia,1,1472,1472,10,1324.8,Credit Card,Delivered,12,CUST9097,Ishita Dhaliwal,Female,29,Chennai,Tamil Nadu,1.2,,17.77,370.78
ORD100373,23-07-2023,Amazon,Home & Kitchen,Home Decor,FabIndia Home Decor M567,FabIndia,2,1592,3184,0,3184,Credit Card,In Transit,5,CUST2818,Rhea Rama,Female,36,New Delhi,Delhi,4.3,,9.3,806.29
ORD100079,27-11-2023,Max,Men's Fashion,Bottoms,Hawkins Bottoms X945,Hawkins,1,1477,1477,20,1181.6,UPI,Delivered,11,CUST3526,Vivaan Sura,Female,35,Nagpur,Maharashtra,2,,5.31,261.15
ORD101553,07-05-2024,Amazon,Sports & Outdoors,Sportswear,Adidas Sportswear Z944,Adidas,2,7186,14372,10,12934.8,Credit Card,Delivered,3,CUST6361,Lavanya Dass,Male,29,Coimbatore,Tamil Nadu,4.1,,10.19,3268.33
ORD101669,07-12-2024,Myntra,Clothing,Kids Wear,Samsung Kids Wear Z208,Samsung,4,2170,8680,15,7378,UPI,In Transit,7,CUST8307,Charvi Sarna,Male,33,Noida,Uttar Pradesh,2.3,,11.1,2022.68
ORD102131,07-06-2023,Amazon,Electronics,Televisions,LG Televisions M845,LG,1,51145,51145,0,51145,Wallet,Delivered,5,CUST7195,Misha Bhardwaj,Female,45,New Delhi,Delhi,3.8,,17.03,8201.95
ORD104439,27-04-2023,Max,Women's Fashion,Dresses,Patanjali Dresses S101,Patanjali,4,2412,9648,10,8683.2,COD,Delivered,11,CUST3974,Yakshit Bala,Female,62,Chennai,Tamil Nadu,2,,7.85,1966
ORD100465,06-04-2023,Amazon,Sports & Outdoors,Fitness,Decathlon Fitness Z888,Decathlon,1,28803,28803,0,28803,Credit Card,Delivered,8,CUST4633,Hunar Wali,Male,31,Mangalore,Karnataka,4.2,,6.61,6439.05
ORD100248,09-07-2023,Amazon,Books,Books,HarperCollins Books X195,HarperCollins,3,656,1968,0,1968,COD,Delivered,7,CUST3906,Anahi Bail,Male,64,Jaipur,Rajasthan,3.5,,12.33,343.37
ORD100931,26-07-2024,Max,Plus Size,Plus Bottoms,Only Plus Bottoms S227,Only,4,1111,4444,10,3999.6,COD,Delivered,5,CUST7970,Ahana  Sur,Male,16,Kolkata,West Bengal,3,,16.21,440.45
ORD101335,06-12-2024,Amazon,Groceries,Fresh Produce,BigBasket Fresh Produce S117,BigBasket,3,654,1962,20,1569.6,Debit Card,Delivered,3,CUST3153,Manjari Saraf,Female,30,Amritsar,Punjab,4.4,,17.42,96.67
ORD104524,01-08-2025,Flipkart,Home & Furniture,Kitchen Appliances,Ikea Kitchen Appliances Z999,Ikea,3,2290,6870,10,6183,Credit Card,Delivered,2,CUST2720,Yasmin Tella,Male,18,Howrah,West Bengal,2.7,,8.3,843.33
ORD101338,21-02-2023,Myntra,Home & Living,Furnishings,Portico Furnishings X640,Portico,1,7470,7470,5,7096.5,COD,Delivered,4,CUST9327,Samaira Uppal,Female,62,Chennai,Tamil Nadu,1.9,,11.32,1204.13
ORD101406,09-12-2023,Amazon,Sports & Outdoors,Outdoor Gear,Titan Outdoor Gear S670,Titan,4,2076,8304,25,6228,Wallet,Delivered,4,CUST3854,Seher Balay,Male,32,Kolkata,West Bengal,4.7,,6.67,667.06
ORD101090,03-11-2024,Amazon,Sports & Outdoors,Outdoor Gear,Penguin Outdoor Gear S350,Penguin,2,1122,2244,5,2131.8,Credit Card,Delivered,8,CUST5529,Pihu Chaudhari,Female,62,Pune,Maharashtra,3.4,,13.75,548.55
ORD104209,22-07-2023,Flipkart,Home & Furniture,Decor,Maybelline Decor S231,Maybelline,2,2867,5734,10,5160.6,COD,Cancelled,6,CUST6492,Taran Keer,Male,31,Kochi,Kerala,3.7,,9.72,961.83
ORD100742,20-04-2023,Amazon,Sports & Outdoors,Fitness,Decathlon Fitness Z476,Decathlon,1,11337,11337,5,10770.15,UPI,Delivered,7,CUST1050,Tanya Yohannan,Male,62,Noida,Uttar Pradesh,4.6,,17.45,3012.91
ORD102323,25-04-2023,Amazon,Beauty & Personal Care,Makeup,Loreal Makeup Z714,Loreal,2,1214,2428,5,2306.6,COD,In Transit,10,CUST3736,Ahana  Srivastava,Male,30,New Delhi,Delhi,4.5,,5.66,253.22
ORD103601,30-08-2024,Amazon,Electronics,Cameras,Sony Cameras X924,Sony,1,28247,28247,0,28247,UPI,Delivered,4,CUST8764,Lakshit Tata,Male,39,Surat,Gujarat,4.4,,9.87,1952.51
ORD102123,26-07-2024,Flipkart,Beauty & Personal Care,Grooming,Philips Grooming S368,Philips,1,454,454,0,454,Credit Card,Delivered,4,CUST8463,Siya Choudhury,Female,36,Lucknow,Uttar Pradesh,2.7,,15.89,86.67
ORD102094,06-10-2024,Myntra,Accessories,Bags,Baggit Bags S543,Baggit,4,1072,4288,15,3644.8,UPI,Delivered,3,CUST2179,Aniruddh Sankar,Female,18,Kolkata,West Bengal,2.4,,9.57,1021.1
ORD100240,15-05-2023,Amazon,Home & Kitchen,Home Decor,Home Centre Home Decor Z521,Home Centre,4,9161,36644,25,27483,COD,Delivered,8,CUST3384,Ryan Sodhi,Male,19,Vadodara,Gujarat,4.9,,14.07,3311.97
ORD102351,09-07-2025,Max,Accessories,Seasonal,Adidas Seasonal Z935,Adidas,2,4414,8828,10,7945.2,Wallet,Delivered,4,CUST3170,Kiara Walia,Male,52,Kolkata,West Bengal,2.3,,9.84,2049.8
ORD101370,16-06-2024,Amazon,Beauty & Personal Care,Healthcare,Patanjali Healthcare Z187,Patanjali,4,1063,4252,15,3614.2,Debit Card,Delivered,3,CUST1401,Eshani Gopal,Female,42,New Delhi,Delhi,4.3,,4.34,851.71
ORD101057,27-09-2023,Max,Accessories,Seasonal,Samsung Seasonal M986,Samsung,4,2539,10156,15,8632.6,Wallet,Delivered,3,CUST2924,Divyansh Dash,Male,44,Ahmedabad,Gujarat,2.7,,12.35,768.52
ORD104816,03-07-2023,Amazon,Home & Kitchen,Appliances,IFB Appliances X384,IFB,1,34728,34728,0,34728,UPI,Delivered,7,CUST9161,Renee Dugar,Female,18,Madurai,Tamil Nadu,3.9,,6.47,6029.81
ORD100199,19-06-2024,Max,Accessories,Seasonal,Portico Seasonal X893,Portico,1,946,946,30,662.2,UPI,Delivered,8,CUST3135,Adira Choudhury,Female,65,Noida,Uttar Pradesh,1.1,,5.65,123.23
ORD102280,14-11-2024,Flipkart,Grocery,Essentials,Asus Essentials Z151,Asus,1,3220,3220,0,3220,UPI,Delivered,4,CUST2938,Miraya Lata,Female,36,Surat,Gujarat,3.8,,9.08,103.32
ORD104749,29-11-2024,Myntra,Home & Living,Decor,Nike Decor M388,Nike,4,5196,20784,20,16627.2,UPI,Delivered,3,CUST3886,Kanav Sharaf,Male,27,Ahmedabad,Gujarat,1.6,,9.44,1916.97
ORD102220,20-03-2025,Amazon,Electronics,Computers,Asus Computers X923,Asus,1,58384,58384,0,58384,UPI,Delivered,4,CUST2008,Samiha Dugal,Male,30,Chennai,Tamil Nadu,3.4,,11.27,4477.05
ORD104771,01-04-2024,Amazon,Sports & Outdoors,Fitness,HRX Fitness S669,HRX,2,31194,62388,5,59268.6,Credit Card,Delivered,4,CUST6826,Romil Khalsa,Female,26,Lucknow,Uttar Pradesh,4.4,,16.97,6770.49
ORD102819,30-01-2025,Amazon,Fashion,Jewelry,Tanishq Jewelry X401,Tanishq,2,2968,5936,15,5045.6,Credit Card,Delivered,5,CUST3752,Heer Rattan,Female,19,New Delhi,Delhi,3.7,,9.41,1016.1
ORD103150,31-03-2024,Max,Kids' Fashion,Accessories,Portronics Accessories Z638,Portronics,2,955,1910,0,1910,UPI,Delivered,5,CUST6468,Heer Srinivas,Male,26,Ahmedabad,Gujarat,2.1,,7.52,180.41
ORD104256,19-02-2023,Amazon,Groceries,Fresh Produce,LocalFarm Fresh Produce M767,LocalFarm,2,576,1152,0,1152,UPI,Delivered,8,CUST7061,Rhea Devi,Female,50,Howrah,West Bengal,3.2,,16.75,86.28
ORD103107,06-10-2025,Amazon,Baby Products,Apparel,Levis Apparel S855,Levis,3,1169,3507,5,3331.65,UPI,Delivered,2,CUST5462,Manikya Chauhan,Male,46,Pune,Maharashtra,4,,12.72,272.51
ORD101973,08-06-2023,Amazon,Groceries,Essentials,LG Essentials M952,LG,4,5657,22628,0,22628,COD,Delivered,11,CUST4289,Abram Sen,Female,28,Chennai,Tamil Nadu,3.9,,4.73,1712.84
ORD101375,26-07-2024,Amazon,Baby Products,Apparel,Zara Apparel S102,Zara,4,3509,14036,5,13334.2,UPI,Delivered,7,CUST5761,Shayak Kapur,Male,31,Madurai,Tamil Nadu,4.5,,9.97,2102.69
ORD103968,16-05-2025,Flipkart,Automotive,Accessories,Portronics Accessories S300,Portronics,3,3118,9354,0,9354,Debit Card,Delivered,5,CUST8559,Vedika Devi,Female,15,Kochi,Kerala,3.1,,11.33,2305.35
ORD104062,19-01-2024,Amazon,Beauty & Personal Care,Makeup,Lakme Makeup X773,Lakme,4,2463,9852,20,7881.6,Debit Card,Returned,7,CUST6101,Heer Rout,Female,62,Pune,Maharashtra,4.3,Changed mind,15.17,2021.67
ORD104445,20-09-2023,Flipkart,Fashion,Apparel,Levis Apparel Z196,Levis,2,731,1462,5,1388.9,Credit Card,In Transit,7,CUST8097,Ivana Bath,Female,54,Pune,Maharashtra,2.4,,17.91,364.33
ORD103557,01-09-2025,Flipkart,Beauty & Personal Care,Grooming,Philips Grooming S115,Philips,4,1681,6724,0,6724,UPI,Delivered,5,CUST6753,Mehul Sha,Male,36,Lucknow,Uttar Pradesh,2.8,,13.52,1727.66
ORD100964,04-04-2025,Flipkart,"Books, Sports & Gaming",Sporting Goods,LG Sporting Goods Z365,LG,4,1499,5996,5,5696.2,Credit Card,Delivered,4,CUST9195,Aaryahi Tiwari,Female,43,Coimbatore,Tamil Nadu,3.7,,17.99,1593.39
ORD100179,26-07-2025,Myntra,Footwear,Formal,Red Tape Formal M788,Red Tape,4,5970,23880,5,22686,UPI,Delivered,6,CUST4560,Kavya Sen,Female,55,Bengaluru,Karnataka,3,,11.67,3381.58
ORD103698,21-08-2025,Amazon,Electronics,Computers,Asus Computers X233,Asus,1,49592,49592,10,44632.8,UPI,In Transit,3,CUST5127,Misha Sama,Female,33,Chennai,Tamil Nadu,3.8,,6.78,5481.13
ORD103821,15-03-2023,Flipkart,Automotive,Spare Parts,Lakme Spare Parts X435,Lakme,2,6765,13530,15,11500.5,UPI,Delivered,3,CUST7450,Eshani Arya,Male,29,Kolkata,West Bengal,3.5,,4.85,1716.04
ORD104878,23-10-2024,Amazon,Beauty & Personal Care,Makeup,Loreal Makeup X416,Loreal,1,386,386,10,347.4,COD,In Transit,7,CUST3590,Fateh Balasubramanian,Female,33,Surat,Gujarat,4.3,,16.2,69.41
ORD103899,23-12-2024,Flipkart,Automotive,Spare Parts,Portico Spare Parts Z788,Portico,3,6554,19662,0,19662,UPI,Cancelled,7,CUST9773,Divij Bhavsar,Male,30,Bengaluru,Karnataka,3.3,,13.84,4474.53
ORD104487,19-05-2023,Amazon,Books,Books,HarperCollins Books M128,HarperCollins,4,1895,7580,10,6822,COD,Returned,12,CUST4566,Reyansh Bir,Female,42,Pune,Maharashtra,4.9,Late delivery,16.45,951.95
ORD103238,16-06-2023,Myntra,Clothing,Ethnic Wear,FabIndia Ethnic Wear M720,FabIndia,3,3160,9480,5,9006,Credit Card,Delivered,7,CUST8362,Romil Dhaliwal,Female,25,Noida,Uttar Pradesh,2.4,,6.86,1629.19
ORD102974,04-04-2025,Amazon,Baby Products,Feeding Supplies,Nike Feeding Supplies Z753,Nike,1,4014,4014,5,3813.3,UPI,Delivered,4,CUST9806,Shayak Bawa,Female,15,Surat,Gujarat,3.2,,11.93,462.19
ORD103580,28-01-2025,Myntra,Accessories,Bags,Wildcraft Bags X267,Wildcraft,4,5539,22156,5,21048.2,UPI,In Transit,5,CUST8320,Sahil Rau,Female,28,Lucknow,Uttar Pradesh,1.4,,16.1,2078.09
ORD102887,25-03-2024,Amazon,Home & Kitchen,Home Decor,Home Centre Home Decor M934,Home Centre,3,1710,5130,5,4873.5,UPI,Delivered,7,CUST8952,Pihu Bhatt,Male,27,Mangalore,Karnataka,3.9,,17.95,1181.42
ORD102575,22-12-2023,Myntra,Home & Living,Kitchenware,Prestige Kitchenware M475,Prestige,4,4777,19108,20,15286.4,Debit Card,Returned,10,CUST1668,Rhea Dey,Female,18,Noida,Uttar Pradesh,1.3,Defective,9.61,3099.64
ORD101419,13-10-2023,Amazon,Groceries,Essentials,Decathlon Essentials S812,Decathlon,3,288,864,20,691.2,Debit Card,Delivered,6,CUST1053,Siya Bava,Female,53,Surat,Gujarat,4.8,,9.82,51.51
ORD103907,22-04-2025,Amazon,Sports & Outdoors,Fitness,Decathlon Fitness X626,Decathlon,1,26846,26846,0,26846,UPI,Delivered,3,CUST8456,Anahi Sengupta,Female,41,Chennai,Tamil Nadu,4.9,,17.56,2411.94
ORD104673,24-02-2025,Myntra,Personal Care,Fragrances,Adidas Fragrances X183,Adidas,3,2322,6966,30,4876.2,UPI,Delivered,5,CUST4287,Nirvi Rau,Male,34,Mumbai,Maharashtra,1.9,,17.5,539.63
ORD104902,02-04-2024,Amazon,Electronics,Accessories,Boat Accessories M180,Boat,1,4523,4523,10,4070.7,Credit Card,Delivered,2,CUST7833,Krish Raj,Male,20,Noida,Uttar Pradesh,4.7,,10.21,324.15
ORD101860,13-07-2025,Myntra,Home & Living,Decor,Patanjali Decor M853,Patanjali,2,5382,10764,25,8073,UPI,Delivered,4,CUST8278,Vanya Bakshi,Female,18,Bengaluru,Karnataka,2.7,,15.35,2080.85
ORD100008,10-06-2024,Amazon,Baby Products,Apparel,Hawkins Apparel X354,Hawkins,4,1442,5768,5,5479.6,UPI,Delivered,4,CUST2612,Divyansh Apte,Male,45,Mumbai,Maharashtra,3.6,,14.21,1250.12
ORD102894,29-01-2023,Amazon,Books,Books,Penguin Books Z312,Penguin,3,1833,5499,15,4674.15,Credit Card,Delivered,9,CUST2474,Mahika Dutt,Female,22,Pune,Maharashtra,4.3,,15.39,397.51
ORD102847,04-10-2025,Amazon,Books,Books,Penguin Books X706,Penguin,3,148,444,0,444,COD,Delivered,3,CUST2789,Raunak Brahmbhatt,Male,45,Chennai,Tamil Nadu,2.9,,6.39,40.75
ORD103664,25-02-2023,Flipkart,"Books, Sports & Gaming",Gaming,Sony Gaming Z254,Sony,1,61686,61686,5,58601.7,Credit Card,Delivered,10,CUST9306,Kiaan Bhat,Male,21,Chennai,Tamil Nadu,4.1,,6.78,6346.41
ORD100144,12-10-2025,Flipkart,Home & Furniture,Household Essentials,Samsung Household Essentials M705,Samsung,2,3048,6096,0,6096,Credit Card,In Transit,2,CUST3846,Myra Krishnan,Male,49,Nagpur,Maharashtra,1.7,,9.44,1741.9
ORD102104,20-04-2023,Myntra,Home & Living,Furnishings,Portico Furnishings X174,Portico,1,14486,14486,30,10140.2,Debit Card,Delivered,6,CUST8929,Trisha Wadhwa,Male,45,Bengaluru,Karnataka,2.5,,8.67,2890.61
ORD103143,25-02-2024,Myntra,Clothing,Kids Wear,Lakme Kids Wear Z218,Lakme,1,4836,4836,25,3627,COD,Delivered,3,CUST8154,Tara Bhalla,Female,16,Thiruvananthapuram,Kerala,1.8,,10.2,1019.6
ORD100841,09-03-2023,Amazon,Books,Books,Penguin Books Z154,Penguin,1,1448,1448,15,1230.8,Debit Card,Delivered,4,CUST1714,Kashvi Sarraf,Male,26,Kolkata,West Bengal,3.3,,8.41,161.59
ORD101128,19-10-2024,Flipkart,"Books, Sports & Gaming",Sporting Goods,3M Sporting Goods X216,3M,4,2422,9688,10,8719.2,UPI,Delivered,4,CUST3782,Anaya Khurana,Female,32,New Delhi,Delhi,3.3,,5.47,1444.93
ORD100151,01-09-2023,Amazon,Sports & Outdoors,Outdoor Gear,Sony Outdoor Gear M903,Sony,1,2656,2656,0,2656,UPI,Delivered,3,CUST2342,Neelofar Anne,Female,26,Chennai,Tamil Nadu,3.8,,6.9,585.39
ORD103591,19-09-2023,Myntra,Personal Care,Fragrances,Xiaomi Fragrances M217,Xiaomi,1,1991,1991,20,1592.8,COD,Delivered,5,CUST8516,Advika Kata,Male,39,Surat,Gujarat,2.3,,15.26,458.14
ORD101052,15-09-2024,Amazon,Groceries,Essentials,Microsoft Essentials M191,Microsoft,2,4530,9060,5,8607,COD,Cancelled,8,CUST8720,Divit Sha,Female,28,Ahmedabad,Gujarat,3.7,,14.88,519.99
ORD101590,14-06-2024,Amazon,Fashion,Jewelry,Voylla Jewelry X933,Voylla,3,22301,66903,10,60212.7,UPI,Delivered,6,CUST5981,Samiha Chad,Female,45,Ahmedabad,Gujarat,4.1,,8.61,14589.5
ORD103008,17-07-2023,Myntra,Clothing,Kids Wear,Portico Kids Wear Z995,Portico,4,655,2620,15,2227,UPI,Delivered,12,CUST4183,Seher Shenoy,Female,21,Mumbai,Maharashtra,1.4,,5.21,199.18
ORD102029,15-08-2023,Myntra,Clothing,Kids Wear,Himalaya Kids Wear S776,Himalaya,3,5617,16851,15,14323.35,COD,Delivered,9,CUST1817,Anahita Sawhney,Female,19,Bengaluru,Karnataka,1.7,,9.81,1898.55
ORD103418,06-06-2024,Amazon,Sports & Outdoors,Fitness,Decathlon Fitness X795,Decathlon,1,37527,37527,5,35650.65,UPI,Delivered,2,CUST6828,Nirvi Iyengar,Male,25,Surat,Gujarat,4.2,,9.34,3131.47
ORD101807,24-03-2025,Max,Men's Fashion,T-Shirts,IFB T-Shirts Z221,IFB,4,1900,7600,0,7600,UPI,Returned,2,CUST6948,Krish Gala,Male,54,Chennai,Tamil Nadu,1.8,Other,9.1,2012.12
ORD102696,14-08-2023,Myntra,Accessories,Watches,Titan Watches Z335,Titan,2,9148,18296,15,15551.6,COD,Delivered,5,CUST7453,Bhavin Gandhi,Female,34,Pune,Maharashtra,1.8,,13.06,3041.52
ORD103039,18-12-2024,Flipkart,Home & Furniture,Household Essentials,FabIndia Household Essentials X613,FabIndia,4,3842,15368,0,15368,UPI,Delivered,8,CUST2751,Jhanvi Madan,Male,18,Surat,Gujarat,3.4,,17.06,3401.66
ORD100472,13-02-2025,Flipkart,Automotive,Spare Parts,HomeTown Spare Parts S961,HomeTown,4,1136,4544,0,4544,UPI,Delivered,5,CUST1076,Miraya Madan,Male,30,Noida,Uttar Pradesh,2.6,,7.99,1006.98
ORD103289,25-07-2025,Flipkart,"Books, Sports & Gaming",Gaming,Sony Gaming X733,Sony,1,4702,4702,0,4702,Wallet,In Transit,6,CUST3748,Ivan Dixit,Female,29,Noida,Uttar Pradesh,3.1,,10.6,1052.59
ORD104074,13-06-2025,Flipkart,Electronics,Mobiles,Realme Mobiles Z505,Realme,1,80899,80899,5,76854.05,Debit Card,Delivered,3,CUST3934,Misha Chauhan,Male,28,New Delhi,Delhi,3.5,,8.6,7514.46
ORD103496,14-07-2024,Myntra,Personal Care,Haircare,IFB Haircare M415,IFB,3,735,2205,15,1874.25,Debit Card,Delivered,7,CUST9139,Krish Barad,Female,57,Mumbai,Maharashtra,2.3,,17.83,547.6
ORD100279,27-07-2023,Flipkart,Automotive,Spare Parts,HRX Spare Parts S695,HRX,2,4524,9048,20,7238.4,COD,Returned,5,CUST7060,Ishaan Rajagopalan,Male,64,Ahmedabad,Gujarat,2.4,Defective,14.61,846.68
ORD101741,27-12-2023,Flipkart,Automotive,Spare Parts,Portronics Spare Parts M675,Portronics,2,9572,19144,15,16272.4,COD,Delivered,7,CUST1388,Ojas Varma,Male,51,Noida,Uttar Pradesh,3.9,,13.92,3319.27
ORD104624,30-05-2023,Amazon,Beauty & Personal Care,Healthcare,Himalaya Healthcare Z667,Himalaya,2,1180,2360,5,2242,Wallet,Returned,8,CUST1607,Yashvi Dada,Male,47,Jaipur,Rajasthan,3.5,Late delivery,4.57,615.6
ORD102886,12-08-2025,Amazon,Groceries,Snacks,Home Centre Snacks Z771,Home Centre,2,4644,9288,10,8359.2,UPI,Delivered,4,CUST5589,Urvi Kaul,Male,43,Chennai,Tamil Nadu,1.9,,5.36,651.99
ORD101941,13-02-2023,Flipkart,"Books, Sports & Gaming",Gaming,Microsoft Gaming Z909,Microsoft,1,61501,61501,0,61501,Credit Card,Delivered,7,CUST5269,Gatik Kakar,Female,25,Kolkata,West Bengal,3.6,,14.45,13364.71
ORD100100,26-11-2024,Flipkart,"Books, Sports & Gaming",Books,HarperCollins Books S497,HarperCollins,3,1280,3840,5,3648,UPI,Delivered,3,CUST1944,Damini Bhatt,Female,58,Ahmedabad,Gujarat,3.5,,13.91,938.52
ORD102804,24-03-2023,Amazon,Sports & Outdoors,Fitness,HRX Fitness Z475,HRX,2,45158,90316,15,76768.6,COD,In Transit,12,CUST8386,Anika Suri,Male,22,Kochi,Kerala,4,,6.89,19166.55
ORD103570,06-10-2025,Amazon,Electronics,Computers,HP Computers S626,HP,1,121524,121524,10,109371.6,UPI,Delivered,4,CUST8693,Vedika Krishnan,Male,26,Mumbai,Maharashtra,3.7,,17.5,7850.09
ORD103684,12-02-2023,Flipkart,Electronics,Home Electronics,Himalaya Home Electronics S352,Himalaya,3,757,2271,20,1816.8,Credit Card,Delivered,3,CUST2136,Fateh Walla,Male,53,Bengaluru,Karnataka,3.9,,4.71,116.88
ORD103661,19-01-2024,Amazon,Fashion,Bags,Baggit Bags Z815,Baggit,4,4069,16276,20,13020.8,Debit Card,Delivered,2,CUST1725,Ivana Gokhale,Female,30,Ahmedabad,Gujarat,4.8,,16.97,2067.76
ORD100530,19-09-2025,Myntra,Personal Care,Makeup,Maybelline Makeup Z889,Maybelline,3,1786,5358,30,3750.6,UPI,Cancelled,4,CUST8409,Tushar Yogi,Male,28,Bengaluru,Karnataka,2,,14.68,889.67
ORD101886,25-12-2024,Max,Women's Fashion,Dresses,Sony Dresses X532,Sony,3,3057,9171,30,6419.7,COD,Delivered,3,CUST5814,Riya Dugal,Male,56,Pune,Maharashtra,2.5,,13.02,1776.99
ORD100681,21-03-2023,Flipkart,Beauty & Personal Care,Grooming,Philips Grooming Z830,Philips,2,1708,3416,5,3245.2,COD,Delivered,12,CUST4998,Ehsaan Samra,Male,34,Surat,Gujarat,3.3,,16.29,945.47
ORD103794,14-05-2023,Amazon,Sports & Outdoors,Fitness,HRX Fitness S221,HRX,3,26209,78627,20,62901.6,UPI,Delivered,11,CUST7662,Taran Arya,Female,49,Surat,Gujarat,4,,9.23,13842.51
ORD103944,20-05-2024,Amazon,Beauty & Personal Care,Grooming,HUL Grooming X273,HUL,4,5517,22068,10,19861.2,UPI,Delivered,6,CUST2454,Vihaan Kar,Male,20,Ahmedabad,Gujarat,4.8,,8.07,4256.65
ORD104666,27-09-2023,Max,Men's Fashion,Shirts,Patanjali Shirts S276,Patanjali,1,505,505,5,479.75,Credit Card,Returned,10,CUST5720,Mohanlal Barad,Male,21,Noida,Uttar Pradesh,1.7,Late delivery,8.59,77.33
ORD102018,03-10-2023,Myntra,Footwear,Sports,Zara Sports S172,Zara,4,751,3004,20,2403.2,Wallet,Returned,9,CUST9671,Mannat Bail,Female,16,Bengaluru,Karnataka,1,Changed mind,5.04,695.14
ORD101096,09-06-2023,Max,Plus Size,Plus Bottoms,Himalaya Plus Bottoms X623,Himalaya,1,1320,1320,20,1056,Credit Card,Delivered,8,CUST9847,Damini Handa,Male,27,Coimbatore,Tamil Nadu,2.4,,15.3,107.66
ORD100829,17-06-2024,Amazon,Fashion,Shoes,Adidas Shoes S249,Adidas,4,653,2612,30,1828.4,COD,Delivered,3,CUST1808,Zain Brahmbhatt,Female,63,Surat,Gujarat,3.8,,11.24,353.3
ORD102805,20-08-2024,Max,Kids' Fashion,Kids Shoes,Maybelline Kids Shoes X189,Maybelline,1,3468,3468,15,2947.8,Wallet,Delivered,2,CUST8228,Hridaan Gandhi,Male,44,Kolkata,West Bengal,3.3,,17.8,608.24
ORD103829,06-02-2025,Amazon,Baby Products,Diapers,H&M Diapers X912,H&M,1,1625,1625,5,1543.75,Debit Card,Delivered,2,CUST6855,Umang Gade,Male,49,Pune,Maharashtra,4.9,,5.79,319.28
ORD104381,18-01-2025,Myntra,Personal Care,Haircare,Ikea Haircare S907,Ikea,3,644,1932,40,1159.2,UPI,Delivered,6,CUST3733,Mannat Bath,Female,23,Ahmedabad,Gujarat,2,,15.25,211.98
ORD103891,24-01-2023,Myntra,Home & Living,Decor,Maybelline Decor Z416,Maybelline,4,1420,5680,10,5112,Debit Card,Delivered,6,CUST7064,Priyansh Loke,Female,30,Noida,Uttar Pradesh,2.5,,17.64,604.9
ORD100764,23-05-2023,Amazon,Sports & Outdoors,Sportswear,Adidas Sportswear M619,Adidas,3,2037,6111,10,5499.9,UPI,Delivered,5,CUST4765,Pihu Sachdev,Female,63,Surat,Gujarat,5,,15.91,1406.02
ORD102767,05-08-2024,Myntra,Personal Care,Makeup,Maybelline Makeup X942,Maybelline,1,817,817,0,817,UPI,Delivered,8,CUST6118,Vardaniya Sahota,Male,46,Surat,Gujarat,2.1,,13.71,196.36
ORD104328,17-07-2024,Amazon,Sports & Outdoors,Fitness,HRX Fitness X462,HRX,2,6900,13800,0,13800,UPI,Delivered,8,CUST3808,Zara Sodhi,Male,57,Kozhikode,Kerala,3.5,,5.62,2721.2
ORD103295,04-09-2023,Myntra,Accessories,Jewelry,Tanishq Jewelry M398,Tanishq,4,32893,131572,5,124993.4,COD,Delivered,3,CUST2713,Rhea Kaul,Male,27,Bengaluru,Karnataka,4.1,,12.11,34305.96
ORD102194,05-09-2023,Flipkart,Grocery,Fresh,LG Fresh X843,LG,4,4026,16104,10,14493.6,UPI,Delivered,7,CUST2408,Tanya Barman,Male,20,Ahmedabad,Gujarat,3.6,,5.12,920.13
ORD102357,16-10-2023,Max,Accessories,Seasonal,FabIndia Seasonal M352,FabIndia,1,1964,1964,10,1767.6,Credit Card,Delivered,8,CUST6828,Divij Ravi,Male,62,Coimbatore,Tamil Nadu,2.8,,16.72,480.53
ORD103425,23-11-2023,Amazon,Groceries,Essentials,Only Essentials S259,Only,4,3922,15688,0,15688,COD,Delivered,12,CUST2361,Yasmin Chaudry,Male,33,Surat,Gujarat,4.6,,8.88,525.12
ORD103979,06-05-2023,Myntra,Home & Living,Decor,Levis Decor S178,Levis,3,2144,6432,15,5467.2,UPI,Delivered,12,CUST3523,Neelofar Agrawal,Male,29,Chennai,Tamil Nadu,3.4,,10.63,808.99
ORD100911,24-03-2025,Amazon,Books,Books,HarperCollins Books S143,HarperCollins,3,1300,3900,0,3900,UPI,Returned,3,CUST6285,Zain Tiwari,Male,27,Noida,Uttar Pradesh,2.5,Defective,12.3,366.77
ORD103145,19-12-2023,Myntra,Clothing,Western Wear,Roadster Western Wear M635,Roadster,1,1467,1467,5,1393.65,COD,In Transit,12,CUST3861,Indrajit Varkey,Female,22,Ahmedabad,Gujarat,1.8,,12.38,296.59
ORD100999,14-12-2023,Amazon,Home & Kitchen,Kitchenware,Prestige Kitchenware S758,Prestige,1,2157,2157,10,1941.3,COD,Delivered,9,CUST4379,Lavanya Brar,Male,44,Nagpur,Maharashtra,5,,14.49,210.93
ORD103653,29-07-2023,Amazon,Sports & Outdoors,Fitness,HRX Fitness Z608,HRX,4,14385,57540,5,54663,Credit Card,Delivered,8,CUST7999,Emir Sachdeva,Male,60,Madurai,Tamil Nadu,3.5,,17.05,9129.54
ORD102483,23-01-2025,Myntra,Footwear,Casual,Campus Casual X926,Campus,4,2146,8584,25,6438,Debit Card,Delivered,1,CUST4530,Hansh Dugal,Male,16,Lucknow,Uttar Pradesh,2.8,,13.77,1639.3
ORD104076,25-12-2024,Amazon,Electronics,Accessories,Boat Accessories Z956,Boat,3,4070,12210,10,10989,UPI,Delivered,5,CUST7598,Raghav Bumb,Male,41,Thiruvananthapuram,Kerala,4.6,,15.92,1036.3
ORD102370,30-05-2025,Myntra,Footwear,Casual,Campus Casual Z151,Campus,4,1303,5212,5,4951.4,Credit Card,Returned,6,CUST9434,Dharmajan Sood,Female,35,Lucknow,Uttar Pradesh,1.9,Defective,11.96,962.97
ORD104838,30-05-2024,Flipkart,"Books, Sports & Gaming",Sporting Goods,Only Sporting Goods X324,Only,1,2881,2881,0,2881,UPI,Delivered,5,CUST2118,Shanaya Ray,Male,20,Mumbai,Maharashtra,3.4,,4.15,783
ORD100033,05-08-2024,Flipkart,Grocery,Essentials,Lilliput Essentials X803,Lilliput,1,1038,1038,0,1038,COD,Returned,5,CUST5632,Aarav Kamdar,Male,35,Surat,Gujarat,3.9,Late delivery,8.08,43.15
ORD103789,22-09-2025,Myntra,Clothing,Kids Wear,Portronics Kids Wear S438,Portronics,4,1078,4312,40,2587.2,COD,Delivered,5,CUST5606,Zaina Bhagat,Female,31,Noida,Uttar Pradesh,2.2,,5.37,291.47
ORD101020,15-01-2024,Myntra,Home & Living,Kitchenware,Hawkins Kitchenware Z213,Hawkins,4,1174,4696,30,3287.2,UPI,Delivered,5,CUST1610,Jayesh Rastogi,Male,24,New Delhi,Delhi,3.6,,6.01,614.34
ORD101647,31-10-2024,Amazon,Books,Stationery,Nilkamal Stationery S353,Nilkamal,4,1744,6976,15,5929.6,Credit Card,Returned,5,CUST7182,Shamik Golla,Female,41,Pune,Maharashtra,4.6,Late delivery,4.62,829.23
ORD100733,20-12-2023,Flipkart,Electronics,Computers,Dell Computers Z847,Dell,1,86995,86995,5,82645.25,COD,Delivered,6,CUST1802,Aarna Sahni,Female,19,New Delhi,Delhi,3.3,,17.87,8102.84
ORD104582,04-06-2025,Flipkart,Electronics,Home Electronics,Lakme Home Electronics Z358,Lakme,4,4058,16232,5,15420.4,Debit Card,Delivered,3,CUST5350,Advika Krishnamurthy,Male,44,Pune,Maharashtra,2.9,,16.03,2455.26
ORD103274,22-08-2023,Myntra,Accessories,Jewelry,Tanishq Jewelry Z892,Tanishq,2,11108,22216,20,17772.8,UPI,Delivered,11,CUST5275,Rhea Basu,Female,27,Jaipur,Rajasthan,2.5,,6.55,5153.76
ORD101620,06-06-2024,Myntra,Footwear,Formal,Red Tape Formal S489,Red Tape,4,1398,5592,5,5312.4,UPI,Delivered,7,CUST5849,Armaan Johal,Female,45,Mumbai,Maharashtra,2.3,,9.34,1222.8
ORD103135,15-08-2023,Max,Kids' Fashion,Accessories,Boat Accessories S270,Boat,3,610,1830,15,1555.5,UPI,Delivered,4,CUST9914,Anika Jaggi,Female,29,Jaipur,Rajasthan,3.3,,17.4,351.05
ORD102689,22-09-2024,Amazon,Electronics,Cameras,Canon Cameras Z837,Canon,1,77037,77037,10,69333.3,Debit Card,Delivered,6,CUST1887,Yasmin Mall,Female,44,Nagpur,Maharashtra,3.9,,7.88,8295.02
ORD102707,03-06-2023,Myntra,Home & Living,Furnishings,Portico Furnishings X279,Portico,3,10998,32994,15,28044.9,UPI,Delivered,11,CUST9493,Uthkarsh Gola,Male,64,Surat,Gujarat,1.6,,14.05,4826.76
ORD100297,05-05-2025,Flipkart,Electronics,Mobiles,Realme Mobiles M667,Realme,1,13600,13600,20,10880,Credit Card,Delivered,3,CUST3243,Hrishita Konda,Male,25,Bengaluru,Karnataka,3.7,,9.8,1330.14
ORD102339,02-05-2025,Amazon,Electronics,Computers,HP Computers Z921,HP,1,43317,43317,0,43317,Credit Card,Delivered,4,CUST4541,Vritika Krishna,Female,29,Amritsar,Punjab,3.2,,15.2,3484.27
ORD100653,12-02-2023,Amazon,Fashion,Shoes,Nike Shoes M112,Nike,3,6746,20238,20,16190.4,Debit Card,Delivered,3,CUST5134,Amani Dube,Male,42,Bengaluru,Karnataka,4.5,,13.07,2113.79
ORD103774,12-12-2023,Amazon,Groceries,Gourmet Foods,Samsung Gourmet Foods X433,Samsung,1,2027,2027,0,2027,UPI,Delivered,5,CUST5815,Jayesh Bumb,Male,48,Surat,Gujarat,4.6,,16.88,139.71
ORD101255,11-11-2023,Flipkart,Fashion,Apparel,Voylla Apparel Z760,Voylla,2,1756,3512,10,3160.8,COD,Delivered,12,CUST3727,Zaina Vaidya,Male,25,Noida,Uttar Pradesh,3.1,,7.67,324.57
ORD104520,27-12-2023,Myntra,Accessories,Bags,Baggit Bags S724,Baggit,3,3613,10839,15,9213.15,UPI,Delivered,11,CUST3935,Sumer Dora,Female,49,Noida,Uttar Pradesh,2.4,,4.56,1547.96
ORD100230,23-02-2025,Flipkart,Beauty & Personal Care,Grooming,Philips Grooming X138,Philips,4,180,720,0,720,UPI,Returned,2,CUST5521,Umang Mallick,Female,60,Noida,Uttar Pradesh,3,Changed mind,4.3,187.8
ORD103276,20-09-2025,Myntra,Footwear,Sports,Dell Sports S740,Dell,2,2535,5070,10,4563,UPI,Delivered,4,CUST6565,Mehul Din,Male,18,Kolkata,West Bengal,1.2,,16.62,923.34
ORD103230,09-04-2025,Flipkart,Beauty & Personal Care,Makeup,Lakme Makeup X214,Lakme,4,205,820,10,738,Credit Card,Delivered,2,CUST5633,Sara Sharma,Female,40,Chennai,Tamil Nadu,3.2,,6.1,84.61
ORD100691,09-03-2025,Flipkart,Beauty & Personal Care,Makeup,Maybelline Makeup M112,Maybelline,3,2357,7071,5,6717.45,Credit Card,Delivered,2,CUST7461,Nayantara Sem,Female,27,Bengaluru,Karnataka,4,,5.3,1104.72
ORD102754,03-11-2023,Amazon,Sports & Outdoors,Outdoor Gear,BigBasket Outdoor Gear S848,BigBasket,1,2893,2893,5,2748.35,UPI,Delivered,12,CUST2624,Kartik Golla,Female,46,Kochi,Kerala,4.4,,13.06,688.86
ORD104863,10-12-2024,Amazon,Home & Kitchen,Appliances,LG Appliances S347,LG,1,37522,37522,0,37522,UPI,Delivered,2,CUST7675,Alisha Rattan,Male,60,Bengaluru,Karnataka,3.6,,8.15,7317.85
ORD100969,03-01-2025,Flipkart,"Books, Sports & Gaming",Books,Penguin Books S556,Penguin,4,1163,4652,0,4652,UPI,Delivered,5,CUST5080,Indrans Keer,Female,17,Chennai,Tamil Nadu,2.9,,11.21,1072.5
ORD100633,02-09-2023,Myntra,Accessories,Jewelry,Tanishq Jewelry Z497,Tanishq,4,30528,122112,10,109900.8,COD,Delivered,3,CUST7236,Zara Babu,Female,23,Bengaluru,Karnataka,2.3,,14.28,9256.58
ORD104092,18-09-2025,Max,Women's Fashion,Bottoms,Baggit Bottoms S204,Baggit,1,1708,1708,10,1537.2,UPI,Delivered,3,CUST1687,Ivana Sundaram,Female,34,Jaipur,Rajasthan,2.3,,4.55,330.08
ORD104077,06-10-2025,Amazon,Sports & Outdoors,Fitness,Decathlon Fitness S249,Decathlon,4,42556,170224,0,170224,UPI,Delivered,1,CUST7218,Tejas Sura,Female,21,Bengaluru,Karnataka,3.6,,12.94,48364.57
ORD101321,03-10-2023,Flipkart,Automotive,Accessories,JBL Accessories Z185,JBL,2,3048,6096,0,6096,UPI,Delivered,8,CUST4457,Biju Contractor,Female,39,Kolkata,West Bengal,3.5,,15.35,591.38
ORD101831,27-08-2024,Amazon,Sports & Outdoors,Fitness,HRX Fitness S105,HRX,3,17131,51393,10,46253.7,COD,Delivered,3,CUST9032,Neysa Sibal,Male,45,Surat,Gujarat,4.4,,13.67,6988.75
ORD102178,16-12-2024,Amazon,Electronics,Cameras,Nikon Cameras X221,Nikon,1,62276,62276,0,62276,Debit Card,Delivered,3,CUST2534,Kavya Sankar,Male,43,Chennai,Tamil Nadu,3.6,,12.54,5032.61
ORD101417,15-02-2025,Myntra,Personal Care,Fragrances,Only Fragrances X368,Only,3,2117,6351,10,5715.9,UPI,Delivered,4,CUST8773,Tiya Bath,Female,38,Ludhiana,Punjab,1.6,,14.09,1612.73
ORD101782,09-06-2025,Myntra,Personal Care,Skincare,OnePlus Skincare S891,OnePlus,1,3006,3006,10,2705.4,UPI,Delivered,4,CUST7306,Faiyaz Tripathi,Male,40,Pune,Maharashtra,2.7,,10.71,484.69
ORD104715,26-07-2023,Flipkart,Beauty & Personal Care,Grooming,Philips Grooming M808,Philips,4,2380,9520,0,9520,COD,Delivered,5,CUST5844,Damini Shah,Male,17,Surat,Gujarat,2.6,,13.18,2344.61
ORD104701,10-03-2024,Amazon,Electronics,Televisions,Sony Televisions S406,Sony,1,85645,85645,5,81362.75,COD,Delivered,8,CUST1611,Samar Choudhury,Female,32,Kochi,Kerala,4.6,,10.31,6698.38
ORD104118,28-03-2024,Amazon,Baby Products,Apparel,LocalFarm Apparel X158,LocalFarm,4,4322,17288,5,16423.6,UPI,Delivered,5,CUST5582,Hiran Sani,Female,36,Chennai,Tamil Nadu,4.6,,5.33,1712.95
ORD101652,31-10-2023,Amazon,Beauty & Personal Care,Healthcare,Patanjali Healthcare Z503,Patanjali,3,723,2169,10,1952.1,UPI,Delivered,10,CUST8094,Emir Sharma,Male,58,Kochi,Kerala,4.2,,9.21,359.66
ORD101483,23-03-2024,Amazon,Fashion,Watches,Titan Watches M733,Titan,3,11232,33696,10,30326.4,UPI,Delivered,3,CUST5325,Nakul Dhaliwal,Male,45,New Delhi,Delhi,2.9,,17.67,4250.44
ORD102275,29-04-2023,Max,Men's Fashion,Winter Wear,Loreal Winter Wear Z820,Loreal,2,5390,10780,15,9163,UPI,Delivered,12,CUST7705,Ahana  Goda,Male,24,Bengaluru,Karnataka,2.1,,10.49,2295.78
ORD100877,26-01-2023,Max,Plus Size,Plus Tops,Bata Plus Tops Z641,Bata,3,2848,8544,15,7262.4,COD,Delivered,6,CUST3022,Arnav Dara,Male,20,Kolkata,West Bengal,1.5,,17.55,1687.1
ORD103525,09-05-2024,Max,Plus Size,Plus Bottoms,Samsung Plus Bottoms S113,Samsung,1,3813,3813,0,3813,UPI,Returned,6,CUST4549,Abram Hari,Female,26,Kolkata,West Bengal,2.6,,7.4,924.96
ORD102016,14-02-2025,Amazon,Sports & Outdoors,Fitness,Decathlon Fitness Z920,Decathlon,4,1024,4096,0,4096,Credit Card,Delivered,5,CUST3880,Lakshit Chandra,Female,29,Surat,Gujarat,4.8,,11.71,1225.44
ORD100426,24-07-2025,Flipkart,Fashion,Accessories,JBL Accessories S213,JBL,3,1882,5646,10,5081.4,UPI,Delivered,4,CUST1095,Dharmajan Jayaraman,Female,27,New Delhi,Delhi,2.6,,5.96,1241.69
ORD100626,08-04-2024,Flipkart,"Books, Sports & Gaming",Gaming,Microsoft Gaming S502,Microsoft,1,11178,11178,5,10619.1,UPI,Delivered,8,CUST7688,Vedika Rajagopal,Male,27,New Delhi,Delhi,3.1,,9.09,1932.07
ORD101589,26-10-2023,Flipkart,"Books, Sports & Gaming",Gaming,Microsoft Gaming X243,Microsoft,1,62693,62693,5,59558.35,COD,Delivered,8,CUST4228,Raunak Sharaf,Male,16,Chennai,Tamil Nadu,3.4,,7.78,7277.07
ORD102223,11-09-2025,Myntra,Home & Living,Kitchenware,Prestige Kitchenware S356,Prestige,2,6201,12402,5,11781.9,UPI,Delivered,4,CUST6044,Faiyaz Ahluwalia,Female,16,Chennai,Tamil Nadu,1.6,,5.53,1192
ORD102217,29-03-2025,Amazon,Baby Products,Apparel,FabIndia Apparel X182,FabIndia,3,2270,6810,25,5107.5,UPI,Delivered,6,CUST8380,Nitara Balasubramanian,Female,25,Kolkata,West Bengal,5,,7.96,1356.28
ORD104483,23-08-2025,Amazon,Books,Books,HarperCollins Books M220,HarperCollins,1,153,153,5,145.35,Debit Card,Returned,6,CUST8998,Khushi Soman,Female,20,Kochi,Kerala,5,Other,5.37,22.1
ORD101485,25-04-2023,Amazon,Fashion,Jewelry,Voylla Jewelry S588,Voylla,4,2707,10828,15,9203.8,COD,Delivered,12,CUST5909,Divij Chakrabarti,Female,62,Ahmedabad,Gujarat,3.9,,8.07,1601.25
ORD101739,18-12-2023,Amazon,Baby Products,Feeding Supplies,Patanjali Feeding Supplies M255,Patanjali,3,601,1803,15,1532.55,Credit Card,Delivered,11,CUST2098,Umang Chhabra,Female,18,Pune,Maharashtra,4.2,,10.37,143.37
ORD102480,04-01-2024,Amazon,Groceries,Fresh Produce,BigBasket Fresh Produce Z418,BigBasket,2,1107,2214,0,2214,UPI,Delivered,5,CUST7585,Taran Suresh,Female,17,Ahmedabad,Gujarat,5,,5.49,142.28
ORD102584,11-07-2025,Flipkart,Beauty & Personal Care,Grooming,Philips Grooming X234,Philips,3,3786,11358,0,11358,Wallet,Delivered,3,CUST6687,Eva Chaudhary,Female,19,Kolkata,West Bengal,2.4,,4.13,3210.17
ORD102893,18-04-2024,Amazon,Beauty & Personal Care,Healthcare,Patanjali Healthcare X912,Patanjali,1,1024,1024,15,870.4,UPI,Delivered,3,CUST2593,Veer Randhawa,Female,30,Kozhikode,Kerala,3.5,,8.4,154.86
ORD100149,31-01-2024,Flipkart,"Books, Sports & Gaming",Books,HarperCollins Books M207,HarperCollins,3,1308,3924,0,3924,UPI,Delivered,7,CUST1547,Vanya Lall,Female,27,Mangalore,Karnataka,2.7,,7.16,703.51
ORD100676,05-10-2023,Max,Plus Size,Plus Bottoms,Penguin Plus Bottoms S372,Penguin,3,1017,3051,5,2898.45,UPI,In Transit,7,CUST5539,Nehmat Bala,Male,17,Chennai,Tamil Nadu,3.1,,17.87,604
ORD101261,23-09-2024,Max,Plus Size,Plus Bottoms,Canon Plus Bottoms S516,Canon,3,2446,7338,10,6604.2,Credit Card,Delivered,4,CUST4010,Armaan Agrawal,Female,36,Ahmedabad,Gujarat,2.9,,17.83,969.41
ORD104917,05-06-2023,Flipkart,Electronics,Mobiles,Xiaomi Mobiles S979,Xiaomi,1,69991,69991,0,69991,COD,Delivered,8,CUST7513,Seher Edwin,Male,58,New Delhi,Delhi,3.7,,9.32,4655.78
ORD100012,29-07-2023,Myntra,Accessories,Wallets,Philips Wallets M261,Philips,4,1975,7900,25,5925,COD,Delivered,4,CUST2127,Shlok Bhatti,Female,24,Noida,Uttar Pradesh,2.4,,7.71,1690.5
ORD101833,11-11-2024,Amazon,Baby Products,Diapers,Dell Diapers Z423,Dell,3,527,1581,10,1422.9,Debit Card,Delivered,2,CUST1807,Arhaan Badami,Female,26,Coimbatore,Tamil Nadu,3.8,,17.98,410.96
ORD103248,03-06-2024,Max,Kids' Fashion,Kids Shoes,Bata Kids Shoes X803,Bata,3,4894,14682,0,14682,COD,Delivered,8,CUST3993,Kimaya Chahal,Male,40,Noida,Uttar Pradesh,2.3,,8.11,3893.23
ORD101491,07-06-2023,Max,Men's Fashion,T-Shirts,Sony T-Shirts Z607,Sony,3,3460,10380,5,9861,COD,Delivered,7,CUST4493,Divij Iyengar,Female,21,Chennai,Tamil Nadu,1,,4.58,902.04
ORD102727,16-10-2025,Amazon,Electronics,Televisions,LG Televisions M563,LG,1,58509,58509,0,58509,Credit Card,Delivered,6,CUST3477,Nishith Barad,Male,22,Lucknow,Uttar Pradesh,4.7,,14.53,8289.67
ORD103686,17-07-2023,Myntra,Personal Care,Skincare,Asus Skincare X114,Asus,3,4446,13338,10,12004.2,Debit Card,Delivered,7,CUST5265,Ishaan Dara,Female,16,New Delhi,Delhi,2,,15.36,2948.59
ORD101424,19-03-2024,Amazon,Groceries,Fresh Produce,BigBasket Fresh Produce S649,BigBasket,3,290,870,20,696,Debit Card,Delivered,5,CUST5464,Shamik Sarma,Male,20,Kochi,Kerala,3.1,,8.43,54.02
ORD104605,19-11-2024,Flipkart,Automotive,Accessories,Boat Accessories M794,Boat,3,3072,9216,5,8755.2,Wallet,Delivered,6,CUST8848,Yuvaan Bhakta,Male,26,New Delhi,Delhi,2.9,,9.56,1195
ORD104595,27-12-2023,Amazon,Home & Kitchen,Appliances,Samsung Appliances M808,Samsung,1,28336,28336,15,24085.6,Credit Card,Delivered,5,CUST5239,Vanya Dutta,Male,57,Pune,Maharashtra,4.5,,14.57,2319.33
ORD100731,11-04-2023,Flipkart,Grocery,Fresh,Portico Fresh S714,Portico,1,3680,3680,25,2760,COD,Delivered,11,CUST5273,Mehul Ratta,Male,42,Pune,Maharashtra,3.1,,13.04,186.65
ORD101231,24-12-2024,Max,Kids' Fashion,Kids Apparel,Wildcraft Kids Apparel Z420,Wildcraft,2,742,1484,20,1187.2,Debit Card,Delivered,8,CUST5024,Kimaya Khosla,Male,42,Bengaluru,Karnataka,2.2,,4.86,270.94
ORD101634,08-09-2025,Amazon,Electronics,Mobiles,Realme Mobiles X469,Realme,1,71565,71565,0,71565,UPI,Delivered,6,CUST6624,Chirag Choudhary,Male,29,Bengaluru,Karnataka,2.7,,11.97,10902.83
ORD103936,05-07-2023,Myntra,Footwear,Sports,Samsung Sports X893,Samsung,3,4007,12021,10,10818.9,COD,Delivered,10,CUST4443,Nitya Bhakta,Male,39,Noida,Uttar Pradesh,2.6,,15.31,3043.69
ORD101210,20-05-2025,Flipkart,Grocery,Essentials,LG Essentials M156,LG,3,1429,4287,0,4287,Credit Card,Delivered,6,CUST1560,Divit Ben,Female,47,Noida,Uttar Pradesh,2.4,,7.42,234.58
ORD103268,24-07-2025,Amazon,Books,Stationery,FabIndia Stationery S349,FabIndia,3,740,2220,5,2109,COD,Delivered,6,CUST1365,Fateh Singh,Female,30,Kolkata,West Bengal,4.4,,15.43,291.1
ORD101934,09-10-2025,Max,Plus Size,Plus Bottoms,Voylla Plus Bottoms X932,Voylla,3,3215,9645,0,9645,UPI,Returned,5,CUST7051,Devansh Balay,Female,32,Kochi,Kerala,2,Size issue,14.07,1856.22
ORD100553,12-05-2023,Flipkart,"Books, Sports & Gaming",Sporting Goods,Loreal Sporting Goods X904,Loreal,4,4514,18056,5,17153.2,COD,Delivered,10,CUST6489,Pari Shankar,Female,27,Lucknow,Uttar Pradesh,3.3,,11.03,4319.53
ORD100491,28-05-2023,Flipkart,"Books, Sports & Gaming",Books,Penguin Books S206,Penguin,3,1164,3492,10,3142.8,Wallet,Delivered,6,CUST2983,Miraya Lall,Male,50,Coimbatore,Tamil Nadu,2.8,,5.61,251.45
ORD102962,16-04-2025,Max,Men's Fashion,T-Shirts,Nike T-Shirts M699,Nike,3,4033,12099,0,12099,UPI,Returned,4,CUST7945,Ivana Bhatt,Female,23,Kochi,Kerala,1,Size issue,17.33,1743.51
ORD102329,16-10-2023,Myntra,Personal Care,Fragrances,Hawkins Fragrances S463,Hawkins,3,2623,7869,5,7475.55,COD,Delivered,8,CUST1877,Ayesha Chadha,Female,41,Bengaluru,Karnataka,1.5,,16.59,2164
ORD102195,03-03-2023,Amazon,Home & Kitchen,Appliances,Samsung Appliances M366,Samsung,1,12506,12506,15,10630.1,COD,Delivered,5,CUST8763,Trisha Swamy,Female,43,Chennai,Tamil Nadu,3.8,,10.25,1433.67
ORD103064,22-01-2024,Max,Kids' Fashion,Kids Apparel,Biba Kids Apparel X159,Biba,3,2897,8691,5,8256.45,UPI,In Transit,2,CUST8100,Riya Bobal,Female,36,Noida,Uttar Pradesh,1.9,,10.61,2471.47
ORD100657,08-03-2023,Amazon,Sports & Outdoors,Fitness,Decathlon Fitness M992,Decathlon,4,10538,42152,0,42152,Debit Card,Delivered,7,CUST4321,Jhanvi Ghosh,Male,29,Kolkata,West Bengal,3.6,,13.94,10038.57
ORD102374,21-09-2024,Myntra,Personal Care,Fragrances,Nike Fragrances S428,Nike,2,4199,8398,25,6298.5,UPI,Delivered,8,CUST7060,Adah Kanda,Female,25,Mumbai,Maharashtra,2.4,,7.46,1185.43
ORD102225,27-09-2025,Myntra,Clothing,Western Wear,Campus Sutra Western Wear X400,Campus Sutra,3,3513,10539,10,9485.1,UPI,Delivered,6,CUST4148,Shlok Dugar,Female,56,Kochi,Kerala,2.2,,13.06,2812.86
ORD104264,14-09-2025,Flipkart,Automotive,Accessories,Boat Accessories M789,Boat,2,1526,3052,0,3052,COD,Delivered,5,CUST7032,Vivaan Das,Male,36,Kolkata,West Bengal,3.7,,5.24,457.99
ORD101170,07-07-2025,Flipkart,Beauty & Personal Care,Makeup,Loreal Makeup S779,Loreal,1,1407,1407,20,1125.6,UPI,Delivered,1,CUST6836,Jayesh Borde,Female,17,Ahmedabad,Gujarat,3.9,,15.57,185.48
ORD100132,12-02-2024,Flipkart,Beauty & Personal Care,Grooming,HUL Grooming S159,HUL,2,1531,3062,5,2908.9,UPI,Delivered,6,CUST2083,Zain Balay,Female,32,New Delhi,Delhi,2.8,,14.69,648.58
ORD100471,16-01-2024,Amazon,Books,Books,Penguin Books Z798,Penguin,3,582,1746,5,1658.7,UPI,In Transit,4,CUST2686,Anika Kant,Male,15,Ahmedabad,Gujarat,4.3,,12.43,237.64
ORD103225,20-04-2024,Amazon,Home & Kitchen,Home Decor,Home Centre Home Decor S987,Home Centre,2,6470,12940,0,12940,UPI,Delivered,7,CUST1401,Shayak Ramaswamy,Female,39,Ahmedabad,Gujarat,4.4,,9.33,2290.76
ORD101405,10-11-2023,Amazon,Electronics,Accessories,JBL Accessories Z134,JBL,4,3497,13988,0,13988,UPI,Delivered,3,CUST9072,Kashvi Karan,Male,33,Mumbai,Maharashtra,4,,4.02,1055.59
ORD102876,02-07-2023,Amazon,Books,Books,Penguin Books X489,Penguin,1,259,259,15,220.15,Wallet,Delivered,8,CUST2465,Mamooty Doctor,Female,24,Pune,Maharashtra,4.8,,14.99,32.34
ORD104504,27-05-2024,Myntra,Clothing,Ethnic Wear,FabIndia Ethnic Wear S269,FabIndia,3,3251,9753,30,6827.1,UPI,Delivered,8,CUST6172,Oorja Shan,Male,20,Kolkata,West Bengal,2.3,,7.26,564.58
ORD104692,16-01-2023,Max,Accessories,Shoes,Nike Shoes Z284,Nike,3,4486,13458,5,12785.1,COD,Delivered,12,CUST2662,Rhea Reddy,Female,20,New Delhi,Delhi,2.1,,17.58,2845.21
ORD102826,24-08-2024,Amazon,Baby Products,Feeding Supplies,Adidas Feeding Supplies M972,Adidas,2,3674,7348,15,6245.8,Credit Card,Delivered,8,CUST2075,Samaira Acharya,Female,35,Bengaluru,Karnataka,3.8,,15.79,1555.45
ORD100287,16-11-2024,Amazon,Baby Products,Feeding Supplies,Prestige Feeding Supplies X403,Prestige,2,3967,7934,5,7537.3,Credit Card,Delivered,7,CUST7305,Aayush Chokshi,Male,60,Noida,Uttar Pradesh,3.6,,4.02,1643.18
ORD101869,24-10-2023,Amazon,Home & Kitchen,Kitchenware,Prestige Kitchenware S445,Prestige,4,4096,16384,10,14745.6,COD,Delivered,11,CUST7983,Hunar Ratta,Male,55,Jaipur,Rajasthan,3.3,,17.9,1654.63
ORD103114,15-05-2023,Amazon,Groceries,Fresh Produce,LocalFarm Fresh Produce Z364,LocalFarm,2,378,756,0,756,COD,Delivered,10,CUST3479,Ela Bains,Male,23,New Delhi,Delhi,4.1,,14.71,26.76
ORD103625,10-05-2025,Amazon,Beauty & Personal Care,Grooming,Philips Grooming M552,Philips,1,5514,5514,10,4962.6,Wallet,Delivered,3,CUST9422,Farhan Raman,Female,26,Pune,Maharashtra,4.6,,17.35,1145
ORD102312,17-08-2023,Amazon,Books,Books,HarperCollins Books X749,HarperCollins,2,217,434,10,390.6,COD,Delivered,10,CUST2332,Priyansh Goyal,Male,20,Pune,Maharashtra,3.6,,17.99,50.19
ORD104923,25-12-2023,Flipkart,Beauty & Personal Care,Grooming,Philips Grooming M305,Philips,4,2124,8496,5,8071.2,COD,Delivered,11,CUST1527,Anahi Barad,Female,18,Ahmedabad,Gujarat,2.4,,15.27,831.36
ORD101618,11-02-2025,Amazon,Beauty & Personal Care,Makeup,Lakme Makeup S367,Lakme,4,2346,9384,0,9384,Credit Card,Delivered,6,CUST2656,Lakshit Dass,Female,28,Kolkata,West Bengal,4.3,,17.45,1810.68
ORD100994,25-05-2023,Amazon,Fashion,Bags,Wildcraft Bags S552,Wildcraft,4,1389,5556,10,5000.4,COD,Delivered,6,CUST6028,Rasha Upadhyay,Male,16,Amritsar,Punjab,3,,7.03,935.42
ORD101803,09-01-2025,Max,Kids' Fashion,Kids Shoes,JBL Kids Shoes X264,JBL,3,3535,10605,20,8484,Wallet,Delivered,1,CUST5971,Shalv Dani,Male,28,Kozhikode,Kerala,2.1,,9.75,1453.01
ORD102642,02-02-2023,Flipkart,Beauty & Personal Care,Grooming,Philips Grooming S264,Philips,2,3344,6688,0,6688,UPI,Delivered,3,CUST2449,Kimaya Mandal,Male,49,Ahmedabad,Gujarat,3.3,,8.45,1613.74
ORD104802,04-05-2025,Max,Plus Size,Plus Bottoms,Roadster Plus Bottoms S251,Roadster,1,1249,1249,5,1186.55,Credit Card,Delivered,2,CUST4344,Dhanuk Shenoy,Male,20,Kanpur,Uttar Pradesh,2.9,,8.11,225.24
ORD103535,22-10-2024,Max,Accessories,Bags,Baggit Bags X563,Baggit,4,1295,5180,25,3885,UPI,Delivered,4,CUST9692,Indranil Bhatia,Female,22,Surat,Gujarat,3.5,,16.96,483.04
ORD104831,10-08-2025,Amazon,Electronics,Cameras,Sony Cameras S132,Sony,1,34143,34143,15,29021.55,Credit Card,Delivered,2,CUST8323,Inaaya  Chakraborty,Male,28,Pune,Maharashtra,4.1,,4.2,3094.52
ORD103911,07-06-2024,Flipkart,Fashion,Apparel,Nike Apparel Z860,Nike,4,2960,11840,5,11248,UPI,Delivered,6,CUST4672,Vanya Ghose,Male,28,Bengaluru,Karnataka,2.2,,7.51,3301.29
ORD102107,12-01-2025,Amazon,Beauty & Personal Care,Healthcare,Himalaya Healthcare Z845,Himalaya,1,603,603,10,542.7,Debit Card,Delivered,1,CUST2256,Purab Jhaveri,Female,31,New Delhi,Delhi,3.8,,13.5,138.46
ORD103044,23-08-2023,Amazon,Sports & Outdoors,Fitness,HRX Fitness Z637,HRX,2,7387,14774,5,14035.3,UPI,Delivered,4,CUST5089,Yashvi Golla,Female,15,Chennai,Tamil Nadu,4.4,,11.06,3202.69
ORD100416,02-04-2024,Myntra,Clothing,Ethnic Wear,FabIndia Ethnic Wear Z243,FabIndia,1,4779,4779,30,3345.3,COD,Delivered,4,CUST5068,Zain Issac,Male,20,New Delhi,Delhi,2.4,,17.68,752.01
ORD100977,25-12-2023,Flipkart,"Books, Sports & Gaming",Books,HarperCollins Books Z459,HarperCollins,2,369,738,5,701.1,COD,Delivered,5,CUST9345,Dhanuk Bandi,Female,63,Kochi,Kerala,3.4,,9.52,208.3
ORD102417,22-11-2024,Myntra,Footwear,Casual,Sparx Casual X726,Sparx,2,2203,4406,10,3965.4,UPI,Delivered,7,CUST4591,Krish Dara,Male,16,Kanpur,Uttar Pradesh,1.9,,17.05,412.38
ORD100505,06-11-2023,Max,Accessories,Shoes,Adidas Shoes M859,Adidas,3,6593,19779,15,16812.15,COD,Delivered,12,CUST3246,Nehmat Khosla,Female,23,Lucknow,Uttar Pradesh,2.1,,10.81,1635.12
ORD104152,25-03-2023,Amazon,Electronics,Cameras,Nikon Cameras X406,Nikon,1,35814,35814,10,32232.6,COD,Delivered,7,CUST6569,Samiha Golla,Female,21,Jaipur,Rajasthan,4.1,,8.94,5381.93
ORD104255,23-03-2023,Amazon,Electronics,Cameras,Sony Cameras X388,Sony,1,73312,73312,20,58649.6,COD,Returned,5,CUST4127,Oorja Subramaniam,Male,31,Madurai,Tamil Nadu,3.9,Other,12.8,6691.02
ORD103941,23-12-2023,Max,Kids' Fashion,Kids Apparel,Adidas Kids Apparel Z823,Adidas,1,1471,1471,5,1397.45,COD,Delivered,12,CUST5139,Aaryahi Ramanathan,Female,38,Kozhikode,Kerala,2.3,,6.16,237.45
ORD100414,30-10-2024,Flipkart,Electronics,Mobiles,Samsung Mobiles M165,Samsung,1,9983,9983,5,9483.85,UPI,Delivered,8,CUST5888,Raghav Kulkarni,Male,22,Ahmedabad,Gujarat,2.7,,18,1340.6
ORD104148,26-03-2025,Myntra,Footwear,Sports,Bata Sports X912,Bata,2,2996,5992,30,4194.4,UPI,Delivered,2,CUST6821,Tara Sabharwal,Female,56,Lucknow,Uttar Pradesh,2.3,,11.59,454.85
ORD101183,24-11-2023,Max,Men's Fashion,Winter Wear,Nike Winter Wear X844,Nike,2,4115,8230,0,8230,COD,Delivered,11,CUST2080,Yuvraj  Khanna,Male,45,Ahmedabad,Gujarat,3.4,,15.49,1724.2
ORD100485,23-06-2024,Amazon,Books,Stationery,Apple Stationery Z801,Apple,3,462,1386,5,1316.7,Credit Card,Delivered,8,CUST6685,Shray Mander,Female,35,Mangalore,Karnataka,3.8,,10.37,258.31
ORD100893,02-08-2025,Amazon,Sports & Outdoors,Fitness,Decathlon Fitness M382,Decathlon,3,43002,129006,5,122555.7,UPI,Delivered,5,CUST5007,Miraan Seth,Male,23,Kolkata,West Bengal,3.6,,5.7,25156.37
ORD100805,08-11-2023,Flipkart,Fashion,Apparel,FabIndia Apparel M584,FabIndia,2,2685,5370,10,4833,UPI,Cancelled,5,CUST9848,Samar Walia,Female,57,Mumbai,Maharashtra,3,,4.86,413.96
ORD100555,12-12-2023,Myntra,Clothing,Kids Wear,Portronics Kids Wear S748,Portronics,1,2759,2759,10,2483.1,COD,Delivered,11,CUST2377,Jivika Basu,Male,28,Madurai,Tamil Nadu,2.3,,14.34,334.47
ORD103825,07-06-2023,Myntra,Accessories,Watches,Fastrack Watches X617,Fastrack,2,3858,7716,40,4629.6,Credit Card,Delivered,5,CUST4536,Ryan Wadhwa,Female,20,Bengaluru,Karnataka,2.4,,11.25,1254.97
ORD101197,04-08-2025,Flipkart,Grocery,Fresh,LG Fresh M918,LG,2,3895,7790,10,7011,UPI,Delivered,5,CUST1518,Nirvaan Kalla,Male,28,New Delhi,Delhi,3.2,,13.67,514.09
ORD104253,28-05-2025,Flipkart,Fashion,Footwear,Roadster Footwear M523,Roadster,4,2400,9600,30,6720,UPI,Delivered,3,CUST4097,Chirag Virk,Female,40,Kolkata,West Bengal,2.3,,9.76,1803.68
ORD104058,01-05-2024,Amazon,Books,Stationery,Portronics Stationery M859,Portronics,2,699,1398,20,1118.4,COD,Delivered,2,CUST8095,Kavya Gala,Male,22,Bengaluru,Karnataka,3.4,,13.46,103.17
ORD101293,08-03-2025,Myntra,Footwear,Sports,LG Sports X699,LG,1,4724,4724,20,3779.2,Wallet,Delivered,3,CUST3606,Aayush Manda,Female,18,Kolkata,West Bengal,1.9,,12.77,440.68
ORD102221,13-07-2023,Amazon,Electronics,Accessories,Portronics Accessories M411,Portronics,3,268,804,0,804,COD,Delivered,9,CUST1038,Diya Devi,Male,45,Mumbai,Maharashtra,3.8,,5.05,132.04
ORD103504,24-09-2023,Max,Men's Fashion,T-Shirts,Ikea T-Shirts Z414,Ikea,4,1965,7860,10,7074,COD,Delivered,9,CUST7508,Damini Sachar,Male,21,Jaipur,Rajasthan,1.7,,6.18,1912.27
ORD103654,14-08-2025,Myntra,Home & Living,Furnishings,Portico Furnishings X932,Portico,3,10185,30555,20,24444,UPI,Returned,1,CUST7377,Vaibhav Bedi,Male,21,New Delhi,Delhi,1.2,,8.56,6491.77
ORD104758,03-10-2025,Max,Accessories,Bags,Baggit Bags Z577,Baggit,4,1038,4152,20,3321.6,Debit Card,Delivered,3,CUST3093,Anay Randhawa,Female,40,Jaipur,Rajasthan,2.9,,11.11,406.46
ORD103006,27-08-2025,Myntra,Footwear,Casual,Sparx Casual X692,Sparx,3,2982,8946,10,8051.4,UPI,Delivered,1,CUST2578,Yasmin Thakkar,Female,64,New Delhi,Delhi,1.5,,14.05,969.8
ORD102093,26-06-2025,Max,Men's Fashion,Shirts,HP Shirts S405,HP,1,4467,4467,40,2680.2,UPI,Returned,4,CUST4115,Himmat Swaminathan,Male,40,Ahmedabad,Gujarat,1.6,Other,7.52,801.47
ORD102187,13-05-2024,Flipkart,Automotive,Spare Parts,BigBasket Spare Parts X190,BigBasket,1,5709,5709,10,5138.1,Debit Card,Delivered,5,CUST9569,Manjari Srinivas,Male,27,Noida,Uttar Pradesh,3.8,,10.89,1242.05
ORD103036,20-11-2023,Flipkart,Beauty & Personal Care,Grooming,HUL Grooming S167,HUL,2,2905,5810,5,5519.5,Credit Card,Returned,8,CUST5685,Anay Gade,Female,42,Kozhikode,Kerala,3.4,Other,4.67,633.21
ORD103918,30-12-2023,Amazon,Books,Stationery,Campus Sutra Stationery Z589,Campus Sutra,2,1584,3168,20,2534.4,COD,Delivered,11,CUST6522,Pihu Rama,Male,31,New Delhi,Delhi,3.9,,11.43,367.72
ORD101272,09-09-2023,Amazon,Electronics,Cameras,Nikon Cameras M688,Nikon,1,55138,55138,0,55138,Wallet,Delivered,10,CUST4584,Aaina Mall,Female,37,Chennai,Tamil Nadu,3.4,,9.59,5078.94
ORD100290,27-09-2024,Amazon,Fashion,Shoes,Adidas Shoes Z455,Adidas,4,8319,33276,10,29948.4,Wallet,Delivered,7,CUST1371,Tarini Basak,Female,17,Mangalore,Karnataka,4.2,,6.86,8668.96
ORD104827,11-11-2024,Flipkart,Home & Furniture,Decor,HomeTown Decor M699,HomeTown,2,1026,2052,15,1744.2,UPI,Delivered,5,CUST3642,Ela Ray,Male,19,Ludhiana,Punjab,3.6,,9.34,508.45
ORD100252,05-12-2023,Myntra,Personal Care,Makeup,Maybelline Makeup S691,Maybelline,2,1956,3912,30,2738.4,UPI,Delivered,9,CUST6169,Gatik Devi,Female,38,Ahmedabad,Gujarat,2.4,,11.3,559.42
ORD103245,05-11-2024,Flipkart,Automotive,Accessories,JBL Accessories Z121,JBL,1,670,670,15,569.5,COD,Delivered,4,CUST2607,Prisha Bawa,Male,60,Kolkata,West Bengal,2.9,,12.29,119.01
ORD100350,19-10-2023,Myntra,Home & Living,Kitchenware,Hawkins Kitchenware X478,Hawkins,2,1110,2220,15,1887,COD,Delivered,5,CUST3130,Mohanlal Kapur,Male,39,Chennai,Tamil Nadu,1.9,,5.15,176.78
ORD101187,22-02-2024,Myntra,Accessories,Bags,Wildcraft Bags Z657,Wildcraft,4,4095,16380,30,11466,UPI,Delivered,3,CUST4551,Neelofar Khalsa,Female,30,Thiruvananthapuram,Kerala,2.3,,13.21,2286.23
ORD101961,06-08-2024,Amazon,Home & Kitchen,Appliances,Samsung Appliances S498,Samsung,1,33971,33971,5,32272.45,UPI,Returned,4,CUST5967,Manikya Manda,Male,42,Chennai,Tamil Nadu,2.9,Late delivery,17,5625.83
ORD100422,17-06-2024,Max,Men's Fashion,Bottoms,HarperCollins Bottoms S591,HarperCollins,4,4509,18036,25,13527,UPI,Returned,3,CUST1175,Kaira Gopal,Male,24,Jaipur,Rajasthan,1.4,Other,17.01,3487.75
ORD100090,30-10-2024,Max,Plus Size,Plus Bottoms,OnePlus Plus Bottoms Z906,OnePlus,3,1641,4923,0,4923,Credit Card,Delivered,7,CUST3880,Raghav Tella,Male,35,Kanpur,Uttar Pradesh,2.3,,16.79,583.45
ORD103729,15-06-2024,Max,Accessories,Shoes,Nike Shoes X736,Nike,1,4893,4893,30,3425.1,UPI,Delivered,6,CUST3672,Aaina Bala,Female,57,Howrah,West Bengal,1.7,,10.6,809.97
ORD102236,14-05-2023,Amazon,Home & Kitchen,Appliances,LG Appliances M761,LG,1,36901,36901,0,36901,COD,Delivered,4,CUST1422,Dhanush Banerjee,Female,39,Coimbatore,Tamil Nadu,4.5,,11.72,5764.2
ORD100670,21-05-2023,Amazon,Beauty & Personal Care,Grooming,Philips Grooming S352,Philips,4,2872,11488,0,11488,COD,Delivered,4,CUST2114,Elakshi Bhardwaj,Male,30,Chennai,Tamil Nadu,4.4,,11.14,3095.57
ORD103040,27-07-2024,Flipkart,Home & Furniture,Household Essentials,Apple Household Essentials X948,Apple,4,1096,4384,10,3945.6,UPI,Delivered,5,CUST3897,Advika Thakkar,Male,18,Kolkata,West Bengal,3.7,,5.11,1060.44
ORD100026,17-12-2024,Amazon,Books,Books,HarperCollins Books X915,HarperCollins,3,305,915,0,915,UPI,Delivered,5,CUST4978,Arnav Sodhi,Male,33,Pune,Maharashtra,4.6,,12.29,164.4
ORD100429,24-02-2025,Amazon,Groceries,Gourmet Foods,Adidas Gourmet Foods X985,Adidas,2,1364,2728,15,2318.8,UPI,Delivered,4,CUST3395,Tejas Barman,Female,18,Kozhikode,Kerala,4.9,,4.54,184.39
ORD100683,19-02-2023,Myntra,Clothing,Kids Wear,Nike Kids Wear X337,Nike,3,773,2319,30,1623.3,UPI,Delivered,7,CUST7708,Keya Deep,Female,16,New Delhi,Delhi,2,,16.19,196.3
ORD104463,26-03-2023,Amazon,Electronics,Computers,Lenovo Computers Z817,Lenovo,1,50807,50807,15,43185.95,Credit Card,Delivered,9,CUST7938,Samiha Dhingra,Male,30,Surat,Gujarat,4.3,,13.82,3780.54
ORD103945,30-05-2025,Amazon,Books,Stationery,3M Stationery S191,3M,2,2299,4598,15,3908.3,UPI,Delivered,5,CUST3704,Ela Sidhu,Female,23,Ahmedabad,Gujarat,3.5,,15.67,756.54
ORD103523,10-03-2025,Max,Plus Size,Plus Bottoms,BigBasket Plus Bottoms X445,BigBasket,2,1376,2752,20,2201.6,UPI,Delivered,1,CUST1854,Arhaan Dugal,Male,53,Mumbai,Maharashtra,1.5,,14.1,233.8
ORD101541,22-06-2024,Myntra,Accessories,Bags,Baggit Bags X444,Baggit,2,3773,7546,10,6791.4,COD,Delivered,6,CUST6982,Mehul Gola,Female,21,Surat,Gujarat,2.1,,8.81,1844.42
ORD102031,05-02-2024,Amazon,Electronics,Computers,HP Computers X243,HP,1,148174,148174,15,125947.9,UPI,Delivered,4,CUST3643,Divit Bora,Male,45,Mumbai,Maharashtra,4.7,,9.44,18460.9
ORD102232,17-02-2024,Myntra,Personal Care,Fragrances,Nikon Fragrances M611,Nikon,4,4079,16316,25,12237,UPI,Delivered,5,CUST1656,Veer Kata,Male,15,Chennai,Tamil Nadu,2.1,,11.91,2341.26
ORD104120,04-08-2024,Max,Accessories,Seasonal,BigBasket Seasonal X523,BigBasket,2,5168,10336,0,10336,UPI,Delivered,5,CUST2774,Lakshit Sani,Female,27,Ludhiana,Punjab,1.3,,13.78,930.37
ORD103235,13-08-2024,Flipkart,Fashion,Footwear,Asus Footwear M326,Asus,1,702,702,15,596.7,UPI,Delivered,8,CUST5133,Faiyaz Baral,Male,51,Vadodara,Gujarat,2.7,,12,169.04
ORD100254,28-02-2024,Amazon,Beauty & Personal Care,Grooming,HUL Grooming M246,HUL,2,2448,4896,0,4896,UPI,Returned,3,CUST8921,Gatik Lad,Female,55,Vadodara,Gujarat,3.8,Other,6.16,758.03
ORD101029,04-08-2025,Myntra,Home & Living,Furnishings,Home Centre Furnishings S822,Home Centre,3,1094,3282,15,2789.7,Credit Card,In Transit,2,CUST8018,Yasmin Amble,Male,35,Mumbai,Maharashtra,2.5,,9.09,685.26
ORD104392,31-07-2024,Amazon,Home & Kitchen,Appliances,Samsung Appliances Z653,Samsung,1,27220,27220,0,27220,COD,Delivered,6,CUST9295,Divyansh Chopra,Male,43,Coimbatore,Tamil Nadu,4.5,,15.48,7956.54
ORD103800,22-08-2024,Amazon,Baby Products,Apparel,Nilkamal Apparel M307,Nilkamal,4,2709,10836,0,10836,COD,Delivered,7,CUST6361,Dhruv Wable,Female,15,Bengaluru,Karnataka,4,,11.48,2212.52
ORD104310,17-08-2024,Amazon,Sports & Outdoors,Fitness,Decathlon Fitness S622,Decathlon,3,48760,146280,0,146280,UPI,In Transit,6,CUST1441,Anika Basak,Male,18,Bengaluru,Karnataka,3.7,,16.44,12558.08
ORD102509,09-06-2024,Flipkart,Grocery,Fresh,Nike Fresh Z154,Nike,4,1269,5076,5,4822.2,Credit Card,Delivered,8,CUST2753,Aarav Bora,Female,44,Noida,Uttar Pradesh,2.4,,8.69,178.83
ORD102292,10-01-2025,Amazon,Baby Products,Apparel,Bata Apparel S818,Bata,4,1276,5104,5,4848.8,Credit Card,Delivered,1,CUST7985,Myra Dara,Male,19,Kolkata,West Bengal,4.4,,4.78,447.4
ORD101323,13-03-2023,Amazon,Baby Products,Feeding Supplies,Roadster Feeding Supplies Z470,Roadster,4,2939,11756,15,9992.6,COD,Delivered,8,CUST8576,Kimaya Hans,Female,28,Coimbatore,Tamil Nadu,3.2,,16.04,2168.19
ORD101550,18-08-2025,Flipkart,Fashion,Apparel,OnePlus Apparel S802,OnePlus,1,5639,5639,0,5639,UPI,Delivered,1,CUST7650,Nitya Wable,Female,26,Mangalore,Karnataka,3.5,,6.86,505.35
ORD104647,10-09-2025,Myntra,Personal Care,Haircare,Himalaya Haircare M346,Himalaya,2,4918,9836,10,8852.4,Debit Card,Delivered,6,CUST9405,Biju Krish,Female,16,Ahmedabad,Gujarat,2.1,,17.64,1490.06
ORD100315,20-03-2023,Myntra,Accessories,Watches,Fastrack Watches Z374,Fastrack,4,6333,25332,20,20265.6,UPI,Delivered,3,CUST4056,Badal Taneja,Female,34,Ahmedabad,Gujarat,1.2,,12.79,3922.8
ORD101242,11-12-2024,Amazon,Books,Stationery,Microsoft Stationery Z173,Microsoft,3,1774,5322,0,5322,UPI,Delivered,6,CUST5330,Riaan Lad,Female,23,Noida,Uttar Pradesh,4.3,,8.8,454.86
ORD102450,24-07-2024,Max,Accessories,Seasonal,Sony Seasonal Z146,Sony,4,3117,12468,40,7480.8,Debit Card,Delivered,3,CUST2661,Alisha Krish,Female,40,Nagpur,Maharashtra,2.5,,7.87,1147.2
ORD101578,13-09-2024,Amazon,Books,Stationery,3M Stationery X252,3M,4,1248,4992,5,4742.4,Credit Card,Delivered,2,CUST5164,Charvi Buch,Male,36,Kozhikode,Kerala,4.7,,4.86,595.63
ORD104625,30-06-2025,Amazon,Fashion,Bags,Wildcraft Bags M488,Wildcraft,1,1098,1098,15,933.3,Credit Card,Delivered,4,CUST4775,Anahi Tripathi,Male,64,Amritsar,Punjab,3.4,,15.83,85.44
ORD103116,30-01-2025,Flipkart,Electronics,Home Electronics,HarperCollins Home Electronics S543,HarperCollins,4,964,3856,0,3856,Wallet,Delivered,6,CUST7975,Nitya Gopal,Male,28,New Delhi,Delhi,3.7,,13.67,421.46
ORD100069,22-09-2024,Amazon,Fashion,Clothing,Levis Clothing S835,Levis,4,740,2960,10,2664,UPI,Returned,5,CUST9189,Abram Salvi,Male,63,Ahmedabad,Gujarat,4.3,Other,10.4,278.09
ORD100859,25-04-2023,Flipkart,Fashion,Accessories,Portronics Accessories S590,Portronics,3,3370,10110,15,8593.5,Wallet,Delivered,9,CUST1824,Gokul Dhillon,Female,17,Kolkata,West Bengal,2.3,,11.78,771.53
ORD102753,04-10-2024,Amazon,Sports & Outdoors,Fitness,HRX Fitness Z317,HRX,1,42802,42802,0,42802,UPI,Delivered,5,CUST2919,Vihaan Mallick,Male,29,Noida,Uttar Pradesh,3.4,,7.08,10390.74
ORD101632,14-09-2025,Amazon,Electronics,Computers,Asus Computers Z593,Asus,1,103326,103326,0,103326,UPI,Delivered,3,CUST3209,Amani Anne,Female,63,Chennai,Tamil Nadu,3.9,,17.25,12230.24
ORD101650,13-01-2025,Myntra,Home & Living,Kitchenware,Prestige Kitchenware X572,Prestige,3,6419,19257,5,18294.15,UPI,Delivered,5,CUST3608,Ivana Jain,Female,21,Pune,Maharashtra,3,,11.34,4847.5
ORD103860,12-02-2024,Amazon,Fashion,Jewelry,Voylla Jewelry X416,Voylla,3,3361,10083,20,8066.4,UPI,Returned,6,CUST9866,Adira Chakraborty,Male,52,Bengaluru,Karnataka,3.4,Defective,7.9,1056.93
ORD103106,28-04-2024,Flipkart,"Books, Sports & Gaming",Sporting Goods,LG Sporting Goods S810,LG,1,1868,1868,0,1868,COD,Delivered,8,CUST4109,Vedika Zacharia,Male,15,Noida,Uttar Pradesh,2.2,,11.44,502.38
ORD101074,04-01-2023,Myntra,Personal Care,Fragrances,OnePlus Fragrances Z511,OnePlus,2,4525,9050,10,8145,UPI,Delivered,10,CUST9294,Shlok Barad,Female,19,Surat,Gujarat,1.6,,6.85,786.77
ORD104001,10-09-2023,Amazon,Sports & Outdoors,Fitness,Decathlon Fitness S648,Decathlon,3,44670,134010,10,120609,Wallet,Delivered,11,CUST6316,Stuvan Saxena,Male,48,Surat,Gujarat,3.4,,10.1,29144.55
ORD100787,02-06-2023,Flipkart,Fashion,Accessories,JBL Accessories Z195,JBL,3,1154,3462,10,3115.8,Debit Card,In Transit,6,CUST8702,Kiaan Sem,Female,32,Mumbai,Maharashtra,2.4,,16.76,644.47
ORD102605,13-04-2023,Amazon,Home & Kitchen,Furniture,Nilkamal Furniture X928,Nilkamal,1,30701,30701,5,29165.95,Credit Card,Returned,12,CUST1648,Kanav Lanka,Female,53,Pune,Maharashtra,4.2,,16.91,3305.62
ORD103630,26-03-2025,Flipkart,Electronics,Computers,Dell Computers X317,Dell,1,79949,79949,5,75951.55,Credit Card,In Transit,2,CUST4527,Anvi Ratta,Male,20,Mumbai,Maharashtra,2.9,,7.09,11170.48
ORD102121,15-07-2023,Amazon,Fashion,Clothing,Levis Clothing M971,Levis,4,2984,11936,5,11339.2,COD,Delivered,9,CUST2848,Ranbir Sem,Female,45,New Delhi,Delhi,4,,17.23,1884
ORD101874,08-02-2023,Amazon,Beauty & Personal Care,Healthcare,Patanjali Healthcare Z321,Patanjali,3,627,1881,0,1881,UPI,Delivered,7,CUST3845,Aaina Grewal,Female,26,Kolkata,West Bengal,4,,10.66,410.84
ORD100811,27-08-2023,Amazon,Sports & Outdoors,Fitness,HRX Fitness X731,HRX,3,14760,44280,5,42066,COD,Delivered,5,CUST5949,Emir Bhagat,Male,47,Chennai,Tamil Nadu,3.7,,9.04,12213.97
ORD100387,27-12-2024,Max,Kids' Fashion,Accessories,Boat Accessories Z272,Boat,1,3257,3257,5,3094.15,Wallet,Delivered,8,CUST2646,Ishita Sridhar,Female,17,Nagpur,Maharashtra,2.9,,6.26,818.31
ORD102882,15-02-2024,Flipkart,Fashion,Accessories,Boat Accessories Z810,Boat,4,4631,18524,0,18524,Wallet,Delivered,6,CUST2151,Kismat Garg,Female,44,Kozhikode,Kerala,2.8,,12.68,1825.54
ORD101175,17-02-2025,Flipkart,Fashion,Footwear,FabIndia Footwear M600,FabIndia,4,1232,4928,25,3696,UPI,In Transit,1,CUST5565,Jhanvi Sura,Male,38,Pune,Maharashtra,2.1,,4.67,410.78
ORD103197,19-06-2023,Myntra,Clothing,Kids Wear,Levis Kids Wear X476,Levis,1,4065,4065,30,2845.5,Credit Card,Returned,12,CUST1686,Reyansh Brar,Female,54,Mumbai,Maharashtra,1,,9.92,687.22
ORD102623,21-10-2023,Flipkart,Electronics,Computers,HP Computers X798,HP,1,86364,86364,10,77727.6,Credit Card,Delivered,5,CUST1186,Kaira Iyengar,Male,20,Jaipur,Rajasthan,2.7,,7.49,9116.27
ORD101351,10-04-2024,Max,Women's Fashion,Dresses,HP Dresses S368,HP,2,3373,6746,25,5059.5,UPI,Delivered,4,CUST4463,Aaina Ratta,Female,65,Mangalore,Karnataka,2.6,,14.17,860.24
ORD100410,24-12-2024,Flipkart,Beauty & Personal Care,Makeup,Lakme Makeup S122,Lakme,1,2947,2947,5,2799.65,Credit Card,Delivered,8,CUST8987,Kiaan Keer,Female,37,Vadodara,Gujarat,3.4,,16.92,701.95
ORD104212,04-01-2025,Amazon,Home & Kitchen,Furniture,Ikea Furniture Z619,Ikea,2,8287,16574,10,14916.6,UPI,Delivered,3,CUST9469,Tara Chanda,Male,42,Vadodara,Gujarat,4.3,,7.37,4368.97
ORD100109,23-03-2024,Amazon,Fashion,Jewelry,Tanishq Jewelry X890,Tanishq,4,38772,155088,10,139579.2,UPI,Delivered,3,CUST8075,Anvi Luthra,Female,40,Bengaluru,Karnataka,4.9,,8.98,40066.41
ORD104995,19-03-2024,Amazon,Fashion,Jewelry,Voylla Jewelry M834,Voylla,3,45006,135018,15,114765.3,Debit Card,Delivered,5,CUST1827,Drishya Jaggi,Female,27,Thiruvananthapuram,Kerala,4.3,,11.15,20648.39
ORD103429,19-12-2024,Myntra,Footwear,Sports,Sparx Sports Z335,Sparx,2,2892,5784,5,5494.8,COD,In Transit,2,CUST5915,Neysa Dutta,Male,47,Mumbai,Maharashtra,1.9,,17.24,1031.81
ORD102809,28-01-2023,Flipkart,Electronics,Computers,Lenovo Computers S253,Lenovo,1,78668,78668,0,78668,COD,In Transit,8,CUST9342,Samiha Mangal,Male,27,Noida,Uttar Pradesh,2.2,,9.24,11040.31
ORD102594,12-03-2023,Amazon,Home & Kitchen,Kitchenware,Prestige Kitchenware X727,Prestige,2,5297,10594,5,10064.3,UPI,Delivered,4,CUST5023,Jivin Gaba,Male,65,Mumbai,Maharashtra,4.2,,16.88,2653.85
ORD102836,15-01-2024,Myntra,Accessories,Bags,Wildcraft Bags S681,Wildcraft,3,1386,4158,5,3950.1,UPI,Delivered,8,CUST9862,Kiaan Kohli,Female,40,Chennai,Tamil Nadu,1.5,,5.03,878.82
ORD102372,01-07-2024,Flipkart,Grocery,Essentials,Portronics Essentials Z234,Portronics,1,4926,4926,20,3940.8,UPI,Delivered,2,CUST6233,Shanaya Lalla,Male,15,Kolkata,West Bengal,3.3,,11.28,258.67
ORD101235,11-10-2024,Max,Men's Fashion,Winter Wear,Nike Winter Wear X955,Nike,2,4535,9070,15,7709.5,UPI,In Transit,4,CUST9876,Eva Sur,Male,28,Kolkata,West Bengal,2.4,,5.3,727.73
ORD102146,22-07-2024,Amazon,Home & Kitchen,Appliances,LG Appliances Z738,LG,1,23621,23621,5,22439.95,UPI,In Transit,4,CUST4316,Umang Jayaraman,Male,43,Noida,Uttar Pradesh,4.1,,17.43,5871.08
ORD104975,21-03-2023,Amazon,Fashion,Clothing,H&M Clothing S119,H&M,1,4799,4799,15,4079.15,Credit Card,Delivered,5,CUST8471,Indranil Viswanathan,Male,22,Chennai,Tamil Nadu,3,,12.33,791.97
ORD100599,28-02-2023,Flipkart,Automotive,Spare Parts,Voylla Spare Parts Z781,Voylla,3,9711,29133,5,27676.35,UPI,Delivered,3,CUST4977,Hridaan Bir,Female,45,Ahmedabad,Gujarat,2.8,,5.42,7121.63
ORD101434,14-04-2024,Amazon,Baby Products,Diapers,Hawkins Diapers M476,Hawkins,1,4990,4990,20,3992,UPI,Delivered,5,CUST9104,Madhup Venkatesh,Male,38,New Delhi,Delhi,3.9,,16.57,629.78
ORD104996,09-03-2025,Amazon,Books,Books,Penguin Books M497,Penguin,3,1880,5640,10,5076,UPI,Delivered,1,CUST9563,Nakul Dalal,Male,39,Bengaluru,Karnataka,4.2,,4.48,736.18
ORD100538,06-04-2025,Flipkart,Beauty & Personal Care,Grooming,HUL Grooming S960,HUL,2,3322,6644,5,6311.8,UPI,Delivered,5,CUST3721,Amani Din,Female,18,Kanpur,Uttar Pradesh,3.1,,12.48,801.96
ORD100721,08-09-2025,Amazon,Sports & Outdoors,Outdoor Gear,FabIndia Outdoor Gear S350,FabIndia,2,931,1862,5,1768.9,Credit Card,Delivered,5,CUST6847,Kaira Dara,Female,21,Pune,Maharashtra,4.6,,6.79,297.94
ORD104410,26-07-2023,Amazon,Fashion,Shoes,Puma Shoes Z291,Puma,1,4071,4071,5,3867.45,COD,Delivered,3,CUST8372,Misha Iyer,Male,37,Pune,Maharashtra,4.1,,8.17,930.16
ORD101872,11-02-2025,Amazon,Electronics,Computers,Lenovo Computers Z738,Lenovo,1,28270,28270,0,28270,Credit Card,Delivered,4,CUST5661,Madhup Dani,Male,33,Chennai,Tamil Nadu,4.4,,12.85,5033.28
ORD102845,27-02-2023,Flipkart,Home & Furniture,Household Essentials,Home Centre Household Essentials X159,Home Centre,1,3338,3338,5,3171.1,UPI,In Transit,4,CUST7075,Parinaaz Sankaran,Male,45,Ahmedabad,Gujarat,3.4,,8.17,633.25
ORD102053,15-06-2023,Flipkart,Automotive,Accessories,Portronics Accessories X843,Portronics,2,2245,4490,5,4265.5,COD,In Transit,9,CUST4907,Elakshi Sant,Male,21,Bengaluru,Karnataka,4.1,,10.81,724.19
ORD102907,17-06-2024,Flipkart,Electronics,Computers,Asus Computers Z298,Asus,1,101524,101524,5,96447.8,UPI,Delivered,7,CUST5068,Azad Borra,Male,47,Kochi,Kerala,3,,13.42,8756.37
ORD102254,10-09-2023,Flipkart,Electronics,Home Electronics,Apple Home Electronics Z699,Apple,4,707,2828,5,2686.6,UPI,Delivered,8,CUST4859,Mahika Andra,Male,38,Chennai,Tamil Nadu,3.9,,11.29,435.6
ORD103912,25-12-2024,Myntra,Accessories,Watches,Fastrack Watches Z617,Fastrack,2,6935,13870,20,11096,UPI,Delivered,2,CUST2584,Suhana Kari,Female,39,Mumbai,Maharashtra,1.8,,11.89,3092.39
ORD100177,19-05-2024,Amazon,Sports & Outdoors,Fitness,HRX Fitness Z774,HRX,4,12847,51388,15,43679.8,COD,Delivered,2,CUST3018,Darshit Deol,Male,18,Kolkata,West Bengal,5,,16.97,11542.06
ORD102890,14-05-2023,Amazon,Beauty & Personal Care,Makeup,Lakme Makeup S923,Lakme,1,2060,2060,10,1854,Debit Card,Delivered,12,CUST5539,Stuvan Sangha,Female,35,Kolkata,West Bengal,4.6,,13.91,348.82
ORD103673,21-06-2025,Flipkart,Automotive,Accessories,Portronics Accessories S246,Portronics,3,3546,10638,20,8510.4,UPI,Delivered,3,CUST3401,Ivana Sibal,Male,56,Mangalore,Karnataka,3.3,,11.86,2177.03
ORD100080,03-06-2025,Amazon,Electronics,Accessories,Boat Accessories M721,Boat,1,2979,2979,10,2681.1,UPI,Delivered,6,CUST7809,Ira Chand,Male,28,Chennai,Tamil Nadu,3.7,,13.64,189.15
ORD102561,10-03-2024,Amazon,Groceries,Snacks,Ikea Snacks S384,Ikea,3,3954,11862,0,11862,UPI,Delivered,3,CUST5392,Tanya Ahluwalia,Male,29,Mangalore,Karnataka,3.9,,12.11,730.73
ORD101723,09-10-2025,Amazon,Home & Kitchen,Kitchenware,Prestige Kitchenware Z573,Prestige,3,820,2460,5,2337,Credit Card,Delivered,6,CUST6918,Heer Chokshi,Female,20,Chennai,Tamil Nadu,4.9,,4.47,304.64
ORD101617,27-08-2025,Max,Women's Fashion,Bottoms,FabIndia Bottoms S904,FabIndia,1,4697,4697,40,2818.2,UPI,Cancelled,2,CUST1770,Amani Chopra,Female,17,Surat,Gujarat,2.4,,6.2,512.67
ORD101654,03-11-2023,Myntra,Footwear,Casual,Sparx Casual M524,Sparx,1,2107,2107,20,1685.6,UPI,Delivered,6,CUST7224,Shayak Chhabra,Male,26,Kolkata,West Bengal,1.6,,13.6,147.72
ORD102328,25-04-2025,Amazon,Home & Kitchen,Furniture,Ikea Furniture S433,Ikea,1,9850,9850,0,9850,UPI,Delivered,4,CUST3622,Pranay Kulkarni,Male,48,Noida,Uttar Pradesh,3.8,,17.06,2253.95
ORD104613,10-10-2025,Amazon,Beauty & Personal Care,Makeup,Maybelline Makeup X425,Maybelline,3,1264,3792,0,3792,UPI,Delivered,2,CUST3669,Shlok Cherian,Male,43,Amritsar,Punjab,4.6,,14.93,415.44
ORD100221,06-07-2025,Myntra,Personal Care,Skincare,LG Skincare M262,LG,4,3924,15696,10,14126.4,Credit Card,Returned,4,CUST8746,Fateh Kamdar,Male,34,Kochi,Kerala,3.2,Size issue,11.3,4182.34
ORD100093,31-10-2024,Amazon,Beauty & Personal Care,Makeup,Maybelline Makeup Z256,Maybelline,4,2439,9756,20,7804.8,Debit Card,Delivered,7,CUST4618,Yuvraj  Karan,Female,20,Bengaluru,Karnataka,4.2,,16.83,1130.98
ORD102609,01-10-2025,Amazon,Fashion,Bags,Baggit Bags X573,Baggit,3,5582,16746,10,15071.4,COD,Delivered,3,CUST9566,Stuvan Bath,Female,63,Kolkata,West Bengal,4.4,,15.18,1251.28
ORD103382,08-01-2025,Myntra,Accessories,Watches,Fastrack Watches S730,Fastrack,1,4092,4092,15,3478.2,UPI,Returned,2,CUST9411,Hazel Rau,Female,52,New Delhi,Delhi,2.4,Other,12.53,587.88
ORD104415,24-11-2024,Amazon,Baby Products,Diapers,Philips Diapers X399,Philips,1,2092,2092,10,1882.8,UPI,Delivered,8,CUST7831,Armaan Bajwa,Female,40,Nagpur,Maharashtra,4.4,,13.97,220.59
ORD101397,24-07-2024,Myntra,Footwear,Sports,LG Sports S337,LG,3,1639,4917,30,3441.9,UPI,Returned,5,CUST9829,Romil Sinha,Male,57,Ahmedabad,Gujarat,1,Size issue,11,644.34
ORD104686,26-12-2023,Flipkart,Grocery,Essentials,LocalFarm Essentials M884,LocalFarm,3,4009,12027,15,10222.95,COD,Delivered,4,CUST3493,Akarsh Swamy,Male,34,Pune,Maharashtra,3.6,,11.61,364.1
ORD101292,21-12-2024,Myntra,Clothing,Kids Wear,FabIndia Kids Wear M824,FabIndia,3,4529,13587,10,12228.3,UPI,Delivered,2,CUST7800,Aarna Wable,Male,22,Bengaluru,Karnataka,1,,8.8,3530.17
ORD102164,23-03-2023,Myntra,Clothing,Kids Wear,Dell Kids Wear X549,Dell,1,2355,2355,20,1884,COD,Delivered,11,CUST5197,Sana Jhaveri,Male,24,Ahmedabad,Gujarat,1.1,,13.14,161.3
ORD102939,16-02-2023,Amazon,Books,Books,Penguin Books Z319,Penguin,4,908,3632,0,3632,Credit Card,Delivered,9,CUST8960,Myra Rama,Female,59,Kolkata,West Bengal,3.7,,4.42,647.38
ORD103668,08-10-2024,Amazon,Beauty & Personal Care,Makeup,Lakme Makeup S160,Lakme,1,369,369,15,313.65,COD,Cancelled,5,CUST7871,Kismat Arora,Female,37,Ahmedabad,Gujarat,4.9,,10.26,30.8
ORD100812,10-04-2023,Flipkart,Beauty & Personal Care,Makeup,Loreal Makeup X987,Loreal,1,2405,2405,5,2284.75,Credit Card,Delivered,4,CUST9955,Devansh Tiwari,Female,35,Ahmedabad,Gujarat,3.2,,7.62,453.32
ORD101258,29-09-2025,Amazon,Books,Books,Penguin Books M986,Penguin,2,1290,2580,20,2064,UPI,Delivered,5,CUST4212,Tiya Cheema,Female,20,Jaipur,Rajasthan,5,,14.72,346.51
ORD100889,27-02-2025,Amazon,Groceries,Gourmet Foods,HomeTown Gourmet Foods Z918,HomeTown,3,1038,3114,0,3114,COD,In Transit,1,CUST7195,Jayesh Apte,Male,64,Mysuru,Karnataka,3.9,,14.84,169.14
ORD101451,02-07-2023,Flipkart,Beauty & Personal Care,Grooming,HUL Grooming X901,HUL,1,548,548,5,520.6,COD,Delivered,6,CUST9460,Kaira Sur,Male,45,Ahmedabad,Gujarat,3.2,,16.28,50.37
ORD103316,07-10-2023,Amazon,Books,Stationery,Voylla Stationery S238,Voylla,4,1901,7604,0,7604,UPI,Delivered,9,CUST6931,Sara Madan,Male,29,Pune,Maharashtra,4.2,,15.89,833.71
ORD102559,20-01-2024,Amazon,Baby Products,Apparel,JBL Apparel M262,JBL,3,3326,9978,10,8980.2,Wallet,Delivered,3,CUST4566,Lakshay Sharma,Male,44,Noida,Uttar Pradesh,4.6,,5.98,2134.24
ORD103574,03-07-2023,Max,Plus Size,Plus Tops,Levis Plus Tops X983,Levis,2,2301,4602,5,4371.9,COD,In Transit,11,CUST8398,Madhup Lad,Female,41,Mumbai,Maharashtra,1.8,,6.49,1010.75
ORD102680,03-10-2025,Flipkart,"Books, Sports & Gaming",Books,HarperCollins Books S750,HarperCollins,3,1759,5277,5,5013.15,UPI,Delivered,3,CUST2111,Aniruddh Varty,Male,59,New Delhi,Delhi,2.9,,15.13,1345.61
ORD104651,26-01-2024,Myntra,Accessories,Wallets,Samsung Wallets Z493,Samsung,3,3953,11859,0,11859,Debit Card,Delivered,5,CUST2462,Reyansh Brar,Male,21,New Delhi,Delhi,2.2,,13.93,3506.71
ORD104811,03-03-2025,Flipkart,Beauty & Personal Care,Grooming,Philips Grooming S299,Philips,4,4230,16920,0,16920,UPI,Delivered,1,CUST5402,Charvi Vala,Male,20,New Delhi,Delhi,2.9,,15.23,4282.01
ORD104679,27-05-2025,Amazon,Home & Kitchen,Home Decor,Home Centre Home Decor S309,Home Centre,4,991,3964,0,3964,Credit Card,Delivered,3,CUST8307,Mehul Chakrabarti,Male,23,Bengaluru,Karnataka,3.9,,11.82,1134.33
ORD102964,27-12-2023,Amazon,Books,Books,HarperCollins Books Z635,HarperCollins,1,1867,1867,0,1867,UPI,Delivered,9,CUST8202,Sana Barad,Female,28,Kolkata,West Bengal,4.2,,5.53,213.04
ORD102672,01-04-2023,Amazon,Sports & Outdoors,Sportswear,Nike Sportswear M184,Nike,2,5734,11468,15,9747.8,COD,In Transit,3,CUST4937,Saksham Buch,Male,40,New Delhi,Delhi,4.4,,11.23,1835.94
ORD100561,13-09-2024,Max,Women's Fashion,Dresses,Loreal Dresses X780,Loreal,3,1310,3930,5,3733.5,Credit Card,Delivered,5,CUST5569,Madhav Agate,Female,18,New Delhi,Delhi,2.8,,8.93,477.54
ORD102778,23-06-2024,Flipkart,Electronics,Mobiles,Realme Mobiles Z162,Realme,1,40941,40941,0,40941,UPI,Delivered,4,CUST7346,Vanya Subramanian,Female,38,Kolkata,West Bengal,3.2,,12.12,3147.62
ORD102948,29-10-2024,Max,Kids' Fashion,Kids Shoes,Levis Kids Shoes M757,Levis,3,2107,6321,0,6321,UPI,Delivered,2,CUST4961,Yuvaan Borra,Male,19,Noida,Uttar Pradesh,2.7,,8.25,1852.26
ORD102817,13-05-2023,Myntra,Clothing,Ethnic Wear,Biba Ethnic Wear S622,Biba,3,1771,5313,5,5047.35,COD,Delivered,8,CUST4042,Ryan Kamdar,Female,16,Bengaluru,Karnataka,2.8,,16.17,949.31
ORD102758,11-05-2025,Amazon,Fashion,Bags,Baggit Bags X737,Baggit,4,3480,13920,40,8352,Credit Card,Delivered,1,CUST3876,Piya Vasa,Female,26,Bengaluru,Karnataka,3.9,,15.37,1037.68
ORD101756,16-12-2023,Myntra,Personal Care,Skincare,Nike Skincare S976,Nike,4,5469,21876,20,17500.8,COD,Delivered,10,CUST5868,Veer Sama,Male,28,Surat,Gujarat,2,,10.21,2556.84
ORD100724,02-05-2024,Myntra,Home & Living,Furnishings,Home Centre Furnishings X856,Home Centre,2,10834,21668,30,15167.6,COD,Delivered,6,CUST8411,Divij Ratti,Male,61,Ahmedabad,Gujarat,2.1,,8.89,2404.34
ORD100219,30-01-2025,Flipkart,Home & Furniture,Kitchen Appliances,Nikon Kitchen Appliances M375,Nikon,2,1494,2988,10,2689.2,UPI,Delivered,2,CUST9764,Dhruv Bhavsar,Male,51,Mumbai,Maharashtra,3.6,,8.49,305.15
ORD104139,02-12-2023,Amazon,Beauty & Personal Care,Makeup,Lakme Makeup Z799,Lakme,2,1875,3750,5,3562.5,UPI,Delivered,5,CUST4334,Tejas Rastogi,Female,55,Ahmedabad,Gujarat,3.1,,10.96,989.13
ORD103957,24-01-2023,Amazon,Sports & Outdoors,Sportswear,Adidas Sportswear M159,Adidas,2,3252,6504,0,6504,COD,Delivered,5,CUST9067,Renee Bala,Male,33,Ahmedabad,Gujarat,4.2,,6.9,1202.45
ORD101588,06-08-2025,Amazon,Electronics,Mobiles,Samsung Mobiles S269,Samsung,1,74622,74622,5,70890.9,Wallet,Delivered,3,CUST2399,Ritvik Khalsa,Male,34,Kolkata,West Bengal,4.5,,5.87,5938.43
ORD103347,24-11-2024,Flipkart,Beauty & Personal Care,Grooming,Philips Grooming S431,Philips,1,1819,1819,0,1819,Debit Card,Delivered,6,CUST2550,Hrishita Ramanathan,Female,56,Mumbai,Maharashtra,3.9,,17.09,305.11
ORD103970,15-04-2024,Myntra,Footwear,Casual,Campus Casual X425,Campus,2,1867,3734,20,2987.2,COD,Delivered,3,CUST3282,Suhana Lanka,Male,25,Kolkata,West Bengal,1.9,,9.08,462.09
ORD104707,05-07-2023,Amazon,Electronics,Accessories,JBL Accessories M718,JBL,4,4355,17420,10,15678,UPI,Delivered,7,CUST9552,Rania Din,Male,30,Surat,Gujarat,5,,14.23,2289.44
ORD100043,08-09-2023,Flipkart,Grocery,Essentials,H&M Essentials X552,H&M,2,3034,6068,5,5764.6,COD,Delivered,3,CUST5712,Zoya Dalal,Male,27,Surat,Gujarat,3.6,,16.58,307.04
ORD103001,19-12-2023,Flipkart,Beauty & Personal Care,Makeup,Loreal Makeup Z589,Loreal,4,1452,5808,0,5808,UPI,Delivered,9,CUST1871,Kabir Yadav,Female,35,Jaipur,Rajasthan,2.1,,14.35,535.94
ORD100210,06-12-2024,Amazon,Beauty & Personal Care,Grooming,Philips Grooming S689,Philips,2,3258,6516,0,6516,UPI,Delivered,5,CUST7563,Ishaan Mander,Male,23,Mysuru,Karnataka,3.6,,14.53,1044.63
ORD100677,22-02-2023,Max,Plus Size,Plus Tops,Canon Plus Tops Z309,Canon,1,1100,1100,0,1100,Credit Card,In Transit,4,CUST5397,Mohanlal Lad,Female,25,Pune,Maharashtra,2.2,,7.88,220.73
ORD100354,13-10-2024,Flipkart,"Books, Sports & Gaming",Sporting Goods,Realme Sporting Goods M674,Realme,1,4667,4667,10,4200.3,UPI,Delivered,6,CUST2450,Hrishita Hans,Female,25,Noida,Uttar Pradesh,4.1,,10.2,592.34
ORD101433,06-06-2025,Myntra,Footwear,Sports,Adidas Sports M513,Adidas,1,2077,2077,30,1453.9,Credit Card,Returned,5,CUST8488,Samaira Gade,Male,28,Mysuru,Karnataka,2.3,Size issue,9.12,186.19
ORD100949,22-12-2023,Myntra,Clothing,Ethnic Wear,FabIndia Ethnic Wear S402,FabIndia,2,6841,13682,30,9577.4,UPI,In Transit,5,CUST7196,Zara Venkatesh,Female,16,Thiruvananthapuram,Kerala,1.8,,11.63,1654.99
ORD102843,23-10-2023,Amazon,Electronics,Mobiles,Apple Mobiles Z145,Apple,1,10763,10763,10,9686.7,UPI,Delivered,7,CUST7817,Anika Mand,Male,33,Howrah,West Bengal,5,,5.37,970.94
ORD100577,03-03-2024,Amazon,Sports & Outdoors,Fitness,HRX Fitness S916,HRX,4,44239,176956,0,176956,Credit Card,Delivered,4,CUST8004,Rania Kumer,Female,19,Kolkata,West Bengal,4.6,,15.66,15078.31
ORD103928,24-08-2024,Amazon,Groceries,Gourmet Foods,Tanishq Gourmet Foods S165,Tanishq,3,3545,10635,5,10103.25,COD,Delivered,4,CUST3700,Jhanvi Desai,Male,37,Coimbatore,Tamil Nadu,3.6,,7.08,725.64
ORD100544,11-01-2023,Amazon,Books,Stationery,Nike Stationery M304,Nike,3,1521,4563,10,4106.7,Debit Card,Delivered,5,CUST6169,Azad Grover,Male,53,Thiruvananthapuram,Kerala,4,,8.02,466.01
ORD100367,02-09-2023,Max,Women's Fashion,Bottoms,Lenovo Bottoms Z156,Lenovo,4,4474,17896,20,14316.8,UPI,Returned,3,CUST2065,Uthkarsh Swaminathan,Female,17,Kolkata,West Bengal,2.4,Late delivery,8.39,3815.32
ORD101612,04-11-2024,Flipkart,Home & Furniture,Household Essentials,Nilkamal Household Essentials M715,Nilkamal,3,5081,15243,15,12956.55,UPI,Delivered,2,CUST3297,Arhaan Cherian,Male,18,Mumbai,Maharashtra,3.3,,8.55,2922.59
ORD103550,16-04-2023,Flipkart,Automotive,Accessories,JBL Accessories X604,JBL,2,424,848,10,763.2,Credit Card,Delivered,7,CUST7966,Oorja Bhatnagar,Male,36,Chennai,Tamil Nadu,2.1,,13.36,155.38
ORD103716,16-03-2023,Amazon,Home & Kitchen,Kitchenware,Prestige Kitchenware X197,Prestige,4,5907,23628,10,21265.2,Wallet,Delivered,6,CUST1582,Ritvik Tailor,Female,39,New Delhi,Delhi,4.6,,9.15,3930.62
ORD103779,16-06-2024,Amazon,Baby Products,Feeding Supplies,Roadster Feeding Supplies S117,Roadster,1,2387,2387,5,2267.65,Credit Card,Delivered,4,CUST7669,Prerak Manne,Male,24,Surat,Gujarat,4.9,,17.78,467.02
ORD100135,28-01-2025,Flipkart,Electronics,Mobiles,Samsung Mobiles M222,Samsung,1,85303,85303,0,85303,Wallet,Returned,6,CUST6241,Hansh Bhandari,Male,27,Mysuru,Karnataka,3.2,Late delivery,7.14,7018.24
ORD104480,13-08-2023,Amazon,Books,Stationery,Nike Stationery X971,Nike,2,568,1136,10,1022.4,COD,Delivered,7,CUST4639,Mohanlal Aggarwal,Female,29,Pune,Maharashtra,4.7,,14.86,102.73
ORD101437,03-03-2023,Myntra,Clothing,Kids Wear,Samsung Kids Wear S855,Samsung,3,2477,7431,0,7431,Credit Card,Delivered,3,CUST4964,Jayesh Wagle,Male,43,Nagpur,Maharashtra,1.4,,6.64,1785.91
ORD100047,03-07-2024,Amazon,Books,Stationery,Home Centre Stationery Z219,Home Centre,1,1243,1243,5,1180.85,UPI,Delivered,6,CUST8606,Ahana  Chahal,Female,57,Noida,Uttar Pradesh,3.5,,7.1,103.43
ORD101360,12-12-2024,Myntra,Home & Living,Furnishings,Home Centre Furnishings M618,Home Centre,2,10930,21860,20,17488,Wallet,Delivered,5,CUST5971,Dhruv Sankaran,Female,36,Kolkata,West Bengal,2.4,,7.03,3584.05
ORD100734,12-02-2023,Flipkart,Electronics,Home Electronics,Ikea Home Electronics X225,Ikea,4,3599,14396,10,12956.4,UPI,Delivered,12,CUST3060,Samarth Agarwal,Male,22,Mumbai,Maharashtra,3.5,,15.99,1533.48
ORD101534,09-12-2023,Max,Accessories,Bags,Baggit Bags S924,Baggit,4,6873,27492,10,24742.8,Debit Card,Delivered,10,CUST5937,Yuvaan Sura,Female,16,Chennai,Tamil Nadu,2.9,,6.87,4907.12
ORD102004,09-04-2025,Myntra,Clothing,Western Wear,Campus Sutra Western Wear X411,Campus Sutra,4,6793,27172,0,27172,UPI,Delivered,1,CUST1383,Suhana Chawla,Female,22,Mumbai,Maharashtra,1.5,,5.04,3616.27
ORD103795,05-02-2025,Amazon,Beauty & Personal Care,Healthcare,Patanjali Healthcare Z217,Patanjali,2,453,906,10,815.4,UPI,Delivered,5,CUST1809,Arhaan Khanna,Male,33,New Delhi,Delhi,3.2,,4.5,206.62
ORD102519,10-11-2023,Amazon,Electronics,Computers,Asus Computers X487,Asus,1,45296,45296,15,38501.6,Wallet,Delivered,9,CUST6039,Jivin Mander,Male,44,Ahmedabad,Gujarat,4.6,,17.66,6598.8
ORD101972,19-05-2023,Max,Plus Size,Plus Bottoms,Home Centre Plus Bottoms Z241,Home Centre,1,2044,2044,10,1839.6,COD,Delivered,6,CUST3211,Ryan Kumer,Female,15,Kolkata,West Bengal,1.7,,11.36,547.44
ORD100996,02-03-2024,Flipkart,Fashion,Apparel,Portronics Apparel S641,Portronics,2,975,1950,30,1365,Debit Card,Delivered,3,CUST3266,Jiya Tara,Female,37,New Delhi,Delhi,2.8,,9.61,234.6
ORD100061,21-09-2025,Flipkart,Fashion,Footwear,Campus Footwear Z573,Campus,3,3541,10623,10,9560.7,UPI,In Transit,3,CUST2479,Miraan Bora,Male,24,Ahmedabad,Gujarat,3.3,,15.64,926.25
ORD101108,02-01-2023,Amazon,Books,Stationery,Sony Stationery S531,Sony,2,1848,3696,15,3141.6,COD,Delivered,12,CUST8171,Jayesh Devi,Male,16,Amritsar,Punjab,4.1,,16.6,330.03
ORD102405,13-09-2024,Flipkart,Home & Furniture,Decor,Zara Decor S244,Zara,2,4463,8926,15,7587.1,UPI,Delivered,5,CUST8284,Hiran Rout,Female,56,Chennai,Tamil Nadu,3.1,,10.99,2139.34
ORD100095,14-07-2024,Max,Men's Fashion,T-Shirts,Microsoft T-Shirts Z788,Microsoft,1,3147,3147,20,2517.6,UPI,Delivered,2,CUST8484,Aarush Choudhury,Male,60,Ahmedabad,Gujarat,2.1,,10.35,485.68
ORD100478,30-01-2024,Max,Accessories,Seasonal,Realme Seasonal Z777,Realme,1,1533,1533,5,1456.35,UPI,Delivered,3,CUST8550,Saira Sura,Male,34,Bengaluru,Karnataka,2,,5.54,121.82
ORD104359,14-04-2024,Flipkart,Fashion,Accessories,Portronics Accessories Z182,Portronics,1,1826,1826,5,1734.7,Credit Card,Returned,7,CUST3925,Yasmin Ganesh,Male,17,Bengaluru,Karnataka,1.5,Late delivery,13.76,329.16
ORD104112,22-07-2023,Myntra,Footwear,Formal,Red Tape Formal S648,Red Tape,3,1010,3030,25,2272.5,COD,Delivered,5,CUST9775,Prisha Singh,Female,47,Chennai,Tamil Nadu,1.4,,14.13,435.85
ORD103707,30-11-2023,Max,Women's Fashion,Bottoms,Samsung Bottoms Z211,Samsung,2,469,938,0,938,COD,Returned,3,CUST8873,Onkar Rajan,Male,23,Chennai,Tamil Nadu,1,Changed mind,10.28,135.67
ORD101101,08-02-2023,Flipkart,"Books, Sports & Gaming",Gaming,Microsoft Gaming X879,Microsoft,1,53183,53183,0,53183,Wallet,Delivered,8,CUST7750,Jivika Doshi,Male,44,Amritsar,Punjab,2.9,,9.97,7670.21
ORD102746,24-12-2023,Max,Accessories,Seasonal,Canon Seasonal M503,Canon,4,2035,8140,5,7733,COD,Delivered,9,CUST9117,Anya Khurana,Male,46,Pune,Maharashtra,2.1,,9.23,2231.29
ORD102170,19-11-2024,Amazon,Beauty & Personal Care,Makeup,Loreal Makeup S628,Loreal,3,2363,7089,0,7089,UPI,Delivered,8,CUST3223,Ira Konda,Female,32,Surat,Gujarat,4,,17.18,739.6
ORD100322,21-11-2023,Max,Plus Size,Plus Tops,Lilliput Plus Tops X880,Lilliput,4,3387,13548,20,10838.4,COD,Delivered,4,CUST9973,Anya Bhardwaj,Female,61,Kolkata,West Bengal,2.9,,11.09,1706.06
ORD104254,06-07-2024,Myntra,Footwear,Sports,Adidas Sports Z572,Adidas,3,1286,3858,5,3665.1,UPI,Delivered,2,CUST7526,Arnav Bhakta,Female,36,Mumbai,Maharashtra,2.4,,4.01,855.56
ORD103142,13-06-2024,Amazon,Groceries,Gourmet Foods,Nikon Gourmet Foods Z941,Nikon,2,2962,5924,0,5924,Wallet,Delivered,4,CUST8670,Nehmat Sankar,Male,40,Thiruvananthapuram,Kerala,3.9,,12.15,299.96
ORD103537,16-06-2023,Myntra,Home & Living,Furnishings,Portico Furnishings X497,Portico,2,2893,5786,30,4050.2,Debit Card,Delivered,4,CUST1004,Mehul Chowdhury,Female,26,Surat,Gujarat,3.3,,4.61,805.58
ORD104925,01-05-2024,Myntra,Accessories,Jewelry,Tanishq Jewelry M704,Tanishq,4,4711,18844,25,14133,COD,Delivered,6,CUST9978,Nishith Mangal,Male,62,Chennai,Tamil Nadu,2.7,,17.38,2640.08
ORD102924,03-05-2024,Amazon,Groceries,Snacks,JBL Snacks Z673,JBL,1,2977,2977,10,2679.3,UPI,Delivered,2,CUST5263,Kavya Barman,Male,61,Ahmedabad,Gujarat,3.7,,12.76,104.81
ORD101149,16-06-2023,Amazon,Books,Stationery,JBL Stationery Z331,JBL,2,1550,3100,10,2790,COD,Delivered,6,CUST9811,Aarav Varkey,Male,21,Noida,Uttar Pradesh,3.9,,15.88,331.06
ORD103617,26-01-2024,Max,Women's Fashion,Winter Wear,Apple Winter Wear M464,Apple,1,5431,5431,25,4073.25,UPI,Returned,7,CUST5901,Prisha Kakar,Male,22,New Delhi,Delhi,1.5,Defective,17.63,895.87
ORD100291,06-03-2024,Flipkart,Beauty & Personal Care,Makeup,Maybelline Makeup M275,Maybelline,3,1555,4665,5,4431.75,UPI,Delivered,7,CUST8503,Tara Singh,Male,22,New Delhi,Delhi,3.5,,11.42,889.29
ORD103749,09-08-2023,Flipkart,Fashion,Apparel,Lakme Apparel X657,Lakme,3,1350,4050,5,3847.5,Wallet,Delivered,6,CUST2301,Samarth Vig,Male,25,Jaipur,Rajasthan,3.1,,17.13,594.22
ORD103586,03-01-2023,Myntra,Clothing,Western Wear,Roadster Western Wear M468,Roadster,4,1087,4348,15,3695.8,COD,Delivered,7,CUST6250,Ira Brahmbhatt,Male,41,Ahmedabad,Gujarat,3,,15.3,1085.92
ORD100533,17-12-2024,Amazon,Home & Kitchen,Furniture,Ikea Furniture M220,Ikea,2,13447,26894,15,22859.9,COD,Delivered,7,CUST9963,Mehul Chatterjee,Male,32,Kozhikode,Kerala,4.9,,15.24,4278.97
ORD103607,11-09-2023,Flipkart,Automotive,Spare Parts,FabIndia Spare Parts X756,FabIndia,1,7719,7719,10,6947.1,Wallet,Delivered,10,CUST2954,Mamooty Mallick,Male,22,Ahmedabad,Gujarat,2.1,,13.04,650.03
ORD102648,31-07-2023,Amazon,Fashion,Bags,Baggit Bags Z676,Baggit,2,6178,12356,15,10502.6,COD,Delivered,11,CUST2666,Hunar Bhavsar,Male,31,Surat,Gujarat,4.4,,5.57,2542.58
ORD104810,16-03-2024,Max,Women's Fashion,Winter Wear,Adidas Winter Wear X581,Adidas,2,2210,4420,0,4420,COD,Delivered,3,CUST9212,Adah Rattan,Female,22,Pune,Maharashtra,1.3,,17.53,1007.04
ORD101983,29-08-2024,Amazon,Books,Stationery,Voylla Stationery M309,Voylla,1,787,787,15,668.95,UPI,Delivered,4,CUST2916,Mahika Suri,Female,40,Surat,Gujarat,4.6,,16.49,81.63
ORD102932,14-03-2025,Amazon,Sports & Outdoors,Sportswear,Nike Sportswear S584,Nike,4,687,2748,0,2748,UPI,Delivered,5,CUST9959,Veer Saraf,Female,19,Surat,Gujarat,4.4,,5.02,763.99
ORD101536,10-11-2024,Myntra,Accessories,Wallets,Philips Wallets Z105,Philips,3,5463,16389,40,9833.4,Debit Card,Delivered,4,CUST1551,Ishita Taneja,Male,25,Chennai,Tamil Nadu,2.8,,4.34,2941.04
ORD104534,08-04-2025,Amazon,Electronics,Televisions,Samsung Televisions M639,Samsung,1,39135,39135,5,37178.25,UPI,Delivered,1,CUST4792,Nitya Mahal,Male,26,Bengaluru,Karnataka,3.5,,9.71,4505.38
ORD104172,01-05-2025,Amazon,Baby Products,Apparel,Philips Apparel Z803,Philips,1,875,875,0,875,Credit Card,Delivered,3,CUST3673,Divit Bir,Male,58,Lucknow,Uttar Pradesh,4.3,,12.88,203.11
ORD103360,23-06-2023,Amazon,Baby Products,Diapers,Tanishq Diapers Z971,Tanishq,3,2275,6825,5,6483.75,COD,Cancelled,5,CUST8862,Trisha Taneja,Male,20,Mysuru,Karnataka,4.3,,5.64,863.59
ORD103665,21-07-2023,Max,Kids' Fashion,Kids Apparel,Xiaomi Kids Apparel M326,Xiaomi,1,2684,2684,25,2013,COD,Delivered,3,CUST8719,Romil Kant,Male,18,Noida,Uttar Pradesh,2,,4.33,254.11
ORD104005,18-10-2023,Amazon,Fashion,Watches,Titan Watches Z840,Titan,2,5818,11636,15,9890.6,UPI,Delivered,6,CUST3988,Madhav Chada,Female,16,Kolkata,West Bengal,4.1,,8.56,2871.36
ORD103626,21-01-2025,Max,Accessories,Seasonal,Microsoft Seasonal S497,Microsoft,1,4194,4194,20,3355.2,UPI,Delivered,4,CUST2676,Amani Srinivasan,Male,29,Kozhikode,Kerala,1.9,,15.69,653.59
ORD100586,04-08-2023,Max,Accessories,Shoes,Bata Shoes Z116,Bata,1,554,554,25,415.5,COD,Delivered,7,CUST2383,Mamooty Devan,Female,38,Surat,Gujarat,2.6,,15.87,60.73
ORD103256,13-08-2023,Amazon,Home & Kitchen,Furniture,HomeTown Furniture Z730,HomeTown,4,45849,183396,20,146716.8,COD,Delivered,10,CUST3817,Nayantara Khosla,Male,30,Chennai,Tamil Nadu,5,,5.9,28550.76
ORD102298,21-09-2024,Amazon,Books,Books,HarperCollins Books Z369,HarperCollins,1,496,496,15,421.6,Credit Card,Delivered,8,CUST2571,Fateh Mammen,Male,22,Noida,Uttar Pradesh,4.7,,7.41,82.11
ORD103988,12-02-2024,Amazon,Books,Stationery,Zara Stationery X206,Zara,2,688,1376,10,1238.4,UPI,Delivered,7,CUST2503,Nirvaan Deo,Male,24,Kolkata,West Bengal,3.5,,6.88,184.32
ORD100584,11-05-2023,Flipkart,Electronics,Computers,Dell Computers Z150,Dell,1,45191,45191,0,45191,Wallet,Delivered,8,CUST7145,Aaryahi Kannan,Female,52,Mumbai,Maharashtra,4.4,,17.22,2982.8
ORD102423,15-03-2024,Max,Accessories,Shoes,Adidas Shoes X774,Adidas,1,3266,3266,30,2286.2,UPI,Delivered,4,CUST7128,Zeeshan Chandran,Female,27,Kolkata,West Bengal,2.8,,11.52,212.98
ORD101391,12-06-2024,Amazon,Electronics,Cameras,Sony Cameras M943,Sony,1,87459,87459,5,83086.05,Debit Card,Delivered,7,CUST2180,Manjari Apte,Female,40,New Delhi,Delhi,4.2,,10.96,8654.51
ORD104525,27-03-2024,Amazon,Electronics,Mobiles,Apple Mobiles Z700,Apple,1,89833,89833,10,80849.7,UPI,Delivered,8,CUST4683,Aarna Taneja,Female,20,Bengaluru,Karnataka,3.7,,12.45,4200.01
ORD104920,06-09-2023,Flipkart,Grocery,Fresh,Asus Fresh M167,Asus,4,414,1656,5,1573.2,UPI,Delivered,4,CUST7204,Aniruddh Sood,Male,25,Pune,Maharashtra,4.3,,6.92,63.33
ORD104800,28-10-2024,Amazon,Beauty & Personal Care,Grooming,HUL Grooming X931,HUL,1,943,943,5,895.85,Credit Card,Delivered,3,CUST6120,Kiara Vasa,Female,45,Surat,Gujarat,4.8,,12.1,206.91
ORD103240,17-03-2024,Flipkart,Grocery,Essentials,Lenovo Essentials M665,Lenovo,3,3915,11745,0,11745,UPI,Delivered,7,CUST9310,Jhanvi Rajagopalan,Male,42,Bengaluru,Karnataka,4.2,,7.99,827.42
ORD104281,15-05-2025,Flipkart,Home & Furniture,Household Essentials,Philips Household Essentials X194,Philips,4,3308,13232,5,12570.4,UPI,In Transit,1,CUST1385,Vardaniya Venkatesh,Female,47,Chennai,Tamil Nadu,3,,13.11,3409.26
ORD103338,28-04-2023,Myntra,Personal Care,Makeup,Lakme Makeup X631,Lakme,1,641,641,25,480.75,UPI,Delivered,9,CUST7669,Pihu Wadhwa,Male,34,Noida,Uttar Pradesh,2.8,,13.5,47.73
ORD103220,10-05-2025,Flipkart,Automotive,Spare Parts,Realme Spare Parts S152,Realme,4,1784,7136,10,6422.4,UPI,Delivered,5,CUST2923,Hansh Srinivasan,Male,43,Surat,Gujarat,3,,13.73,780.58
ORD102111,22-01-2023,Flipkart,Home & Furniture,Kitchen Appliances,Microsoft Kitchen Appliances X669,Microsoft,2,2457,4914,0,4914,COD,Delivered,5,CUST7891,Ela Mannan,Female,21,Surat,Gujarat,4.1,,12.17,755.93
ORD101174,20-04-2023,Max,Women's Fashion,Winter Wear,Sony Winter Wear X999,Sony,4,799,3196,20,2556.8,COD,Delivered,11,CUST8686,Siya Mammen,Female,46,Chennai,Tamil Nadu,3.1,,17.3,650.8
ORD104862,28-01-2025,Amazon,Electronics,Televisions,Samsung Televisions Z411,Samsung,1,83286,83286,0,83286,UPI,Returned,6,CUST7724,Farhan De,Male,28,New Delhi,Delhi,3.6,Late delivery,9.01,6739.79
ORD103811,01-06-2024,Flipkart,Automotive,Accessories,JBL Accessories S603,JBL,1,4883,4883,15,4150.55,Credit Card,Delivered,7,CUST5978,Myra Kar,Male,17,Mumbai,Maharashtra,3.3,,15.07,885.22
ORD101867,24-07-2023,Amazon,Books,Books,HarperCollins Books S173,HarperCollins,3,1296,3888,0,3888,COD,In Transit,4,CUST9659,Armaan Issac,Male,27,Lucknow,Uttar Pradesh,4.2,,16.2,414.65
ORD102614,28-08-2024,Amazon,Beauty & Personal Care,Grooming,HUL Grooming S885,HUL,3,3436,10308,5,9792.6,UPI,Delivered,2,CUST2639,Abram Choudhury,Male,37,New Delhi,Delhi,4.4,,17.03,1450.98
ORD103866,07-07-2024,Amazon,Groceries,Snacks,Nikon Snacks M316,Nikon,1,5277,5277,10,4749.3,COD,Delivered,5,CUST1224,Ira Sunder,Female,26,Chennai,Tamil Nadu,3.8,,16.3,143.77
ORD104885,06-02-2024,Myntra,Footwear,Sports,Lakme Sports X438,Lakme,1,1960,1960,40,1176,UPI,Delivered,8,CUST3334,Yuvaan Joshi,Female,32,Kolkata,West Bengal,1.9,,16.4,221.07
ORD103778,18-01-2025,Amazon,Electronics,Cameras,Nikon Cameras X959,Nikon,1,21155,21155,0,21155,Debit Card,Delivered,3,CUST3725,Kashvi Amble,Male,26,Kolkata,West Bengal,3.6,,5.47,3476.76
ORD103846,07-10-2023,Amazon,Fashion,Clothing,Zara Clothing M512,Zara,3,4557,13671,10,12303.9,COD,Delivered,5,CUST7899,Rasha Sharma,Female,25,New Delhi,Delhi,4.5,,4.22,3434.13
ORD102416,20-08-2023,Flipkart,Grocery,Essentials,LG Essentials S357,LG,1,4095,4095,10,3685.5,UPI,Delivered,3,CUST5456,Anay Tella,Male,19,Chennai,Tamil Nadu,3.1,,10.38,277.61
ORD100070,28-05-2023,Amazon,Electronics,Accessories,Boat Accessories M907,Boat,1,2712,2712,5,2576.4,Wallet,Delivered,11,CUST7116,Aaina Dash,Male,33,Bengaluru,Karnataka,3.6,,10.58,341.73
ORD104880,04-12-2023,Amazon,Electronics,Accessories,Portronics Accessories X971,Portronics,2,2498,4996,0,4996,COD,In Transit,10,CUST8960,Nakul Dani,Male,39,New Delhi,Delhi,4.4,,6.12,642.08
ORD101126,08-05-2024,Max,Women's Fashion,Tops,Roadster Tops Z962,Roadster,1,1057,1057,5,1004.15,UPI,Delivered,4,CUST3361,Kimaya Thakkar,Female,21,Kolkata,West Bengal,2.4,,6.58,222.26
ORD104024,13-06-2024,Amazon,Electronics,Accessories,JBL Accessories S270,JBL,2,3304,6608,10,5947.2,COD,Delivered,5,CUST1820,Emir Kapoor,Male,45,Bengaluru,Karnataka,4.6,,13.68,303.06
ORD103250,13-09-2023,Myntra,Home & Living,Decor,BigBasket Decor S880,BigBasket,4,5053,20212,25,15159,UPI,Delivered,8,CUST3642,Taran Chopra,Male,17,Vadodara,Gujarat,2.3,,7.29,4065.48
ORD103901,24-04-2024,Flipkart,Electronics,Computers,Dell Computers Z627,Dell,1,37442,37442,5,35569.9,UPI,Delivered,6,CUST8713,Siya Sahota,Male,20,Mumbai,Maharashtra,3,,13.59,3872.07
ORD101095,09-03-2023,Amazon,Fashion,Jewelry,Voylla Jewelry X981,Voylla,3,23738,71214,20,56971.2,Credit Card,Delivered,11,CUST9384,Divij Sengupta,Female,24,Chennai,Tamil Nadu,4.5,,6.94,7861.25
ORD104545,03-10-2023,Flipkart,Fashion,Accessories,Boat Accessories X289,Boat,3,2149,6447,10,5802.3,COD,Delivered,11,CUST4268,Anaya Varma,Male,29,Kanpur,Uttar Pradesh,2.5,,12,1709.15
ORD101212,18-03-2025,Flipkart,Grocery,Essentials,Sony Essentials S470,Sony,2,2757,5514,0,5514,Debit Card,Delivered,3,CUST2614,Neysa Madan,Male,22,Bengaluru,Karnataka,3,,8.35,206.47
ORD103921,17-05-2023,Flipkart,Electronics,Mobiles,Xiaomi Mobiles M603,Xiaomi,1,7089,7089,0,7089,Wallet,Delivered,10,CUST3200,Krish Kamdar,Male,35,Bengaluru,Karnataka,3.3,,17.91,739.32
ORD101425,28-05-2024,Max,Accessories,Shoes,Adidas Shoes X312,Adidas,1,2666,2666,20,2132.8,Credit Card,Delivered,6,CUST3745,Sumer Swamy,Female,19,Bengaluru,Karnataka,1.6,,16.14,386.59
ORD103066,08-01-2025,Flipkart,Automotive,Spare Parts,Titan Spare Parts M520,Titan,1,1091,1091,5,1036.45,UPI,Delivered,1,CUST6008,Samaira Bose,Female,59,Bengaluru,Karnataka,3.2,,11.35,141.86
ORD104519,17-08-2023,Amazon,Books,Books,HarperCollins Books M411,HarperCollins,1,1914,1914,10,1722.6,COD,Delivered,6,CUST9200,Divyansh Shanker,Female,22,Pune,Maharashtra,3.7,,11.5,327.26
ORD102100,27-09-2025,Amazon,Electronics,Accessories,Boat Accessories X370,Boat,2,3762,7524,20,6019.2,UPI,Delivered,3,CUST4506,Mohanlal Butala,Female,40,Bengaluru,Karnataka,4.7,,11.53,527.11
ORD100807,12-10-2024,Amazon,Electronics,Accessories,Portronics Accessories M209,Portronics,1,3992,3992,5,3792.4,UPI,Returned,6,CUST4672,Gatik Chaudhry,Male,35,New Delhi,Delhi,3.8,Defective,10.83,522
ORD104743,20-01-2025,Flipkart,Fashion,Apparel,Voylla Apparel M246,Voylla,3,5322,15966,0,15966,UPI,Delivered,5,CUST5573,Dishani Iyer,Male,20,Mumbai,Maharashtra,3,,14.96,4753.25
ORD103750,16-01-2025,Max,Women's Fashion,Winter Wear,Dell Winter Wear S640,Dell,2,1070,2140,30,1498,COD,Delivered,6,CUST1795,Myra Gopal,Female,43,Mumbai,Maharashtra,2.2,,11.24,303.93
ORD101362,25-07-2023,Myntra,Personal Care,Makeup,Loreal Makeup S997,Loreal,3,1401,4203,20,3362.4,UPI,Delivered,12,CUST1401,Heer Grewal,Female,15,Kochi,Kerala,3.1,,5.7,369.78
ORD102317,14-09-2023,Amazon,Fashion,Bags,Baggit Bags S866,Baggit,2,7588,15176,0,15176,Credit Card,Delivered,10,CUST4516,Tanya Kashyap,Female,17,Chennai,Tamil Nadu,3.3,,8.76,2973.37
ORD104581,05-09-2024,Amazon,Baby Products,Apparel,MotherCare Apparel X455,MotherCare,3,2195,6585,10,5926.5,UPI,Returned,4,CUST9745,Gatik Chhabra,Male,24,Chennai,Tamil Nadu,2.3,Defective,6.53,996.83
ORD104741,09-02-2023,Amazon,Books,Books,Penguin Books M322,Penguin,1,1120,1120,0,1120,COD,Delivered,5,CUST8305,Divit Ratta,Male,45,Chennai,Tamil Nadu,4.4,,12.84,198.46
ORD101025,21-07-2023,Flipkart,"Books, Sports & Gaming",Sporting Goods,W Sporting Goods S628,W,2,2285,4570,0,4570,UPI,Delivered,5,CUST5601,Kavya Tata,Female,15,Surat,Gujarat,4.2,,9.85,936.49
ORD103109,25-07-2025,Flipkart,Electronics,Home Electronics,HarperCollins Home Electronics S205,HarperCollins,4,3130,12520,0,12520,UPI,In Transit,4,CUST7641,Urvi Khanna,Male,55,Lucknow,Uttar Pradesh,3.5,,13.42,2174.21
ORD102110,11-08-2025,Amazon,Beauty & Personal Care,Grooming,HUL Grooming M347,HUL,4,2674,10696,10,9626.4,Credit Card,Delivered,2,CUST7351,Romil Sanghvi,Male,16,Pune,Maharashtra,3.9,,5.32,1668.92
ORD101041,25-03-2023,Amazon,Groceries,Gourmet Foods,LocalFarm Gourmet Foods X355,LocalFarm,2,2549,5098,0,5098,COD,Delivered,10,CUST5362,Riaan Walla,Female,26,Ahmedabad,Gujarat,4.6,,9.1,155.22
ORD101876,12-07-2023,Amazon,Home & Kitchen,Furniture,Ikea Furniture X732,Ikea,3,59499,178497,10,160647.3,COD,Delivered,8,CUST2366,Nitara Bir,Male,43,New Delhi,Delhi,3.8,,7.7,16934.96
ORD100881,12-04-2023,Amazon,Fashion,Shoes,Puma Shoes Z871,Puma,2,6665,13330,40,7998,UPI,Delivered,7,CUST7595,Renee Chokshi,Female,22,Chennai,Tamil Nadu,4.5,,11.48,1094.28
ORD104299,07-10-2023,Flipkart,Beauty & Personal Care,Grooming,Philips Grooming S529,Philips,3,3778,11334,5,10767.3,COD,Delivered,9,CUST5537,Farhan Wason,Male,35,New Delhi,Delhi,3.2,,9.51,1819.73
ORD101192,19-04-2024,Max,Men's Fashion,Shirts,Only Shirts S332,Only,1,777,777,30,543.9,UPI,Returned,7,CUST6646,Indrajit Mahal,Female,31,Pune,Maharashtra,1,Other,14.56,46.26
ORD104587,25-09-2023,Amazon,Fashion,Watches,Fastrack Watches M926,Fastrack,3,2888,8664,5,8230.8,COD,In Transit,6,CUST7872,Aarav Dugal,Male,58,Kolkata,West Bengal,4.3,,13.72,2218.56
ORD104510,06-04-2024,Myntra,Home & Living,Decor,Philips Decor X783,Philips,4,2968,11872,15,10091.2,UPI,Returned,8,CUST4584,Sahil Sanghvi,Female,18,Surat,Gujarat,1.9,Other,16.28,914.5
ORD103670,17-02-2024,Flipkart,Grocery,Essentials,Nilkamal Essentials Z896,Nilkamal,2,570,1140,0,1140,COD,Delivered,5,CUST1989,Navya Ahluwalia,Female,26,Bengaluru,Karnataka,3.6,,11.27,52.07
ORD100624,23-04-2025,Max,Accessories,Seasonal,HomeTown Seasonal S497,HomeTown,4,5254,21016,5,19965.2,UPI,Delivered,6,CUST6900,Heer Gara,Female,27,Bengaluru,Karnataka,1,,6.14,3953.51
ORD102796,18-07-2024,Amazon,Books,Books,HarperCollins Books S756,HarperCollins,3,1543,4629,0,4629,Credit Card,Delivered,2,CUST9413,Neysa Konda,Female,47,Mumbai,Maharashtra,4.1,,14.7,377.37
ORD104291,25-01-2023,Amazon,Baby Products,Apparel,Asus Apparel X532,Asus,4,3962,15848,5,15055.6,COD,Delivered,5,CUST5236,Anahi Rajagopalan,Male,57,Howrah,West Bengal,3.5,,5.61,3086.88
ORD104968,14-02-2024,Max,Kids' Fashion,Kids Shoes,MotherCare Kids Shoes S231,MotherCare,1,3647,3647,10,3282.3,COD,Delivered,2,CUST8363,Indranil Tella,Male,21,Ahmedabad,Gujarat,2.9,,11.34,331.85
ORD100233,01-08-2024,Amazon,Beauty & Personal Care,Makeup,Lakme Makeup X508,Lakme,4,2307,9228,5,8766.6,COD,Delivered,3,CUST1807,Ahana  Karan,Male,37,Madurai,Tamil Nadu,3.5,,5.85,860.53
ORD104566,02-10-2025,Flipkart,Beauty & Personal Care,Grooming,HUL Grooming Z879,HUL,1,3058,3058,10,2752.2,UPI,Delivered,2,CUST3734,Mahika Kanda,Female,37,Chennai,Tamil Nadu,3.8,,13.69,713.87
ORD101662,19-01-2025,Amazon,Home & Kitchen,Appliances,Samsung Appliances M294,Samsung,1,47857,47857,0,47857,UPI,Delivered,5,CUST3615,Kartik Rao,Male,32,Mumbai,Maharashtra,4.2,,4.92,6709.74
ORD100415,31-12-2024,Max,Accessories,Bags,Wildcraft Bags X668,Wildcraft,4,821,3284,25,2463,UPI,Delivered,8,CUST2922,Oorja Sheth,Female,37,Nagpur,Maharashtra,2,,14.54,720.3
ORD104246,21-09-2025,Myntra,Home & Living,Decor,JBL Decor X987,JBL,1,5530,5530,0,5530,Credit Card,Delivered,1,CUST3716,Yuvraj  Bhasin,Male,24,Amritsar,Punjab,2.4,,11.95,768.59
ORD102173,30-01-2024,Flipkart,Grocery,Essentials,Lilliput Essentials S156,Lilliput,3,5537,16611,5,15780.45,Credit Card,In Transit,7,CUST2590,Eva Seshadri,Male,19,Ludhiana,Punjab,3.6,,16.06,646.2
ORD101456,07-11-2024,Flipkart,Beauty & Personal Care,Makeup,Maybelline Makeup Z451,Maybelline,3,1147,3441,10,3096.9,UPI,Delivered,2,CUST6795,Ivan Malhotra,Female,26,Lucknow,Uttar Pradesh,4.2,,10.66,721.48
ORD100746,07-06-2023,Myntra,Clothing,Western Wear,Campus Sutra Western Wear M867,Campus Sutra,2,2095,4190,10,3771,COD,Delivered,9,CUST3336,Diya Acharya,Female,20,Ahmedabad,Gujarat,1.4,,15.86,653.83
ORD100017,18-10-2024,Flipkart,Beauty & Personal Care,Grooming,Philips Grooming M145,Philips,2,3434,6868,25,5151,COD,Delivered,8,CUST9379,Miraan Badal,Male,23,Pune,Maharashtra,2.1,,8.39,1099.05
ORD101200,03-08-2023,Amazon,Fashion,Shoes,Puma Shoes S510,Puma,2,6682,13364,25,10023,UPI,Delivered,4,CUST6776,Mishti Mann,Female,43,Ahmedabad,Gujarat,4.3,,5.41,1115.48
ORD101699,24-07-2024,Amazon,Sports & Outdoors,Outdoor Gear,LG Outdoor Gear X499,LG,1,3334,3334,5,3167.3,UPI,Delivered,3,CUST4698,Seher Chanda,Female,22,Howrah,West Bengal,3.7,,10.63,485.76
ORD103253,21-06-2025,Amazon,Home & Kitchen,Kitchenware,Hawkins Kitchenware M767,Hawkins,3,4195,12585,5,11955.75,COD,Delivered,1,CUST1110,Faiyaz Deshpande,Male,29,Mumbai,Maharashtra,4.6,,6.51,3444.74
ORD100596,18-03-2023,Amazon,Groceries,Gourmet Foods,Sony Gourmet Foods S382,Sony,2,1122,2244,15,1907.4,Credit Card,Delivered,6,CUST5072,Lakshay Dalal,Male,28,Lucknow,Uttar Pradesh,3.9,,9.87,113.63
ORD103226,02-11-2023,Max,Kids' Fashion,Accessories,JBL Accessories Z226,JBL,1,4701,4701,10,4230.9,UPI,Returned,5,CUST5091,Shlok Konda,Male,18,Noida,Uttar Pradesh,2.9,Changed mind,17.95,584.29
ORD104405,10-05-2025,Amazon,Baby Products,Diapers,Puma Diapers Z769,Puma,2,2567,5134,5,4877.3,UPI,Delivered,4,CUST5391,Aradhya Halder,Male,47,Chennai,Tamil Nadu,3,,12.11,977.46
ORD104719,23-11-2024,Amazon,Baby Products,Diapers,Realme Diapers X171,Realme,1,3388,3388,0,3388,Wallet,Delivered,4,CUST8100,Eva Bhardwaj,Female,44,Surat,Gujarat,4.3,,8.88,838.31
ORD101505,03-04-2025,Myntra,Personal Care,Haircare,Maybelline Haircare S527,Maybelline,3,5714,17142,15,14570.7,UPI,Delivered,6,CUST8399,Yuvaan Dube,Female,28,Amritsar,Punjab,2.6,,8.65,2781.05
ORD101412,10-02-2023,Max,Kids' Fashion,Kids Apparel,Samsung Kids Apparel M608,Samsung,2,4611,9222,25,6916.5,COD,Delivered,12,CUST1078,Tara Sahni,Male,22,Lucknow,Uttar Pradesh,1.8,,14.41,1923.56
ORD101965,11-07-2024,Myntra,Personal Care,Fragrances,Microsoft Fragrances X643,Microsoft,4,3570,14280,5,13566,UPI,Delivered,5,CUST4554,Aaina Karnik,Female,17,Pune,Maharashtra,2.1,,17.91,2407.02
ORD100371,20-07-2023,Max,Men's Fashion,Shirts,Samsung Shirts S809,Samsung,4,3118,12472,10,11224.8,UPI,Delivered,9,CUST1691,Kismat Rajagopalan,Male,42,Chennai,Tamil Nadu,2.4,,8.6,1156.9
ORD101340,15-10-2024,Max,Women's Fashion,Bottoms,Nike Bottoms M205,Nike,2,1953,3906,10,3515.4,UPI,Delivered,8,CUST8265,Advika Saran,Female,38,Jaipur,Rajasthan,3,,4.7,590.85
ORD100598,20-06-2025,Max,Kids' Fashion,Kids Shoes,Sparx Kids Shoes Z531,Sparx,1,3733,3733,10,3359.7,UPI,Delivered,4,CUST6940,Yasmin Amble,Male,23,Bengaluru,Karnataka,2.5,,5.44,1006.14
ORD100238,11-05-2024,Max,Accessories,Bags,Wildcraft Bags M999,Wildcraft,1,662,662,30,463.4,UPI,Delivered,2,CUST9212,Lavanya Jain,Male,38,Mysuru,Karnataka,2,,12.75,61.15
ORD103400,19-02-2023,Amazon,Home & Kitchen,Kitchenware,Hawkins Kitchenware X682,Hawkins,3,5242,15726,10,14153.4,COD,Delivered,10,CUST9891,Baiju Balan,Female,60,Lucknow,Uttar Pradesh,3.1,,9,2920.96
ORD102067,15-07-2023,Amazon,Home & Kitchen,Kitchenware,Hawkins Kitchenware X395,Hawkins,2,7542,15084,5,14329.8,Credit Card,Delivered,9,CUST2889,Aaina Gokhale,Male,22,Chennai,Tamil Nadu,4.7,,14.16,2870
ORD100810,05-10-2025,Amazon,Baby Products,Apparel,Puma Apparel Z210,Puma,4,403,1612,15,1370.2,UPI,Delivered,1,CUST3674,Biju Gulati,Female,32,Ludhiana,Punjab,3.3,,14.15,217.46
ORD101094,18-11-2024,Max,Kids' Fashion,Kids Shoes,Puma Kids Shoes Z626,Puma,2,631,1262,25,946.5,UPI,Delivered,6,CUST1651,Urvi Bhargava,Female,42,Lucknow,Uttar Pradesh,3.5,,16.11,188.33
ORD104324,03-07-2023,Myntra,Accessories,Jewelry,Voylla Jewelry S782,Voylla,1,797,797,30,557.9,Wallet,Delivered,5,CUST5208,Shaan Hegde,Male,64,Nagpur,Maharashtra,2.4,,8.03,147.97
ORD104760,02-01-2023,Flipkart,Electronics,Computers,HP Computers X556,HP,1,70667,70667,0,70667,COD,Delivered,9,CUST7389,Renee Bava,Male,15,Mumbai,Maharashtra,3.5,,6.67,4857.56
ORD103676,03-09-2023,Flipkart,Automotive,Accessories,Boat Accessories X924,Boat,2,2650,5300,5,5035,COD,Delivered,8,CUST7726,Divit Rout,Female,18,Coimbatore,Tamil Nadu,4,,16.98,469.68
ORD103464,05-07-2025,Max,Plus Size,Plus Tops,Ikea Plus Tops Z785,Ikea,2,3474,6948,15,5905.8,UPI,Delivered,1,CUST5706,Sumer Bumb,Male,42,Mumbai,Maharashtra,3.4,,13.3,933.76
ORD103103,23-06-2023,Flipkart,Automotive,Spare Parts,HRX Spare Parts M294,HRX,1,1972,1972,20,1577.6,COD,Delivered,6,CUST5011,Navya Bhatti,Male,48,Pune,Maharashtra,1.9,,8.48,409.26
ORD102749,08-12-2024,Max,Plus Size,Plus Bottoms,Penguin Plus Bottoms S951,Penguin,2,1809,3618,10,3256.2,Credit Card,Delivered,8,CUST3450,Eshani Uppal,Female,65,Surat,Gujarat,2.1,,5.47,493.07
ORD102295,11-09-2025,Flipkart,Home & Furniture,Household Essentials,Loreal Household Essentials X505,Loreal,3,4977,14931,5,14184.45,UPI,Delivered,4,CUST2926,Devansh Rao,Female,45,Ahmedabad,Gujarat,2.5,,10.81,1148.72
ORD104192,24-02-2024,Max,Plus Size,Plus Bottoms,Samsung Plus Bottoms X375,Samsung,3,1277,3831,0,3831,UPI,Delivered,3,CUST4797,Miraya Goel,Female,17,Mumbai,Maharashtra,2.5,,4.08,1054.11
ORD103708,03-09-2025,Amazon,Books,Books,Penguin Books S339,Penguin,1,899,899,5,854.05,UPI,Delivered,5,CUST9844,Ishita Chadha,Female,64,Surat,Gujarat,4.5,,6.39,99.48
ORD103018,23-08-2023,Max,Women's Fashion,Dresses,Sony Dresses M933,Sony,3,391,1173,20,938.4,COD,Delivered,11,CUST3238,Mannat Deol,Female,52,Mangalore,Karnataka,2.2,,11.38,76.9
ORD104252,13-10-2023,Myntra,Personal Care,Fragrances,HP Fragrances S269,HP,3,1069,3207,15,2725.95,Credit Card,Delivered,3,CUST7508,Emir Deshmukh,Female,35,Chennai,Tamil Nadu,3,,17.08,735.56
ORD100803,16-01-2023,Amazon,Groceries,Gourmet Foods,Realme Gourmet Foods M197,Realme,1,1176,1176,0,1176,UPI,Delivered,4,CUST3594,Samar Sani,Female,50,Surat,Gujarat,5,,5.25,38.51
ORD104190,30-07-2025,Myntra,Personal Care,Fragrances,Philips Fragrances S659,Philips,4,3822,15288,5,14523.6,UPI,Delivered,6,CUST6495,Samar Choudhury,Male,50,Pune,Maharashtra,2.8,,16.09,2996.01
ORD103705,28-01-2023,Max,Men's Fashion,Winter Wear,Lakme Winter Wear Z656,Lakme,1,2621,2621,10,2358.9,COD,Delivered,10,CUST6439,Tejas Mann,Male,15,Ahmedabad,Gujarat,2.1,,6.55,543.79
ORD100751,29-07-2024,Max,Men's Fashion,T-Shirts,BigBasket T-Shirts X245,BigBasket,3,3355,10065,30,7045.5,UPI,Delivered,2,CUST1050,Armaan Sama,Male,45,Noida,Uttar Pradesh,2.4,,15.7,2084.1
ORD104644,26-05-2023,Amazon,Beauty & Personal Care,Grooming,HUL Grooming X978,HUL,2,3461,6922,5,6575.9,COD,Delivered,6,CUST2665,Charvi Verma,Male,25,Noida,Uttar Pradesh,3.5,,16.83,1944.93
ORD102531,06-01-2024,Amazon,Electronics,Televisions,LG Televisions X544,LG,1,66070,66070,0,66070,UPI,In Transit,3,CUST8872,Parinaaz Gopal,Male,40,Chennai,Tamil Nadu,2.8,,16.3,4720.95
ORD100621,19-02-2025,Myntra,Clothing,Ethnic Wear,FabIndia Ethnic Wear M279,FabIndia,4,5037,20148,0,20148,Debit Card,Delivered,2,CUST1232,Trisha Walla,Female,19,Kanpur,Uttar Pradesh,2.7,,14.15,1805.8
ORD102297,18-05-2025,Myntra,Clothing,Western Wear,Roadster Western Wear X754,Roadster,4,1879,7516,20,6012.8,Credit Card,Delivered,6,CUST8613,Pari Wadhwa,Female,15,New Delhi,Delhi,2.3,,8.14,1033.34
ORD103828,29-08-2025,Amazon,Beauty & Personal Care,Healthcare,Himalaya Healthcare S325,Himalaya,4,123,492,0,492,UPI,Delivered,4,CUST7272,Renee Talwar,Female,19,Chennai,Tamil Nadu,4.5,,12.78,104.86
ORD100566,13-01-2025,Amazon,Sports & Outdoors,Outdoor Gear,Puma Outdoor Gear M199,Puma,4,4601,18404,0,18404,Credit Card,Delivered,1,CUST4982,Chirag Kala,Male,29,Kolkata,West Bengal,4.1,,13.19,2047.06
ORD101135,20-09-2025,Amazon,Sports & Outdoors,Fitness,Decathlon Fitness Z168,Decathlon,2,29025,58050,0,58050,UPI,Returned,6,CUST8099,Bhamini Rama,Female,51,Jaipur,Rajasthan,3.6,Defective,8.64,9892.43
ORD101204,10-06-2024,Amazon,Fashion,Watches,Titan Watches Z160,Titan,2,704,1408,20,1126.4,COD,In Transit,8,CUST6505,Raunak Dada,Female,37,Kanpur,Uttar Pradesh,3.9,,15.82,318.83
ORD101047,04-02-2023,Max,Accessories,Bags,Wildcraft Bags M111,Wildcraft,4,2899,11596,30,8117.2,Credit Card,In Transit,12,CUST7287,Nirvi Mangat,Male,21,Mangalore,Karnataka,2.5,,11.56,1800.18
ORD100051,16-01-2023,Amazon,Beauty & Personal Care,Healthcare,Himalaya Healthcare M569,Himalaya,1,391,391,5,371.45,COD,Delivered,8,CUST9254,Divit Rau,Female,23,Bengaluru,Karnataka,4.2,,11.19,38.63
ORD103651,28-08-2025,Flipkart,Home & Furniture,Decor,Himalaya Decor S985,Himalaya,2,3423,6846,25,5134.5,UPI,Delivered,6,CUST2079,Lagan Randhawa,Male,31,Noida,Uttar Pradesh,3.2,,12.15,1184.88
ORD101044,22-08-2024,Amazon,Books,Stationery,Bosch Stationery Z281,Bosch,2,1369,2738,20,2190.4,COD,Delivered,5,CUST8433,Stuvan Deo,Female,51,Kanpur,Uttar Pradesh,3.9,,9.37,279.89
ORD102181,16-12-2024,Max,Plus Size,Plus Bottoms,Sony Plus Bottoms X355,Sony,4,304,1216,0,1216,COD,Delivered,7,CUST2458,Saksham Joshi,Male,33,Noida,Uttar Pradesh,2.1,,4.36,229.05
ORD102688,28-10-2024,Myntra,Clothing,Western Wear,Campus Sutra Western Wear S871,Campus Sutra,3,5297,15891,15,13507.35,UPI,Delivered,3,CUST4104,Kaira Deol,Male,28,Pune,Maharashtra,1.7,,9.73,3130.86
ORD100534,21-03-2024,Max,Kids' Fashion,Accessories,JBL Accessories S268,JBL,3,3321,9963,5,9464.85,UPI,Delivered,7,CUST6409,Rati Gandhi,Female,36,Noida,Uttar Pradesh,1.9,,10.61,1195.75
ORD103184,28-03-2025,Amazon,Electronics,Accessories,Portronics Accessories Z526,Portronics,4,374,1496,10,1346.4,UPI,Delivered,1,CUST4087,Riya Dhaliwal,Male,39,Ahmedabad,Gujarat,3.5,,8.63,91.52
ORD103857,19-06-2023,Amazon,Electronics,Accessories,JBL Accessories M332,JBL,4,3679,14716,10,13244.4,UPI,Delivered,12,CUST5653,Arnav Hans,Male,63,Pune,Maharashtra,3.9,,11.89,1512.15
ORD100443,04-02-2024,Flipkart,Automotive,Spare Parts,Prestige Spare Parts S921,Prestige,3,2790,8370,5,7951.5,COD,Delivered,5,CUST7782,Purab Lad,Female,28,Ahmedabad,Gujarat,2.6,,9.93,1849.14
ORD103604,20-09-2025,Max,Men's Fashion,Shirts,Adidas Shirts M747,Adidas,3,5139,15417,10,13875.3,UPI,Delivered,2,CUST7859,Hiran Dasgupta,Male,27,Mysuru,Karnataka,2.3,,17.8,2423.92
ORD100195,18-09-2025,Flipkart,Automotive,Spare Parts,Maybelline Spare Parts Z911,Maybelline,4,11395,45580,5,43301,UPI,Delivered,4,CUST7649,Hrishita Magar,Female,20,New Delhi,Delhi,2.9,,17.62,5587.47
ORD101115,16-02-2023,Flipkart,"Books, Sports & Gaming",Sporting Goods,Sony Sporting Goods M369,Sony,3,4458,13374,15,11367.9,COD,Delivered,5,CUST4242,Devansh Lad,Female,19,Bengaluru,Karnataka,3.5,,16.09,2965.12
ORD100765,19-09-2025,Amazon,Home & Kitchen,Appliances,Samsung Appliances X465,Samsung,1,24366,24366,10,21929.4,UPI,Delivered,5,CUST1586,Aradhya Sehgal,Female,65,Surat,Gujarat,5,,11.11,6397.56
ORD101945,09-07-2025,Flipkart,"Books, Sports & Gaming",Sporting Goods,H&M Sporting Goods S666,H&M,3,2304,6912,5,6566.4,UPI,Delivered,1,CUST2512,Adira Sur,Female,24,Ahmedabad,Gujarat,3.3,,10.07,1230.43
ORD103247,30-04-2023,Amazon,Sports & Outdoors,Outdoor Gear,BigBasket Outdoor Gear M859,BigBasket,1,4439,4439,0,4439,Credit Card,Delivered,8,CUST5141,Purab Khosla,Male,37,Pune,Maharashtra,3.9,,17.78,839.43
ORD103002,28-01-2024,Myntra,Clothing,Western Wear,Roadster Western Wear Z211,Roadster,1,1547,1547,30,1082.9,Credit Card,In Transit,7,CUST9849,Divij Sarin,Male,36,Ahmedabad,Gujarat,1.9,,9.08,160.33
ORD101432,10-05-2025,Flipkart,Automotive,Spare Parts,Campus Spare Parts Z193,Campus,4,7319,29276,10,26348.4,UPI,In Transit,6,CUST2922,Ryan Borde,Female,16,Bengaluru,Karnataka,4.3,,7.43,5073.74
ORD104200,22-06-2023,Flipkart,Automotive,Spare Parts,Levis Spare Parts X519,Levis,2,4385,8770,15,7454.5,Debit Card,Returned,12,CUST4947,Pihu Tella,Male,54,Thiruvananthapuram,Kerala,3.1,Size issue,11.17,707.47
ORD103095,23-01-2024,Amazon,Beauty & Personal Care,Makeup,Maybelline Makeup X738,Maybelline,4,480,1920,10,1728,Debit Card,Delivered,4,CUST2173,Alisha Chana,Male,36,Howrah,West Bengal,4.9,,13.54,393.5
ORD102922,03-10-2024,Flipkart,Automotive,Accessories,Portronics Accessories M527,Portronics,1,2071,2071,20,1656.8,COD,Delivered,6,CUST3017,Yuvraj  Chokshi,Male,23,Chennai,Tamil Nadu,3,,11.2,303.52
ORD100644,23-03-2025,Amazon,Beauty & Personal Care,Makeup,Lakme Makeup Z717,Lakme,2,2182,4364,10,3927.6,Credit Card,Delivered,1,CUST6269,Krish Sandhu,Female,40,Mumbai,Maharashtra,3.7,,9.38,442.4
ORD101049,30-06-2024,Amazon,Electronics,Mobiles,Samsung Mobiles M353,Samsung,1,45707,45707,5,43421.65,COD,Delivered,5,CUST5757,Jhanvi Balakrishnan,Male,15,Lucknow,Uttar Pradesh,3.9,,6.14,6486.44
ORD103745,27-07-2025,Amazon,Books,Stationery,Voylla Stationery X537,Voylla,4,1030,4120,20,3296,UPI,Delivered,2,CUST8095,Madhav Brar,Female,48,Bengaluru,Karnataka,4.3,,7.66,560.01
ORD104093,28-10-2024,Max,Accessories,Shoes,Puma Shoes S190,Puma,2,7774,15548,10,13993.2,COD,Delivered,8,CUST4104,Zara Deshpande,Male,30,Madurai,Tamil Nadu,1.9,,8.8,3871.21
ORD104403,09-04-2025,Amazon,Baby Products,Feeding Supplies,FabIndia Feeding Supplies X931,FabIndia,1,4859,4859,10,4373.1,UPI,Delivered,4,CUST4874,Dharmajan Hayer,Female,22,Mumbai,Maharashtra,3.9,,9.11,1102.87
ORD100120,01-05-2023,Amazon,Fashion,Shoes,Puma Shoes X596,Puma,4,5719,22876,15,19444.6,COD,Delivered,5,CUST8389,Renee Kakar,Female,27,Ahmedabad,Gujarat,3.3,,5.96,2901.28
ORD102052,07-01-2023,Flipkart,Electronics,Home Electronics,FabIndia Home Electronics S815,FabIndia,1,3376,3376,5,3207.2,UPI,Delivered,10,CUST4333,Seher Kade,Male,35,Noida,Uttar Pradesh,3.5,,9.7,498.03
ORD104258,06-07-2025,Flipkart,Electronics,Mobiles,Samsung Mobiles Z542,Samsung,1,50858,50858,10,45772.2,Wallet,Delivered,4,CUST5032,Sahil Goda,Male,53,Nagpur,Maharashtra,2.5,,17.62,6602.22
ORD104888,10-05-2024,Flipkart,Beauty & Personal Care,Grooming,Philips Grooming M307,Philips,3,2589,7767,20,6213.6,UPI,Delivered,3,CUST6593,Fateh Rama,Female,16,Bengaluru,Karnataka,2.7,,6.71,789.04
ORD104334,21-01-2024,Flipkart,Home & Furniture,Household Essentials,Ikea Household Essentials S582,Ikea,3,2576,7728,5,7341.6,Debit Card,Delivered,3,CUST8744,Raghav Agate,Female,19,Ahmedabad,Gujarat,3,,6.39,1053.76
ORD104691,05-02-2024,Amazon,Sports & Outdoors,Outdoor Gear,LocalFarm Outdoor Gear M601,LocalFarm,4,2126,8504,20,6803.2,UPI,Delivered,3,CUST7526,Prisha Hora,Male,16,Pune,Maharashtra,5,,8.94,1477.17
ORD100134,26-06-2025,Amazon,Electronics,Televisions,Samsung Televisions X333,Samsung,1,49001,49001,25,36750.75,UPI,Delivered,1,CUST2685,Seher Dhar,Female,17,Noida,Uttar Pradesh,3.4,,9.15,3056.38
ORD102460,19-09-2023,Flipkart,"Books, Sports & Gaming",Gaming,Sony Gaming S415,Sony,1,68901,68901,0,68901,COD,Delivered,9,CUST2250,Amira Upadhyay,Female,22,New Delhi,Delhi,2.8,,8.04,7689.81
ORD101954,03-12-2023,Amazon,Beauty & Personal Care,Healthcare,Patanjali Healthcare X427,Patanjali,4,684,2736,5,2599.2,UPI,Delivered,10,CUST3294,Shray Lanka,Male,33,Jaipur,Rajasthan,4.5,,6.57,419.77
ORD102463,06-10-2024,Max,Men's Fashion,Winter Wear,MotherCare Winter Wear X275,MotherCare,1,5167,5167,0,5167,UPI,Delivered,8,CUST3209,Aarna Korpal,Male,21,Kolkata,West Bengal,2.7,,11.85,1325.5
ORD100184,12-08-2025,Flipkart,Automotive,Spare Parts,Prestige Spare Parts M400,Prestige,1,11825,11825,5,11233.75,UPI,In Transit,5,CUST4495,Tushar Sagar,Male,36,Surat,Gujarat,3.6,,9.65,1762.22
ORD101392,12-08-2023,Max,Women's Fashion,Winter Wear,Samsung Winter Wear Z620,Samsung,4,3365,13460,0,13460,UPI,Delivered,4,CUST1418,Anya Savant,Female,31,Surat,Gujarat,3,,16.04,2013.44
ORD102276,31-03-2025,Myntra,Footwear,Casual,Campus Casual M455,Campus,3,1138,3414,20,2731.2,UPI,Delivered,1,CUST4476,Badal Kothari,Female,42,Jaipur,Rajasthan,3,,17.51,481.21
ORD100511,21-11-2023,Amazon,Beauty & Personal Care,Makeup,Maybelline Makeup S433,Maybelline,1,1889,1889,15,1605.65,COD,Delivered,8,CUST2854,Nirvaan Manne,Female,54,Chennai,Tamil Nadu,4,,5.53,307.52
ORD104729,31-05-2024,Myntra,Footwear,Casual,Sparx Casual S761,Sparx,2,1104,2208,15,1876.8,COD,Delivered,4,CUST8968,Bhamini Khanna,Male,30,Madurai,Tamil Nadu,2.5,,17.81,363.16
ORD104054,25-02-2024,Amazon,Home & Kitchen,Home Decor,FabIndia Home Decor Z415,FabIndia,2,493,986,10,887.4,COD,Delivered,2,CUST3013,Anay Agate,Female,45,Bengaluru,Karnataka,4.4,,8.27,228.11
ORD103137,01-06-2025,Myntra,Footwear,Casual,Sparx Casual Z812,Sparx,2,2455,4910,30,3437,UPI,Delivered,5,CUST2254,Khushi Dayal,Female,36,Noida,Uttar Pradesh,2.3,,7.88,911.41
ORD102669,10-01-2024,Amazon,Electronics,Mobiles,Apple Mobiles X104,Apple,1,55840,55840,5,53048,UPI,Delivered,4,CUST2642,Taimur Tank,Female,23,Bengaluru,Karnataka,3.8,,9.05,7221.41
ORD104773,15-10-2025,Amazon,Beauty & Personal Care,Makeup,Loreal Makeup Z252,Loreal,1,322,322,0,322,Credit Card,Delivered,5,CUST3451,Anahita Chaudhuri,Female,29,Kolkata,West Bengal,3.5,,17.92,59.74
ORD104861,30-09-2024,Amazon,Groceries,Essentials,Samsung Essentials Z886,Samsung,2,3198,6396,0,6396,UPI,Delivered,4,CUST1776,Siya Bansal,Male,50,Pune,Maharashtra,4,,8.65,458.68
ORD102117,13-08-2024,Flipkart,Beauty & Personal Care,Makeup,Lakme Makeup Z762,Lakme,3,2033,6099,15,5184.15,COD,Delivered,2,CUST9025,Advik Madan,Female,23,Surat,Gujarat,3.3,,5.9,919.34
ORD100251,22-09-2024,Max,Plus Size,Plus Tops,Realme Plus Tops S298,Realme,1,3807,3807,10,3426.3,UPI,Returned,4,CUST7488,Hrishita Dash,Female,21,Vadodara,Gujarat,2.2,Size issue,5.59,525.33
ORD103526,18-03-2023,Amazon,Groceries,Essentials,Sony Essentials X884,Sony,3,2957,8871,0,8871,UPI,Delivered,3,CUST7629,Bhamini Kari,Male,19,Chennai,Tamil Nadu,4.5,,11.51,468.5
ORD103559,13-03-2025,Amazon,Baby Products,Diapers,LG Diapers Z755,LG,4,1167,4668,0,4668,UPI,Delivered,6,CUST5410,Kaira Sem,Female,28,Chennai,Tamil Nadu,4.7,,11.24,1091.39
ORD104011,09-05-2024,Myntra,Home & Living,Decor,Lenovo Decor X524,Lenovo,3,1035,3105,30,2173.5,UPI,Delivered,3,CUST7304,Shanaya Kant,Male,27,Thiruvananthapuram,Kerala,2.1,,6.01,544.56
ORD101507,15-09-2023,Amazon,Beauty & Personal Care,Healthcare,Patanjali Healthcare X840,Patanjali,2,113,226,0,226,COD,Delivered,3,CUST9112,Aarush Behl,Male,38,Mangalore,Karnataka,4.5,,11.45,44.95
ORD100122,07-06-2024,Amazon,Fashion,Jewelry,Voylla Jewelry Z986,Voylla,1,27468,27468,10,24721.2,UPI,Delivered,7,CUST6711,Nitya Upadhyay,Female,57,Noida,Uttar Pradesh,4,,17.99,4423.64
ORD104259,09-04-2024,Max,Men's Fashion,Shirts,Samsung Shirts Z255,Samsung,3,2760,8280,15,7038,UPI,Delivered,2,CUST8029,Aarush Bera,Male,28,Mumbai,Maharashtra,3.2,,11.67,638.66
ORD103333,18-11-2024,Flipkart,Beauty & Personal Care,Grooming,HUL Grooming S452,HUL,1,4242,4242,0,4242,UPI,Delivered,8,CUST7318,Anahi Gole,Female,54,Ahmedabad,Gujarat,3.4,,13.36,943.53
ORD101871,10-02-2024,Flipkart,Home & Furniture,Decor,Lilliput Decor X387,Lilliput,4,3356,13424,15,11410.4,Wallet,In Transit,3,CUST9609,Sara Chaudhary,Male,17,Surat,Gujarat,3.8,,10.59,1404.76
ORD103692,20-03-2023,Amazon,Baby Products,Apparel,IFB Apparel Z647,IFB,4,2304,9216,0,9216,COD,Delivered,5,CUST3590,Yuvraj  Hayer,Female,64,Kochi,Kerala,3.9,,10.74,2670.59
ORD100567,04-12-2023,Flipkart,Electronics,Computers,Lenovo Computers X326,Lenovo,1,137565,137565,5,130686.75,UPI,Delivered,7,CUST3294,Adah Sidhu,Female,22,Pune,Maharashtra,2.6,,11.96,16633.24
ORD101371,11-05-2025,Amazon,Books,Books,Penguin Books Z272,Penguin,4,1108,4432,20,3545.6,UPI,Delivered,6,CUST5365,Amira Sarna,Female,33,Jaipur,Rajasthan,4.8,,6.13,587.11
ORD103185,13-11-2023,Max,Accessories,Bags,Wildcraft Bags M485,Wildcraft,3,4039,12117,20,9693.6,Wallet,Delivered,4,CUST1474,Lakshit Sura,Female,60,Ahmedabad,Gujarat,3.1,,12.43,1950.07
ORD103955,15-05-2025,Amazon,Baby Products,Feeding Supplies,Canon Feeding Supplies X831,Canon,2,3812,7624,20,6099.2,UPI,In Transit,4,CUST9711,Anya Khurana,Male,22,Mumbai,Maharashtra,4.4,,6.41,1439.79
ORD101056,31-03-2024,Flipkart,Electronics,Mobiles,OnePlus Mobiles Z407,OnePlus,1,15651,15651,20,12520.8,UPI,Delivered,8,CUST1909,Anay Borde,Male,25,Noida,Uttar Pradesh,3.3,,14.09,841.14
ORD100856,15-01-2023,Amazon,Fashion,Clothing,W Clothing Z419,W,1,1866,1866,20,1492.8,Wallet,Delivered,12,CUST4048,Shayak Kade,Female,19,Pune,Maharashtra,2.4,,10.32,400.95
ORD103838,16-12-2024,Myntra,Home & Living,Decor,Asus Decor S987,Asus,1,1651,1651,5,1568.45,UPI,Delivered,2,CUST1698,Nirvaan Kaur,Male,56,Surat,Gujarat,2.3,,15.59,173.35
ORD102860,29-07-2023,Amazon,Beauty & Personal Care,Makeup,Loreal Makeup X945,Loreal,4,2343,9372,20,7497.6,Debit Card,Delivered,6,CUST6662,Taimur Sehgal,Male,19,Pune,Maharashtra,3.7,,9.1,1183.59
ORD104769,15-05-2023,Myntra,Personal Care,Skincare,FabIndia Skincare S922,FabIndia,3,5584,16752,5,15914.4,COD,Delivered,11,CUST4327,Himmat Chaudhari,Female,20,New Delhi,Delhi,3.1,,4.99,3353.79
ORD100776,29-05-2024,Amazon,Fashion,Clothing,H&M Clothing X313,H&M,1,1080,1080,30,756,Debit Card,Returned,8,CUST2896,Madhav Tripathi,Female,25,Kolkata,West Bengal,2.3,Size issue,17.42,82.29
ORD100720,08-01-2025,Amazon,Groceries,Fresh Produce,BigBasket Fresh Produce X252,BigBasket,3,1019,3057,0,3057,UPI,Delivered,3,CUST9682,Khushi Gara,Female,62,Noida,Uttar Pradesh,4.2,,17.41,234.07
ORD102710,21-03-2025,Flipkart,Beauty & Personal Care,Grooming,Philips Grooming S142,Philips,4,4069,16276,5,15462.2,UPI,Delivered,4,CUST8381,Azad Ganesan,Female,32,Kolkata,West Bengal,2.7,,14.27,2280.99
ORD102654,23-03-2023,Max,Accessories,Shoes,Adidas Shoes M165,Adidas,3,5408,16224,0,16224,UPI,Delivered,11,CUST3209,Vivaan Bahl,Female,25,Lucknow,Uttar Pradesh,2.4,,9.62,3828.82
ORD104877,05-08-2023,Flipkart,Electronics,Computers,Dell Computers Z424,Dell,1,52109,52109,0,52109,UPI,Delivered,6,CUST9468,Gokul Sekhon,Male,30,Vadodara,Gujarat,3.7,,7.12,7530.18
ORD100602,11-10-2023,Flipkart,Electronics,Computers,Dell Computers M948,Dell,1,108968,108968,0,108968,UPI,Delivered,9,CUST2456,Samaira Yogi,Male,54,New Delhi,Delhi,3.2,,6.41,12529
ORD103822,12-03-2023,Flipkart,Beauty & Personal Care,Makeup,Lakme Makeup S623,Lakme,1,833,833,5,791.35,COD,Delivered,11,CUST8251,Anya Bhattacharyya,Female,25,Pune,Maharashtra,4.2,,5.82,184.52
ORD101244,30-04-2025,Amazon,Fashion,Bags,Baggit Bags M186,Baggit,2,6218,12436,10,11192.4,UPI,Returned,4,CUST3315,Ehsaan Sagar,Female,24,Chennai,Tamil Nadu,3,Size issue,4.3,1091.06
ORD104845,04-03-2025,Max,Men's Fashion,Winter Wear,Home Centre Winter Wear S279,Home Centre,1,1029,1029,25,771.75,UPI,Delivered,6,CUST5997,Tarini Chakraborty,Female,20,Bengaluru,Karnataka,2.3,,16.69,68.28
ORD104841,11-05-2024,Amazon,Sports & Outdoors,Fitness,HRX Fitness M202,HRX,1,26997,26997,0,26997,Credit Card,Returned,6,CUST4996,Gatik Raj,Male,44,Surat,Gujarat,4.2,Size issue,4.53,4632.94
ORD100318,22-05-2025,Amazon,Baby Products,Apparel,Campus Apparel X634,Campus,3,2814,8442,15,7175.7,Debit Card,Delivered,6,CUST4867,Tanya Sane,Male,48,Pune,Maharashtra,4.7,,15.76,1904.47
ORD100828,20-12-2024,Amazon,Baby Products,Apparel,Voylla Apparel Z266,Voylla,3,1864,5592,0,5592,COD,Delivered,7,CUST4337,Mishti Soni,Female,50,Howrah,West Bengal,5,,6.45,610
ORD103263,24-08-2023,Amazon,Home & Kitchen,Kitchenware,Hawkins Kitchenware Z585,Hawkins,4,533,2132,10,1918.8,COD,Delivered,3,CUST2789,Saanvi Barman,Male,41,Noida,Uttar Pradesh,5,,14.57,374.81
ORD100274,07-07-2024,Myntra,Footwear,Sports,Prestige Sports Z688,Prestige,1,417,417,0,417,Credit Card,Cancelled,5,CUST5365,Saira Mangal,Male,54,Pune,Maharashtra,2.5,,17.06,94.33
ORD102664,15-06-2023,Amazon,Fashion,Shoes,Bata Shoes S395,Bata,3,6907,20721,10,18648.9,UPI,Delivered,5,CUST7461,Kanav Varma,Male,49,Noida,Uttar Pradesh,4.2,,12.29,5037.95
ORD100549,08-02-2025,Amazon,Books,Books,Penguin Books S801,Penguin,3,1117,3351,0,3351,COD,Delivered,3,CUST4331,Anya Gole,Male,19,Chennai,Tamil Nadu,4.4,,8.31,342.31
ORD103641,19-06-2025,Max,Kids' Fashion,Kids Shoes,BigBasket Kids Shoes M980,BigBasket,2,1584,3168,10,2851.2,UPI,Delivered,5,CUST4521,Advika Sant,Female,21,Mumbai,Maharashtra,3.1,,5.48,573.3
ORD104053,16-06-2025,Amazon,Electronics,Televisions,LG Televisions S963,LG,1,118274,118274,0,118274,Debit Card,Delivered,1,CUST4559,Chirag Barman,Female,16,Noida,Uttar Pradesh,4.4,,6.98,9812.55
ORD104892,19-09-2024,Amazon,Fashion,Shoes,Puma Shoes S909,Puma,4,1749,6996,20,5596.8,UPI,Delivered,7,CUST5753,Siya Apte,Male,45,Ahmedabad,Gujarat,3.1,,4.55,449.99
ORD102934,27-11-2024,Myntra,Clothing,Ethnic Wear,Biba Ethnic Wear Z757,Biba,4,3218,12872,25,9654,UPI,Delivered,4,CUST1179,Sana Bora,Male,19,Noida,Uttar Pradesh,2.9,,6.42,2636.98
ORD100605,19-08-2023,Flipkart,Electronics,Mobiles,Samsung Mobiles Z958,Samsung,1,8924,8924,0,8924,UPI,Delivered,10,CUST1203,Heer Verma,Male,35,Mangalore,Karnataka,2.5,,13.07,696.75
ORD100896,07-03-2025,Amazon,Beauty & Personal Care,Makeup,Lakme Makeup M979,Lakme,3,1458,4374,0,4374,Credit Card,In Transit,1,CUST2880,Lagan Viswanathan,Male,28,Bengaluru,Karnataka,4.8,,8.98,481.14
ORD100527,10-03-2025,Myntra,Accessories,Bags,Wildcraft Bags X136,Wildcraft,2,6902,13804,25,10353,UPI,Delivered,2,CUST4532,Aniruddh Bawa,Female,36,Ahmedabad,Gujarat,1.7,,16.75,1583.29
ORD104607,12-02-2025,Myntra,Clothing,Ethnic Wear,Biba Ethnic Wear X946,Biba,1,6476,6476,5,6152.2,UPI,Delivered,6,CUST8989,Kavya Gola,Female,38,Pune,Maharashtra,2.1,,9.47,986.37
ORD102347,11-03-2024,Myntra,Personal Care,Fragrances,MotherCare Fragrances Z278,MotherCare,4,2616,10464,15,8894.4,COD,Returned,8,CUST7335,Keya Sem,Female,51,Kozhikode,Kerala,2.4,Other,10.05,772.78
ORD103439,10-10-2024,Amazon,Home & Kitchen,Appliances,IFB Appliances M296,IFB,1,24712,24712,5,23476.4,UPI,Delivered,8,CUST8090,Lagan Kanda,Male,23,Madurai,Tamil Nadu,5,,8.74,2355.54
ORD104998,19-01-2024,Amazon,Groceries,Fresh Produce,BigBasket Fresh Produce S132,BigBasket,3,216,648,15,550.8,COD,Delivered,2,CUST3195,Dishani Sharma,Male,30,Surat,Gujarat,3.7,,5.52,19.84
ORD104826,06-11-2024,Amazon,Fashion,Shoes,Bata Shoes X853,Bata,3,7493,22479,10,20231.1,COD,Delivered,4,CUST9559,Ivana Rama,Female,18,Pune,Maharashtra,4.3,,11.09,4006.08
ORD103922,27-02-2024,Flipkart,Grocery,Essentials,Samsung Essentials Z780,Samsung,2,970,1940,10,1746,UPI,Delivered,8,CUST3127,Faiyaz Wable,Male,60,Noida,Uttar Pradesh,3.9,,5.35,63.51
ORD100298,17-05-2024,Amazon,Groceries,Snacks,Nilkamal Snacks Z168,Nilkamal,2,426,852,0,852,UPI,Delivered,5,CUST5009,Heer Lall,Female,38,Mumbai,Maharashtra,4.8,,8.03,33.2
ORD102119,24-09-2024,Myntra,Accessories,Watches,Titan Watches M529,Titan,4,6601,26404,10,23763.6,Credit Card,Delivered,3,CUST4899,Ryan Bhandari,Male,34,Ahmedabad,Gujarat,2,,11.35,6756.84
ORD102536,12-01-2025,Max,Plus Size,Plus Bottoms,HP Plus Bottoms S154,HP,2,1089,2178,20,1742.4,UPI,Delivered,4,CUST1110,Shlok Rao,Male,30,Bengaluru,Karnataka,3.9,,10.33,175.35
ORD104203,09-10-2025,Myntra,Clothing,Kids Wear,Sony Kids Wear M603,Sony,1,4748,4748,20,3798.4,UPI,Delivered,6,CUST8246,Sumer Kumer,Female,30,Kolkata,West Bengal,2.2,,14.23,538.68
ORD103254,16-06-2023,Amazon,Electronics,Televisions,LG Televisions S402,LG,1,36536,36536,15,31055.6,UPI,Delivered,11,CUST2233,Zoya Ahuja,Male,24,Bengaluru,Karnataka,5,,11.01,2829.38
ORD103725,11-07-2024,Myntra,Home & Living,Kitchenware,Prestige Kitchenware M576,Prestige,1,788,788,20,630.4,UPI,Delivered,6,CUST9588,Kanav Konda,Female,62,Chennai,Tamil Nadu,2.5,,5.58,133.02
ORD101260,30-10-2023,Amazon,Fashion,Jewelry,Voylla Jewelry X148,Voylla,1,15671,15671,20,12536.8,COD,Delivered,8,CUST8369,Samarth Magar,Female,22,Chennai,Tamil Nadu,4.1,,15.32,1821.64
ORD101558,12-12-2023,Amazon,Home & Kitchen,Kitchenware,Prestige Kitchenware X162,Prestige,3,7542,22626,0,22626,Wallet,Delivered,3,CUST5117,Hiran Datta,Female,35,Kolkata,West Bengal,4,,17.47,3577.83
ORD103269,26-05-2023,Flipkart,Fashion,Apparel,Baggit Apparel X645,Baggit,2,478,956,10,860.4,COD,Delivered,3,CUST7322,Pihu Soni,Female,19,Noida,Uttar Pradesh,2.8,,13.84,156.3
ORD104046,11-06-2025,Flipkart,Electronics,Computers,Lenovo Computers X120,Lenovo,1,135581,135581,20,108464.8,UPI,Delivered,1,CUST8188,Advika Rana,Female,15,New Delhi,Delhi,4.1,,5.49,5990.9
ORD100756,14-10-2023,Amazon,Baby Products,Diapers,Campus Sutra Diapers Z493,Campus Sutra,2,573,1146,20,916.8,Debit Card,Delivered,9,CUST2508,Sahil Bali,Female,37,Kolkata,West Bengal,3.8,,8.82,185.38
ORD101010,15-06-2023,Max,Women's Fashion,Winter Wear,Asus Winter Wear X493,Asus,3,4566,13698,20,10958.4,UPI,Delivered,6,CUST7089,Aniruddh Borah,Female,37,Mysuru,Karnataka,2.9,,5.05,1985.15
ORD102794,24-04-2023,Amazon,Home & Kitchen,Furniture,Ikea Furniture Z480,Ikea,3,28945,86835,5,82493.25,COD,Delivered,5,CUST7230,Sumer Chauhan,Female,45,Pune,Maharashtra,5,,6.11,10944.18
ORD102905,17-01-2024,Amazon,Beauty & Personal Care,Grooming,HUL Grooming M213,HUL,1,5316,5316,15,4518.6,COD,Delivered,3,CUST5510,Kabir Lanka,Male,24,Mumbai,Maharashtra,4.2,,17.33,1264.62
ORD101870,14-02-2023,Max,Men's Fashion,Shirts,Only Shirts Z643,Only,3,5028,15084,25,11313,Debit Card,Delivered,9,CUST8825,Kaira Rajagopal,Male,17,Surat,Gujarat,2.8,,11.33,997.55
ORD102229,01-07-2025,Amazon,Fashion,Bags,Baggit Bags S838,Baggit,2,5917,11834,5,11242.3,UPI,Delivered,1,CUST5767,Aarna Karnik,Female,18,New Delhi,Delhi,4.8,,17.83,1503.43
ORD101173,18-03-2025,Flipkart,Fashion,Apparel,Philips Apparel M536,Philips,4,3547,14188,25,10641,UPI,Delivered,6,CUST3060,Dharmajan Sarna,Female,27,Noida,Uttar Pradesh,2.9,,13.94,1236.63
ORD101832,13-03-2025,Myntra,Footwear,Sports,H&M Sports Z638,H&M,2,1977,3954,5,3756.3,Debit Card,Delivered,3,CUST7716,Advika Dara,Male,34,New Delhi,Delhi,1.9,,15.24,795.2
ORD100376,05-09-2025,Flipkart,Home & Furniture,Household Essentials,LG Household Essentials M555,LG,1,1273,1273,15,1082.05,UPI,Delivered,4,CUST2388,Dishani Ravel,Female,43,Pune,Maharashtra,3.8,,17.1,175.62
ORD103853,05-01-2023,Flipkart,Automotive,Spare Parts,Asus Spare Parts S885,Asus,3,8835,26505,10,23854.5,COD,Delivered,11,CUST7110,Vidur Kaur,Female,45,Chennai,Tamil Nadu,4,,16.7,4570.47
ORD103616,30-05-2023,Max,Accessories,Bags,Wildcraft Bags S546,Wildcraft,2,6811,13622,20,10897.6,COD,Delivered,7,CUST5464,Ela Gola,Female,45,Pune,Maharashtra,2.1,,13.4,2650.86
ORD100798,01-08-2024,Flipkart,Home & Furniture,Household Essentials,Decathlon Household Essentials Z547,Decathlon,3,3026,9078,0,9078,UPI,Delivered,8,CUST8200,Vaibhav Konda,Female,28,Noida,Uttar Pradesh,3.5,,9.64,2369.07
ORD100378,28-05-2024,Flipkart,Beauty & Personal Care,Makeup,Loreal Makeup M108,Loreal,1,359,359,0,359,UPI,Delivered,4,CUST3258,Keya Shenoy,Female,49,Ludhiana,Punjab,3.2,,15.84,43.78
ORD101158,07-09-2023,Myntra,Clothing,Ethnic Wear,FabIndia Ethnic Wear S636,FabIndia,4,5154,20616,5,19585.2,UPI,Delivered,4,CUST6611,Tara Khanna,Male,27,Ahmedabad,Gujarat,1.2,,15.22,3707.97
ORD103819,21-03-2024,Amazon,Sports & Outdoors,Fitness,HRX Fitness X728,HRX,1,35260,35260,25,26445,UPI,Delivered,4,CUST8845,Aaryahi Kaul,Female,48,Pune,Maharashtra,3.5,,14.48,2533.28
ORD102792,04-05-2025,Myntra,Home & Living,Kitchenware,Hawkins Kitchenware S246,Hawkins,1,5505,5505,20,4404,COD,Delivered,4,CUST1603,Miraya Bandi,Female,24,Ahmedabad,Gujarat,1.3,,14.13,637.46
ORD102240,07-08-2023,Myntra,Accessories,Watches,Fastrack Watches Z300,Fastrack,1,12645,12645,20,10116,Credit Card,Delivered,3,CUST1439,Ehsaan Venkatesh,Female,29,Ludhiana,Punjab,2.4,,9.23,2965.17
ORD104035,11-08-2023,Amazon,Baby Products,Diapers,Nike Diapers Z993,Nike,1,2539,2539,20,2031.2,COD,Delivered,4,CUST4469,Kavya Chawla,Female,16,Noida,Uttar Pradesh,4.4,,8.39,472.55
ORD102662,09-01-2023,Max,Plus Size,Plus Bottoms,LocalFarm Plus Bottoms Z969,LocalFarm,4,3644,14576,20,11660.8,Credit Card,Returned,3,CUST3749,Indrans Batta,Female,23,Kolkata,West Bengal,3.6,Size issue,4.55,1459.34
ORD104012,12-06-2024,Max,Plus Size,Plus Tops,Adidas Plus Tops X501,Adidas,4,4260,17040,0,17040,COD,Delivered,7,CUST7502,Saanvi Kade,Male,38,New Delhi,Delhi,3.4,,12.06,1847.59
ORD102957,17-02-2023,Flipkart,Automotive,Accessories,JBL Accessories Z772,JBL,1,2902,2902,10,2611.8,Wallet,Delivered,3,CUST9358,Gatik Ahuja,Male,65,Pune,Maharashtra,3.5,,6.26,702.19
ORD103927,17-04-2024,Amazon,Beauty & Personal Care,Healthcare,Patanjali Healthcare Z339,Patanjali,3,2157,6471,25,4853.25,Wallet,Delivered,3,CUST7615,Damini Chaudhary,Male,30,Bengaluru,Karnataka,3.3,,17.8,1277.12
ORD101038,07-10-2024,Amazon,Baby Products,Apparel,Realme Apparel X568,Realme,1,2800,2800,5,2660,UPI,Delivered,3,CUST6345,Divit Handa,Male,16,Kolkata,West Bengal,3.6,,15.66,705.8
ORD103259,11-11-2023,Flipkart,Home & Furniture,Household Essentials,Xiaomi Household Essentials M670,Xiaomi,1,3364,3364,5,3195.8,COD,Returned,10,CUST2505,Aarush Devan,Female,24,Ahmedabad,Gujarat,1.9,Other,6.87,471.54
ORD101344,16-04-2023,Amazon,Electronics,Computers,Asus Computers Z746,Asus,1,60414,60414,0,60414,COD,Delivered,3,CUST4420,Indranil Gokhale,Female,55,Ahmedabad,Gujarat,3.2,,4.51,7447
ORD102505,17-03-2025,Amazon,Groceries,Essentials,Roadster Essentials S496,Roadster,4,329,1316,10,1184.4,UPI,Delivered,1,CUST6484,Pari Sami,Female,49,New Delhi,Delhi,3.9,,5.5,88.68
ORD101721,30-07-2023,Amazon,Electronics,Accessories,Boat Accessories Z123,Boat,2,1105,2210,20,1768,COD,Delivered,4,CUST6159,Hansh Sami,Male,34,New Delhi,Delhi,5,,8.36,238.91
ORD104663,19-02-2025,Amazon,Baby Products,Diapers,Adidas Diapers S299,Adidas,2,1689,3378,5,3209.1,UPI,Delivered,5,CUST5118,Zara Tak,Female,43,Surat,Gujarat,3.9,,6.81,877.9
ORD100175,27-05-2025,Flipkart,Home & Furniture,Decor,Lilliput Decor M472,Lilliput,1,2196,2196,0,2196,UPI,Delivered,5,CUST4389,Yasmin Srinivas,Female,31,Surat,Gujarat,3.3,,12.93,605.71
ORD104893,15-04-2025,Flipkart,Grocery,Essentials,BigBasket Essentials Z122,BigBasket,1,5406,5406,10,4865.4,Debit Card,Delivered,3,CUST6029,Anya Walia,Female,19,Kolkata,West Bengal,3.3,,17.82,275.56
ORD101909,16-10-2025,Amazon,Books,Stationery,Patanjali Stationery Z918,Patanjali,1,1755,1755,20,1404,Debit Card,Delivered,3,CUST1794,Nitara Sarraf,Male,57,Pune,Maharashtra,4,,4.13,244.92
ORD100045,14-07-2025,Max,Men's Fashion,Bottoms,Penguin Bottoms S305,Penguin,2,3740,7480,30,5236,UPI,Delivered,5,CUST5835,Veer Borah,Male,23,New Delhi,Delhi,2.3,,9.11,570.26
ORD103409,19-11-2023,Flipkart,Grocery,Essentials,Voylla Essentials X251,Voylla,2,4330,8660,5,8227,COD,Delivered,3,CUST4113,Raunak Mander,Female,25,Bengaluru,Karnataka,4,,10.29,392.35
ORD104674,26-11-2024,Myntra,Clothing,Ethnic Wear,FabIndia Ethnic Wear M255,FabIndia,3,2866,8598,0,8598,COD,Delivered,3,CUST5442,Tiya Agrawal,Female,43,Mumbai,Maharashtra,2.7,,15.99,1500.01
ORD101075,08-08-2025,Amazon,Baby Products,Apparel,Home Centre Apparel X235,Home Centre,1,1631,1631,10,1467.9,UPI,Delivered,3,CUST1615,Suhana Edwin,Female,26,Surat,Gujarat,4.4,,5.89,210.33
ORD102829,02-02-2025,Flipkart,Fashion,Footwear,Adidas Footwear X927,Adidas,4,2131,8524,30,5966.8,Credit Card,Delivered,4,CUST3119,Kiara Borde,Female,30,Mysuru,Karnataka,2.6,,11.52,961.17
ORD101504,12-12-2024,Max,Men's Fashion,Winter Wear,Nikon Winter Wear X143,Nikon,3,588,1764,5,1675.8,Debit Card,Delivered,3,CUST9471,Kaira Deo,Female,19,Mumbai,Maharashtra,2.9,,17.16,453.15
ORD102309,08-09-2024,Flipkart,Fashion,Accessories,Portronics Accessories M631,Portronics,1,4240,4240,20,3392,COD,Delivered,2,CUST3966,Darshit Bassi,Female,40,Noida,Uttar Pradesh,3.2,,15.63,971.51
ORD101436,26-01-2025,Max,Kids' Fashion,Kids Apparel,FabIndia Kids Apparel M252,FabIndia,3,4400,13200,5,12540,Credit Card,Delivered,1,CUST7131,Darshit Chanda,Male,62,Chennai,Tamil Nadu,1.8,,5.3,3299.16
ORD102418,16-07-2025,Max,Men's Fashion,Shirts,LocalFarm Shirts Z523,LocalFarm,2,2997,5994,30,4195.8,Credit Card,Delivered,2,CUST6970,Ehsaan De,Female,20,Kozhikode,Kerala,2.3,,10.2,920.04
ORD103986,19-10-2024,Myntra,Personal Care,Haircare,Zara Haircare X156,Zara,2,4224,8448,15,7180.8,Credit Card,Delivered,4,CUST8273,Madhav Goyal,Male,61,Nagpur,Maharashtra,3.6,,7.18,1882.94
ORD103098,22-01-2025,Flipkart,Home & Furniture,Kitchen Appliances,Voylla Kitchen Appliances Z654,Voylla,2,2989,5978,5,5679.1,UPI,Delivered,3,CUST8330,Aaryahi Chand,Female,29,Surat,Gujarat,2.8,,13.43,919
ORD104588,08-06-2024,Flipkart,Home & Furniture,Kitchen Appliances,FabIndia Kitchen Appliances X622,FabIndia,3,2461,7383,5,7013.85,COD,Delivered,4,CUST8821,Aarush Zachariah,Male,65,Pune,Maharashtra,3.5,,10.42,973.81
ORD100283,08-01-2025,Flipkart,Grocery,Fresh,Decathlon Fresh S321,Decathlon,2,4555,9110,5,8654.5,UPI,Delivered,4,CUST8936,Ritvik Ben,Female,25,Mumbai,Maharashtra,3.5,,16.48,291.45
ORD104918,29-10-2024,Flipkart,Fashion,Accessories,Portronics Accessories X523,Portronics,3,3381,10143,25,7607.25,UPI,Delivered,8,CUST1953,Yuvaan Chandran,Male,17,Pune,Maharashtra,3.4,,9.2,1750.84
ORD100842,20-04-2025,Flipkart,Fashion,Apparel,Tanishq Apparel S916,Tanishq,3,4023,12069,0,12069,UPI,Delivered,6,CUST6361,Jhanvi Vora,Male,28,Surat,Gujarat,3.6,,14.99,2457.13
ORD101513,19-04-2024,Amazon,Baby Products,Feeding Supplies,JBL Feeding Supplies S975,JBL,1,1540,1540,5,1463,Debit Card,Delivered,2,CUST7187,Tejas Gola,Female,29,Jaipur,Rajasthan,4.5,,4.05,428.27
ORD101168,21-01-2025,Flipkart,Beauty & Personal Care,Makeup,Loreal Makeup S588,Loreal,3,372,1116,0,1116,UPI,Delivered,1,CUST2688,Myra Thakkar,Male,31,Mysuru,Karnataka,2.8,,6.67,245.01
ORD101592,25-05-2025,Amazon,Books,Books,HarperCollins Books M656,HarperCollins,1,274,274,5,260.3,COD,Delivered,6,CUST9529,Pihu Vyas,Male,51,Kochi,Kerala,4,,12.66,36.54
ORD103460,19-06-2025,Myntra,Personal Care,Fragrances,Campus Fragrances X210,Campus,2,4931,9862,20,7889.6,Credit Card,Delivered,1,CUST5007,Hiran Taneja,Female,31,Lucknow,Uttar Pradesh,1.4,,10.11,695.37
ORD103165,28-05-2024,Flipkart,Automotive,Spare Parts,Maybelline Spare Parts S721,Maybelline,2,12298,24596,5,23366.2,Wallet,In Transit,3,CUST8981,Kiara Taneja,Male,17,New Delhi,Delhi,4.9,,11.38,2644.93
ORD102284,08-11-2024,Myntra,Accessories,Watches,Fastrack Watches Z213,Fastrack,2,15156,30312,10,27280.8,Wallet,Delivered,7,CUST4829,Nitara Babu,Female,26,Kanpur,Uttar Pradesh,3.3,,6.85,6493.5
ORD103575,11-08-2023,Flipkart,Beauty & Personal Care,Makeup,Maybelline Makeup S578,Maybelline,2,783,1566,20,1252.8,UPI,Delivered,7,CUST5744,Saanvi Chaudhuri,Male,43,New Delhi,Delhi,2.2,,17.72,286.99
ORD104870,27-05-2024,Amazon,Beauty & Personal Care,Grooming,HUL Grooming S961,HUL,4,2656,10624,10,9561.6,UPI,Delivered,3,CUST9578,Nitya Konda,Female,48,Jaipur,Rajasthan,3.5,,17.34,2640.46
ORD102305,29-04-2025,Amazon,Home & Kitchen,Kitchenware,Hawkins Kitchenware X971,Hawkins,4,4789,19156,15,16282.6,Debit Card,Delivered,1,CUST5125,Ivana Borra,Female,42,Ahmedabad,Gujarat,4.9,,15.49,2694.87
ORD100952,05-08-2023,Max,Accessories,Shoes,Puma Shoes M872,Puma,4,2818,11272,25,8454,Debit Card,Delivered,3,CUST9341,Kashvi Varty,Female,30,Chennai,Tamil Nadu,2,,11.51,2272.46
ORD104942,02-10-2023,Amazon,Beauty & Personal Care,Healthcare,Patanjali Healthcare M618,Patanjali,3,1195,3585,5,3405.75,Credit Card,Delivered,8,CUST1612,Miraan Dass,Male,60,New Delhi,Delhi,4.3,,8.8,833.44
ORD103053,21-09-2024,Flipkart,Home & Furniture,Kitchen Appliances,Adidas Kitchen Appliances S632,Adidas,1,4580,4580,10,4122,UPI,Delivered,7,CUST4997,Hrishita Swamy,Female,21,Surat,Gujarat,3.1,,4.9,600.87
ORD104559,17-10-2023,Amazon,Home & Kitchen,Kitchenware,Prestige Kitchenware Z722,Prestige,2,2951,5902,10,5311.8,Debit Card,Delivered,10,CUST6196,Samaira Brar,Male,27,Howrah,West Bengal,3.6,,15.48,588.88
ORD102685,23-05-2024,Myntra,Clothing,Kids Wear,Lenovo Kids Wear M519,Lenovo,4,2320,9280,25,6960,COD,Delivered,8,CUST9334,Akarsh Aggarwal,Female,25,Ahmedabad,Gujarat,2.5,,17.74,1874.55
ORD101489,04-02-2025,Max,Women's Fashion,Bottoms,3M Bottoms Z645,3M,2,4592,9184,20,7347.2,Credit Card,Returned,3,CUST4647,Saira Chokshi,Female,32,Howrah,West Bengal,1,,15.38,1897.95
ORD100927,13-02-2024,Amazon,Baby Products,Apparel,Nike Apparel X437,Nike,1,4884,4884,0,4884,UPI,Delivered,8,CUST9841,Kiaan Bhalla,Female,16,Ahmedabad,Gujarat,4.9,,7.1,988.43
ORD101209,25-09-2024,Amazon,Fashion,Watches,Titan Watches M454,Titan,3,7956,23868,20,19094.4,UPI,Delivered,4,CUST8392,Rohan Dutta,Female,17,Chennai,Tamil Nadu,4.3,,5.92,3686.09
ORD103973,10-08-2025,Amazon,Books,Stationery,Home Centre Stationery M930,Home Centre,3,90,270,10,243,Wallet,Delivered,1,CUST2390,Nakul Din,Male,46,Ahmedabad,Gujarat,4.1,,17.96,33.5
ORD103545,20-01-2023,Flipkart,Beauty & Personal Care,Grooming,HUL Grooming X800,HUL,4,2980,11920,15,10132,Wallet,Returned,8,CUST2520,Kismat Acharya,Female,16,Pune,Maharashtra,3.2,Defective,10.65,1943.8
ORD104361,15-11-2024,Amazon,Fashion,Shoes,Adidas Shoes Z921,Adidas,1,8496,8496,15,7221.6,UPI,Delivered,3,CUST2891,Zaina Kalla,Male,29,Kolkata,West Bengal,4.4,,17.05,1740.18
ORD101921,19-09-2025,Amazon,Electronics,Mobiles,Apple Mobiles Z364,Apple,1,46883,46883,0,46883,Credit Card,Delivered,5,CUST3165,Vihaan Krishnan,Male,54,New Delhi,Delhi,3.2,,8.49,7294.6
ORD100351,24-11-2024,Flipkart,Grocery,Fresh,Red Tape Fresh X811,Red Tape,4,4983,19932,10,17938.8,Wallet,Delivered,3,CUST8499,Krish Dugar,Female,41,Pune,Maharashtra,2.1,,6.02,652.19
ORD104898,25-03-2023,Myntra,Personal Care,Fragrances,Nilkamal Fragrances Z674,Nilkamal,3,3256,9768,30,6837.6,Credit Card,Delivered,8,CUST2038,Ivana Choudhry,Female,35,Amritsar,Punjab,2.4,,8.35,1577.79
ORD103393,03-12-2023,Amazon,Groceries,Fresh Produce,BigBasket Fresh Produce M812,BigBasket,2,1197,2394,15,2034.9,UPI,Returned,11,CUST9380,Samarth Banerjee,Female,55,Amritsar,Punjab,3.8,Defective,6.62,97.57
ORD102721,14-08-2024,Myntra,Footwear,Casual,Campus Casual M167,Campus,2,3543,7086,10,6377.4,UPI,Delivered,3,CUST3583,Ojas Sehgal,Female,46,Kozhikode,Kerala,2.4,,5.49,1796.74
ORD104981,03-10-2024,Myntra,Accessories,Wallets,FabIndia Wallets S957,FabIndia,3,1654,4962,0,4962,UPI,Delivered,8,CUST7242,Darshit Goel,Male,15,Noida,Uttar Pradesh,2.4,,10.48,681.11
ORD100718,29-08-2025,Amazon,Electronics,Televisions,Samsung Televisions X700,Samsung,1,111603,111603,15,94862.55,Credit Card,Delivered,1,CUST1225,Inaaya  Devi,Male,16,Chennai,Tamil Nadu,4.4,,7.91,9998.49
ORD102702,07-10-2025,Flipkart,Grocery,Fresh,Biba Fresh X830,Biba,1,3219,3219,25,2414.25,UPI,Delivered,6,CUST2345,Armaan Apte,Male,29,Chennai,Tamil Nadu,2.9,,14.54,132.56
ORD102722,26-08-2025,Flipkart,Automotive,Spare Parts,Portico Spare Parts X159,Portico,4,1426,5704,5,5418.8,UPI,Delivered,5,CUST9067,Vritika Bandi,Female,63,New Delhi,Delhi,3.5,,16.16,792.8
ORD104561,23-05-2024,Amazon,Groceries,Fresh Produce,BigBasket Fresh Produce Z474,BigBasket,2,877,1754,0,1754,UPI,Delivered,5,CUST4925,Samiha Ganesan,Female,25,Bengaluru,Karnataka,3.7,,10.4,125.45
ORD100308,08-05-2025,Flipkart,"Books, Sports & Gaming",Gaming,Microsoft Gaming Z609,Microsoft,1,17832,17832,10,16048.8,UPI,Delivered,5,CUST8448,Vivaan Barad,Female,40,Pune,Maharashtra,4.9,,11.16,1804.24
ORD101675,27-08-2024,Flipkart,Electronics,Mobiles,Apple Mobiles M126,Apple,1,34191,34191,25,25643.25,COD,Delivered,4,CUST6007,Aayush Bora,Male,19,Ahmedabad,Gujarat,3.6,,4.46,3670.03
ORD100833,05-04-2023,Amazon,Sports & Outdoors,Sportswear,Nike Sportswear M891,Nike,2,9085,18170,0,18170,COD,Delivered,12,CUST1687,Manjari Hegde,Male,17,Coimbatore,Tamil Nadu,3.7,,7.76,3926.45
ORD100366,09-12-2023,Amazon,Electronics,Computers,Dell Computers X584,Dell,1,160568,160568,0,160568,COD,Delivered,3,CUST6477,Charvi Bir,Female,17,Lucknow,Uttar Pradesh,3.1,,12.3,21101.63
ORD104506,25-12-2024,Amazon,Sports & Outdoors,Sportswear,Nike Sportswear M241,Nike,3,1137,3411,5,3240.45,Wallet,Delivered,4,CUST6070,Tara Kata,Male,33,Noida,Uttar Pradesh,5,,13.46,658.83
ORD102078,29-03-2025,Flipkart,Home & Furniture,Household Essentials,Hawkins Household Essentials M205,Hawkins,4,2488,9952,15,8459.2,UPI,In Transit,3,CUST5205,Ishita Upadhyay,Female,23,Jaipur,Rajasthan,3.3,,17.49,2170.88
ORD104038,22-05-2025,Flipkart,Beauty & Personal Care,Makeup,Lakme Makeup M826,Lakme,4,2493,9972,0,9972,UPI,Returned,4,CUST7672,Himmat Ganguly,Female,20,Ludhiana,Punjab,2.2,Size issue,16.98,2485.49
ORD104846,30-12-2024,Myntra,Clothing,Kids Wear,HomeTown Kids Wear Z617,HomeTown,1,3457,3457,30,2419.9,Credit Card,Delivered,4,CUST3420,Tanya Khurana,Male,22,Coimbatore,Tamil Nadu,2.5,,11.83,593.9
ORD104479,24-11-2024,Myntra,Personal Care,Haircare,Portronics Haircare Z688,Portronics,3,1754,5262,5,4998.9,UPI,Delivered,6,CUST5172,Yasmin Kannan,Female,33,Mumbai,Maharashtra,1.7,,4.03,952.88
ORD101746,14-04-2023,Flipkart,Beauty & Personal Care,Makeup,Loreal Makeup X704,Loreal,4,2455,9820,15,8347,Credit Card,Delivered,3,CUST2243,Rhea Chopra,Female,36,Kochi,Kerala,3,,10.31,1771.47
ORD100019,15-07-2024,Myntra,Accessories,Watches,Titan Watches X938,Titan,3,7242,21726,10,19553.4,UPI,Delivered,8,CUST5649,Riaan Keer,Male,40,Chennai,Tamil Nadu,2.3,,14.3,4398.48
ORD101322,17-10-2023,Flipkart,Electronics,Computers,HP Computers S809,HP,1,100799,100799,0,100799,Credit Card,Delivered,11,CUST3134,Yakshit Kale,Male,55,New Delhi,Delhi,3.6,,12.16,7116.28
ORD103567,27-05-2024,Amazon,Beauty & Personal Care,Grooming,HUL Grooming M598,HUL,2,2046,4092,0,4092,UPI,Delivered,6,CUST9926,Tejas Kohli,Female,33,Mumbai,Maharashtra,4.5,,8.03,909.05
ORD102521,27-04-2024,Amazon,Electronics,Mobiles,Samsung Mobiles X398,Samsung,1,14698,14698,0,14698,UPI,In Transit,6,CUST7282,Adira Venkatesh,Male,51,Ludhiana,Punjab,4.8,,7.29,2107.77
ORD100218,23-02-2025,Flipkart,Home & Furniture,Household Essentials,Ikea Household Essentials M764,Ikea,3,1186,3558,15,3024.3,UPI,Delivered,6,CUST4924,Kashvi Shere,Male,39,Chennai,Tamil Nadu,2.7,,7.68,522.88
ORD101487,29-05-2024,Myntra,Clothing,Kids Wear,Voylla Kids Wear M423,Voylla,3,876,2628,15,2233.8,UPI,Delivered,6,CUST7571,Emir Buch,Female,31,Mumbai,Maharashtra,2.3,,9.82,530.14
ORD100438,15-04-2025,Max,Men's Fashion,Winter Wear,JBL Winter Wear X717,JBL,1,2021,2021,30,1414.7,Credit Card,Delivered,2,CUST2642,Taran Kibe,Female,24,Vadodara,Gujarat,2.7,,16.73,415.19
ORD104174,28-02-2025,Max,Kids' Fashion,Kids Apparel,HomeTown Kids Apparel Z360,HomeTown,1,4765,4765,0,4765,UPI,In Transit,6,CUST5973,Fateh Mangal,Male,16,Kolkata,West Bengal,1.9,,15.23,1099.71
ORD102750,28-02-2024,Flipkart,Electronics,Home Electronics,MotherCare Home Electronics M703,MotherCare,4,3377,13508,0,13508,UPI,In Transit,5,CUST8497,Arhaan Randhawa,Male,51,Surat,Gujarat,2.8,,5.99,1908.01
ORD103288,01-02-2025,Myntra,Accessories,Bags,Baggit Bags S780,Baggit,3,4516,13548,10,12193.2,Credit Card,Delivered,5,CUST3835,Shanaya Dixit,Female,16,Vadodara,Gujarat,1.1,,7.13,1335.09
ORD103433,18-12-2023,Amazon,Books,Stationery,IFB Stationery M526,IFB,2,1828,3656,0,3656,COD,Delivered,11,CUST7403,Mishti Sandhu,Male,44,Bengaluru,Karnataka,4.5,,9.77,454.9
ORD102525,27-05-2025,Max,Kids' Fashion,Kids Apparel,FabIndia Kids Apparel S619,FabIndia,1,4868,4868,5,4624.6,Credit Card,Delivered,4,CUST2599,Suhana Bhatti,Female,15,Mumbai,Maharashtra,3.7,,11.15,867.59
ORD104650,19-01-2025,Amazon,Sports & Outdoors,Outdoor Gear,HUL Outdoor Gear M864,HUL,1,3554,3554,20,2843.2,Debit Card,Delivered,6,CUST6881,Divij Manda,Male,43,Pune,Maharashtra,3.7,,15.66,335.85
ORD103688,25-09-2023,Myntra,Personal Care,Haircare,Voylla Haircare M618,Voylla,2,2731,5462,0,5462,COD,Delivered,12,CUST6548,Vritika Sidhu,Female,33,Surat,Gujarat,2.6,,4.64,1214.1
ORD102763,16-09-2023,Amazon,Beauty & Personal Care,Healthcare,Himalaya Healthcare Z251,Himalaya,2,834,1668,5,1584.6,COD,Delivered,12,CUST6301,Aarush Bhardwaj,Female,26,Mumbai,Maharashtra,4.7,,11.85,273.82
ORD100802,25-02-2024,Max,Women's Fashion,Tops,Sony Tops Z926,Sony,4,2938,11752,10,10576.8,UPI,Delivered,3,CUST5736,Aniruddh Mander,Male,16,Ahmedabad,Gujarat,2.5,,11.22,2221.28
ORD102997,13-06-2023,Amazon,Fashion,Clothing,Levis Clothing X456,Levis,3,1920,5760,30,4032,COD,In Transit,7,CUST4317,Neysa Mani,Female,57,New Delhi,Delhi,3.9,,15.49,1043.31
ORD102228,14-12-2023,Amazon,Groceries,Snacks,Lenovo Snacks S123,Lenovo,3,1679,5037,5,4785.15,COD,Delivered,7,CUST3811,Shaan Sunder,Female,28,Ahmedabad,Gujarat,4.9,,10.71,297.42
ORD104785,25-01-2025,Myntra,Home & Living,Decor,LG Decor S601,LG,4,1961,7844,25,5883,Credit Card,Delivered,1,CUST6391,Raghav Venkatesh,Male,26,Pune,Maharashtra,2.3,,7.47,521.52
ORD102077,15-06-2024,Flipkart,"Books, Sports & Gaming",Gaming,Sony Gaming S862,Sony,1,32596,32596,0,32596,Debit Card,Delivered,5,CUST4961,Farhan Salvi,Female,44,Mumbai,Maharashtra,2.7,,6.91,6438.06
ORD100582,27-10-2024,Max,Women's Fashion,Winter Wear,Voylla Winter Wear M537,Voylla,3,739,2217,20,1773.6,UPI,Delivered,8,CUST7388,Onkar Mangat,Female,19,Mumbai,Maharashtra,3.5,,9.62,256.53
ORD100203,04-06-2024,Flipkart,Home & Furniture,Household Essentials,LocalFarm Household Essentials M828,LocalFarm,1,4794,4794,5,4554.3,UPI,Delivered,4,CUST7296,Neysa Mann,Male,15,Noida,Uttar Pradesh,3.4,,5.12,402.17
ORD104346,11-10-2023,Amazon,Home & Kitchen,Home Decor,FabIndia Home Decor X831,FabIndia,3,955,2865,0,2865,COD,Delivered,8,CUST5036,Riya Saxena,Female,30,Mumbai,Maharashtra,3.9,,9.82,604.92
ORD103478,19-07-2023,Amazon,Books,Books,Penguin Books S972,Penguin,2,1420,2840,0,2840,Credit Card,Delivered,8,CUST5814,Shamik Kunda,Female,26,Lucknow,Uttar Pradesh,4.2,,12.9,468.69
ORD102929,29-02-2024,Myntra,Home & Living,Furnishings,Portico Furnishings X833,Portico,3,16352,49056,5,46603.2,UPI,Delivered,7,CUST9201,Renee Roy,Female,22,Madurai,Tamil Nadu,2.9,,17.31,7931.64
ORD103085,19-10-2024,Myntra,Footwear,Formal,Red Tape Formal Z217,Red Tape,3,6734,20202,10,18181.8,COD,Delivered,5,CUST3772,Yashvi Kalla,Female,44,Jaipur,Rajasthan,1.3,,7.91,3415.95
ORD101018,14-02-2025,Max,Kids' Fashion,Kids Shoes,Penguin Kids Shoes Z274,Penguin,3,3874,11622,30,8135.4,UPI,Returned,2,CUST1220,Dishani Cheema,Male,34,Ahmedabad,Gujarat,1.8,Other,6.45,671.32
ORD101583,27-05-2025,Flipkart,"Books, Sports & Gaming",Books,Penguin Books Z648,Penguin,1,1492,1492,0,1492,UPI,Delivered,3,CUST5203,Anika Subramanian,Male,39,Bengaluru,Karnataka,3.7,,17.89,180.56
ORD101032,14-05-2025,Amazon,Books,Books,Penguin Books X511,Penguin,1,1419,1419,0,1419,UPI,Delivered,1,CUST7402,Baiju Varughese,Female,33,Bengaluru,Karnataka,3.6,,14.13,118.58
ORD101718,03-04-2025,Max,Plus Size,Plus Tops,Adidas Plus Tops X327,Adidas,1,3072,3072,5,2918.4,UPI,Delivered,4,CUST1260,Eshani Dora,Male,22,Ahmedabad,Gujarat,1.8,,4.76,349.51
ORD101281,11-03-2025,Max,Accessories,Bags,Baggit Bags M734,Baggit,3,3270,9810,5,9319.5,UPI,In Transit,3,CUST4375,Lakshay Kohli,Female,30,Surat,Gujarat,2.3,,12.46,1084.29
ORD102498,08-06-2023,Myntra,Footwear,Casual,Sparx Casual S849,Sparx,2,3844,7688,15,6534.8,UPI,Returned,6,CUST8477,Hridaan Ranganathan,Male,25,Bengaluru,Karnataka,1,Late delivery,13.83,564.29
ORD103350,07-01-2023,Myntra,Home & Living,Furnishings,Home Centre Furnishings X153,Home Centre,1,1095,1095,25,821.25,COD,Delivered,3,CUST8943,Kiara Chandran,Female,28,Noida,Uttar Pradesh,2.6,,11.12,224.04
ORD100517,16-02-2024,Myntra,Footwear,Sports,Roadster Sports S851,Roadster,1,5718,5718,0,5718,Credit Card,Delivered,5,CUST8138,Mahika Chatterjee,Female,25,Mangalore,Karnataka,2.1,,12.83,1389.21
ORD101747,26-08-2025,Myntra,Accessories,Watches,Fastrack Watches S703,Fastrack,4,10188,40752,5,38714.4,UPI,Delivered,5,CUST3635,Heer Raj,Female,63,New Delhi,Delhi,2.5,,10,4157.64
ORD104652,04-07-2023,Flipkart,Home & Furniture,Decor,LG Decor S817,LG,2,3991,7982,5,7582.9,COD,Cancelled,10,CUST5029,Riya Gopal,Female,47,Ahmedabad,Gujarat,2.2,,10.63,1509.53
ORD103732,29-03-2024,Amazon,Beauty & Personal Care,Healthcare,Himalaya Healthcare S103,Himalaya,2,823,1646,5,1563.7,COD,Delivered,2,CUST8069,Zeeshan Ramakrishnan,Female,20,Pune,Maharashtra,3.5,,5.55,143.17
ORD100668,10-07-2024,Amazon,Baby Products,Apparel,MotherCare Apparel M670,MotherCare,1,697,697,0,697,Wallet,Delivered,3,CUST4060,Sahil Bal,Female,28,Surat,Gujarat,5,,5.69,80.6
ORD104059,07-07-2025,Myntra,Accessories,Bags,Baggit Bags S672,Baggit,1,4396,4396,10,3956.4,UPI,Delivered,5,CUST7239,Heer Upadhyay,Female,46,New Delhi,Delhi,2.2,,10.66,805.09
ORD103026,30-12-2024,Amazon,Baby Products,Diapers,Boat Diapers X434,Boat,4,547,2188,20,1750.4,Credit Card,Delivered,2,CUST6115,Neelofar Swaminathan,Female,54,Jaipur,Rajasthan,4.1,,16.61,400.21
ORD104932,08-03-2024,Flipkart,"Books, Sports & Gaming",Gaming,Sony Gaming Z706,Sony,1,52406,52406,0,52406,Debit Card,Delivered,3,CUST7113,Rohan Cherian,Male,28,Nagpur,Maharashtra,3.6,,7.05,13003.61
ORD103286,14-06-2024,Amazon,Books,Stationery,BigBasket Stationery Z457,BigBasket,4,1784,7136,5,6779.2,UPI,Delivered,6,CUST9483,Ayesha Sani,Female,40,New Delhi,Delhi,3.7,,15.31,1136.72
ORD102650,30-11-2024,Amazon,Beauty & Personal Care,Healthcare,Patanjali Healthcare X231,Patanjali,1,1940,1940,5,1843,COD,Delivered,6,CUST8743,Aaryahi Ramaswamy,Female,18,Kolkata,West Bengal,3.9,,16.09,507.81
ORD104453,13-12-2024,Myntra,Clothing,Kids Wear,MotherCare Kids Wear X271,MotherCare,3,1609,4827,10,4344.3,COD,Delivered,3,CUST6874,Ojas Banerjee,Female,48,Chennai,Tamil Nadu,2.5,,11.38,646.81
ORD103192,04-03-2025,Amazon,Baby Products,Diapers,Wildcraft Diapers Z107,Wildcraft,4,5422,21688,0,21688,Credit Card,Delivered,1,CUST3604,Prisha Badal,Male,21,Howrah,West Bengal,4.5,,14.72,5516.03
ORD102124,14-02-2024,Myntra,Home & Living,Kitchenware,Hawkins Kitchenware X538,Hawkins,1,2696,2696,40,1617.6,UPI,Cancelled,7,CUST1935,Akarsh Venkatesh,Male,48,Amritsar,Punjab,2.6,,7.81,337.66
ORD103375,25-03-2023,Myntra,Home & Living,Furnishings,Home Centre Furnishings X457,Home Centre,3,10053,30159,20,24127.2,COD,Delivered,5,CUST7263,Sahil Dar,Female,54,Kanpur,Uttar Pradesh,3.3,,8.83,2230.62
ORD103392,20-06-2024,Amazon,Groceries,Fresh Produce,BigBasket Fresh Produce S438,BigBasket,1,647,647,0,647,UPI,Cancelled,4,CUST9877,Jivika Edwin,Female,15,New Delhi,Delhi,4.1,,13.38,29.2
ORD103485,24-06-2024,Flipkart,Grocery,Fresh,Microsoft Fresh S960,Microsoft,4,3426,13704,10,12333.6,Credit Card,Returned,4,CUST6028,Zaina Lanka,Male,28,Pune,Maharashtra,2,Defective,14.35,751.18
ORD100759,18-03-2023,Max,Accessories,Shoes,Adidas Shoes M951,Adidas,2,6984,13968,10,12571.2,COD,Delivered,4,CUST1866,Piya Sagar,Female,42,Bengaluru,Karnataka,2.2,,10.04,1793.25
ORD103379,13-10-2025,Amazon,Home & Kitchen,Furniture,Ikea Furniture Z668,Ikea,4,9115,36460,25,27345,Credit Card,Delivered,6,CUST2482,Jayan Sundaram,Male,40,New Delhi,Delhi,4.3,,17.61,6369.34
ORD104440,11-07-2024,Amazon,Fashion,Watches,Titan Watches X763,Titan,4,2274,9096,25,6822,Credit Card,Delivered,7,CUST5791,Dishani Jhaveri,Female,34,Mumbai,Maharashtra,3.4,,4.16,1514.9
ORD102526,11-04-2025,Amazon,Home & Kitchen,Home Decor,Home Centre Home Decor M572,Home Centre,2,1746,3492,5,3317.4,Credit Card,Delivered,2,CUST2943,Drishya Dugal,Female,63,Chennai,Tamil Nadu,4.1,,4.62,515.22
ORD104858,23-12-2023,Myntra,Home & Living,Decor,Campus Sutra Decor X272,Campus Sutra,2,1236,2472,20,1977.6,COD,Returned,10,CUST9902,Aarna Shan,Male,49,Kolkata,West Bengal,1.9,,5.95,351.63
ORD100907,25-05-2025,Amazon,Baby Products,Diapers,W Diapers S245,W,2,3111,6222,5,5910.9,UPI,Delivered,3,CUST2792,Prisha Kunda,Male,45,Chennai,Tamil Nadu,4.2,,6.49,886.84
ORD102683,15-03-2023,Myntra,Personal Care,Haircare,Asus Haircare X513,Asus,2,4001,8002,15,6801.7,UPI,Delivered,7,CUST7132,Kiaan Tandon,Female,48,Surat,Gujarat,1.4,,6.61,1128.24
ORD100214,17-07-2025,Amazon,Home & Kitchen,Appliances,LG Appliances M861,LG,1,41848,41848,10,37663.2,UPI,Delivered,3,CUST1378,Yasmin Bhat,Male,24,Pune,Maharashtra,4.2,,10.3,4399.44
ORD103331,13-12-2023,Flipkart,Automotive,Spare Parts,Nike Spare Parts M800,Nike,3,5216,15648,0,15648,COD,Delivered,9,CUST5273,Anaya Badal,Male,23,Ahmedabad,Gujarat,3.1,,11.09,3842.7
ORD104458,29-08-2025,Amazon,Sports & Outdoors,Sportswear,Adidas Sportswear Z249,Adidas,4,7414,29656,5,28173.2,UPI,Delivered,4,CUST1384,Zeeshan Deol,Male,38,Vadodara,Gujarat,3,,5.53,2629.22
ORD100693,16-11-2024,Flipkart,Home & Furniture,Household Essentials,Xiaomi Household Essentials Z594,Xiaomi,3,2941,8823,5,8381.85,COD,Delivered,6,CUST5018,Kiara Chaudry,Female,54,Bengaluru,Karnataka,3.3,,13.56,2157.17
ORD101503,11-09-2024,Amazon,Home & Kitchen,Appliances,Samsung Appliances S371,Samsung,1,33390,33390,10,30051,UPI,Delivered,4,CUST9818,Himmat Dara,Female,53,Noida,Uttar Pradesh,4.3,,16.07,7742.28
ORD102414,26-10-2024,Max,Kids' Fashion,Accessories,Boat Accessories M129,Boat,1,3891,3891,5,3696.45,Debit Card,Delivered,3,CUST7162,Nirvaan Chokshi,Female,57,Kozhikode,Kerala,2.7,,9.53,600.65
ORD102118,28-05-2024,Max,Men's Fashion,Shirts,Titan Shirts X719,Titan,3,1811,5433,15,4618.05,Wallet,Returned,6,CUST1732,Farhan Sachdeva,Female,29,Noida,Uttar Pradesh,2.7,Other,12.33,531.97
ORD103858,01-12-2023,Flipkart,Fashion,Apparel,Bosch Apparel Z124,Bosch,3,1017,3051,25,2288.25,UPI,Delivered,9,CUST8320,Biju Tata,Male,58,New Delhi,Delhi,2.9,,4.14,519.23
ORD102462,05-10-2024,Amazon,Sports & Outdoors,Sportswear,Adidas Sportswear Z590,Adidas,2,6600,13200,5,12540,Wallet,Delivered,3,CUST8102,Shayak Shukla,Male,48,Chennai,Tamil Nadu,3.7,,13.07,3121.42
ORD103635,15-02-2023,Amazon,Sports & Outdoors,Sportswear,Nike Sportswear Z685,Nike,4,1866,7464,5,7090.8,Credit Card,Delivered,8,CUST6515,Eva Bala,Female,46,Kozhikode,Kerala,4.9,,12.18,1678.23
ORD104105,09-01-2025,Amazon,Home & Kitchen,Furniture,Nilkamal Furniture Z245,Nilkamal,4,2908,11632,15,9887.2,UPI,Delivered,4,CUST1906,Anika Kade,Male,18,Lucknow,Uttar Pradesh,4.6,,10.07,2734.81
ORD104478,10-09-2024,Flipkart,Fashion,Accessories,Boat Accessories X114,Boat,2,4136,8272,15,7031.2,UPI,Returned,3,CUST3690,Nayantara Raju,Male,20,Chennai,Tamil Nadu,1.8,Other,4.41,1812.29
ORD100196,08-05-2024,Max,Women's Fashion,Tops,BigBasket Tops X349,BigBasket,2,1157,2314,5,2198.3,UPI,Delivered,5,CUST4452,Shanaya Devi,Female,23,Ahmedabad,Gujarat,2.7,,10.74,407.43
ORD104667,06-07-2025,Myntra,Footwear,Formal,Red Tape Formal X264,Red Tape,2,7875,15750,0,15750,UPI,Delivered,5,CUST4044,Adira Agate,Female,26,Surat,Gujarat,2.2,,5.46,3990.52
ORD101543,15-05-2025,Amazon,Electronics,Accessories,Portronics Accessories X979,Portronics,4,3616,14464,0,14464,Debit Card,Returned,4,CUST4446,Kiaan Kohli,Male,35,New Delhi,Delhi,3.3,Changed mind,12.42,2227.31
ORD101330,26-09-2024,Flipkart,Fashion,Accessories,JBL Accessories S910,JBL,3,4094,12282,10,11053.8,UPI,Delivered,3,CUST4473,Vardaniya Raj,Male,38,Kolkata,West Bengal,2.8,,4.27,1661.19
ORD100879,18-01-2024,Max,Kids' Fashion,Accessories,Portronics Accessories S900,Portronics,1,831,831,20,664.8,Credit Card,Delivered,6,CUST5707,Nirvi Koshy,Male,50,New Delhi,Delhi,3.4,,12.45,78.68
ORD104502,17-03-2024,Flipkart,Automotive,Accessories,Boat Accessories X934,Boat,3,465,1395,10,1255.5,COD,Delivered,3,CUST6402,Gatik Saxena,Male,26,Mumbai,Maharashtra,2.9,,9.97,164.88
ORD103501,26-03-2024,Flipkart,Home & Furniture,Kitchen Appliances,W Kitchen Appliances S721,W,2,787,1574,10,1416.6,COD,Delivered,2,CUST6869,Alisha Raju,Female,35,Bengaluru,Karnataka,3.4,,5.28,164.52
ORD103894,04-02-2023,Myntra,Clothing,Ethnic Wear,Biba Ethnic Wear S370,Biba,1,2054,2054,5,1951.3,COD,In Transit,5,CUST3279,Priyansh Sridhar,Female,45,Noida,Uttar Pradesh,2.5,,8.77,421.65
ORD104990,21-07-2023,Flipkart,Grocery,Essentials,Wildcraft Essentials X229,Wildcraft,4,3874,15496,0,15496,UPI,Delivered,8,CUST3665,Riaan Kalla,Male,52,Kozhikode,Kerala,1.9,,5.23,501.68
ORD100887,17-03-2023,Max,Accessories,Bags,Wildcraft Bags S548,Wildcraft,4,4497,17988,20,14390.4,COD,Delivered,6,CUST8927,Ishita Konda,Female,27,Bengaluru,Karnataka,2.2,,5.04,2501.05
ORD101345,14-04-2024,Amazon,Baby Products,Apparel,Samsung Apparel S729,Samsung,2,416,832,10,748.8,Credit Card,Delivered,7,CUST2302,Nishith Kaur,Female,27,Mangalore,Karnataka,4.2,,4.83,64.83
ORD100068,06-04-2024,Max,Women's Fashion,Winter Wear,JBL Winter Wear Z559,JBL,4,4974,19896,10,17906.4,COD,Delivered,7,CUST8740,Madhav Bava,Male,34,Surat,Gujarat,2.1,,4.54,5046.51
ORD104210,17-01-2025,Myntra,Accessories,Wallets,Canon Wallets Z126,Canon,3,4117,12351,25,9263.25,Credit Card,Returned,2,CUST4572,Riaan Cherian,Male,29,Mumbai,Maharashtra,1,Other,14.45,1649.83
ORD101815,05-02-2025,Myntra,Accessories,Jewelry,Voylla Jewelry M347,Voylla,2,15055,30110,15,25593.5,UPI,Delivered,4,CUST5004,Miraya Rao,Female,42,Surat,Gujarat,1.7,,12.07,7408.79
ORD100568,20-06-2025,Amazon,Books,Stationery,Levis Stationery X365,Levis,3,902,2706,5,2570.7,UPI,Delivered,2,CUST4467,Badal Baria,Female,51,Ahmedabad,Gujarat,3.3,,7.6,275.97
ORD102167,06-01-2025,Amazon,Baby Products,Diapers,Fastrack Diapers S869,Fastrack,3,3958,11874,5,11280.3,UPI,Delivered,1,CUST8714,Nitara Bal,Male,32,Lucknow,Uttar Pradesh,4.7,,16.7,1980.52
ORD100096,06-04-2025,Amazon,Electronics,Cameras,Sony Cameras Z483,Sony,1,67129,67129,0,67129,UPI,Delivered,1,CUST3218,Nitya Srinivas,Male,21,Kolkata,West Bengal,4.9,,8.02,4927.11
ORD104181,21-03-2025,Flipkart,Home & Furniture,Kitchen Appliances,Hawkins Kitchen Appliances S794,Hawkins,3,3811,11433,10,10289.7,UPI,Returned,3,CUST7058,Navya Rattan,Female,28,Pune,Maharashtra,2.3,Defective,11.32,2867.03
ORD103353,24-05-2023,Max,Plus Size,Plus Tops,Microsoft Plus Tops Z529,Microsoft,3,1530,4590,20,3672,Debit Card,Returned,11,CUST1218,Raunak Anand,Female,61,Kolkata,West Bengal,2,,10.23,810.95
ORD100139,01-05-2025,Myntra,Accessories,Jewelry,Tanishq Jewelry M972,Tanishq,2,36003,72006,15,61205.1,UPI,Delivered,4,CUST4401,Yakshit Rajagopalan,Male,21,Chennai,Tamil Nadu,2,,5.69,9720.79
ORD104954,16-10-2023,Myntra,Clothing,Western Wear,Roadster Western Wear Z514,Roadster,3,4720,14160,10,12744,Credit Card,Delivered,11,CUST3403,Heer Salvi,Female,37,Pune,Maharashtra,1.9,,5.4,2248.6
ORD102602,13-08-2025,Amazon,Fashion,Watches,Fastrack Watches Z614,Fastrack,1,7952,7952,20,6361.6,UPI,Delivered,1,CUST2419,Mahika Das,Female,25,Bengaluru,Karnataka,3.6,,5.67,640.38
ORD104023,12-12-2024,Flipkart,Home & Furniture,Decor,Lilliput Decor S898,Lilliput,4,4621,18484,0,18484,UPI,Delivered,2,CUST9518,Rasha Lal,Male,28,Noida,Uttar Pradesh,2.8,,13.53,3804.15
ORD104772,15-05-2023,Amazon,Baby Products,Feeding Supplies,Loreal Feeding Supplies S796,Loreal,2,3892,7784,10,7005.6,Credit Card,Delivered,11,CUST6347,Siya Goda,Male,36,Mumbai,Maharashtra,5,,9.08,1960.4
ORD101606,25-02-2023,Myntra,Accessories,Watches,Titan Watches X657,Titan,1,9069,9069,0,9069,Credit Card,Delivered,4,CUST5989,Pranay Barad,Female,22,Mumbai,Maharashtra,1.4,,5.81,1724.71
ORD101629,16-01-2024,Amazon,Beauty & Personal Care,Healthcare,Patanjali Healthcare M917,Patanjali,3,2164,6492,5,6167.4,UPI,Delivered,5,CUST5335,Rohan Keer,Female,23,Ahmedabad,Gujarat,5,,5.27,1648.27
ORD101539,06-06-2025,Max,Accessories,Shoes,Adidas Shoes X408,Adidas,3,532,1596,10,1436.4,UPI,Delivered,6,CUST7299,Shaan Bansal,Male,45,Noida,Uttar Pradesh,1.2,,4.55,429.88
ORD101694,28-05-2025,Flipkart,"Books, Sports & Gaming",Sporting Goods,Nike Sporting Goods X691,Nike,2,4052,8104,10,7293.6,UPI,Delivered,5,CUST5037,Shray Gour,Female,48,Madurai,Tamil Nadu,4,,11.6,712.26
ORD102059,04-01-2024,Myntra,Accessories,Bags,Baggit Bags M326,Baggit,2,6723,13446,10,12101.4,Wallet,Delivered,7,CUST2402,Dharmajan Magar,Female,35,Noida,Uttar Pradesh,1.9,,15.68,1957.24
ORD100463,18-10-2023,Amazon,Groceries,Snacks,Patanjali Snacks S731,Patanjali,4,453,1812,0,1812,Credit Card,Delivered,12,CUST8045,Kabir Chhabra,Female,31,Bengaluru,Karnataka,3.9,,8.44,69.8
ORD102330,04-02-2025,Max,Kids' Fashion,Kids Apparel,Lakme Kids Apparel M270,Lakme,2,2637,5274,30,3691.8,Credit Card,Delivered,6,CUST1194,Jayesh Desai,Male,23,Mysuru,Karnataka,2.3,,8.26,652.89
ORD103043,06-04-2023,Max,Plus Size,Plus Tops,Fastrack Plus Tops Z547,Fastrack,2,1974,3948,5,3750.6,Debit Card,In Transit,4,CUST3317,Baiju Seth,Female,51,Noida,Uttar Pradesh,4.1,,17.89,491.56
ORD104734,10-07-2025,Flipkart,Automotive,Spare Parts,Decathlon Spare Parts S227,Decathlon,2,418,836,0,836,UPI,Delivered,1,CUST5858,Pranay Bakshi,Female,46,Kolkata,West Bengal,2.6,,13.76,218.83
ORD100594,19-04-2025,Max,Accessories,Bags,Wildcraft Bags X796,Wildcraft,1,1711,1711,20,1368.8,UPI,Delivered,5,CUST9697,Ela Datta,Male,43,Nagpur,Maharashtra,1.2,,9.08,178.89
ORD103814,17-07-2024,Amazon,Groceries,Fresh Produce,BigBasket Fresh Produce Z759,BigBasket,2,73,146,5,138.7,Credit Card,Returned,7,CUST6702,Misha Shenoy,Male,44,Surat,Gujarat,3.2,,4.58,9.53
ORD100625,21-09-2023,Max,Kids' Fashion,Accessories,Portronics Accessories Z851,Portronics,1,464,464,10,417.6,Debit Card,Delivered,5,CUST7648,Jiya Kulkarni,Male,24,Kozhikode,Kerala,2.9,,15.76,65.83
ORD100450,07-10-2025,Myntra,Clothing,Ethnic Wear,Biba Ethnic Wear X701,Biba,3,4847,14541,40,8724.6,UPI,Delivered,3,CUST9250,Ivana Dey,Female,46,Pune,Maharashtra,2.9,,5.36,1479.72
ORD101499,09-10-2025,Amazon,Sports & Outdoors,Outdoor Gear,Portico Outdoor Gear Z545,Portico,2,4840,9680,20,7744,UPI,Delivered,4,CUST7339,Bhamini Chandra,Female,31,Pune,Maharashtra,4.4,,5.19,1911.85
ORD102456,03-02-2024,Amazon,Beauty & Personal Care,Grooming,HUL Grooming Z378,HUL,4,957,3828,5,3636.6,UPI,In Transit,2,CUST4053,Piya Gour,Female,63,New Delhi,Delhi,4,,4.35,450.7
ORD104722,31-12-2023,Flipkart,Electronics,Mobiles,Realme Mobiles X976,Realme,1,72006,72006,10,64805.4,COD,Delivered,10,CUST3599,Sahil Ramanathan,Male,35,Ludhiana,Punjab,3,,12.77,8746.71
ORD102984,01-10-2025,Amazon,Beauty & Personal Care,Grooming,HUL Grooming M778,HUL,3,4544,13632,15,11587.2,UPI,In Transit,1,CUST2504,Krish Gopal,Male,18,Mumbai,Maharashtra,3.3,,8.75,2666.93
ORD101569,08-05-2024,Myntra,Accessories,Watches,Titan Watches X948,Titan,1,8875,8875,15,7543.75,UPI,Delivered,3,CUST3403,Adira Balasubramanian,Male,31,Pune,Maharashtra,2.5,,10.31,1348.63
ORD101034,03-04-2025,Amazon,Fashion,Bags,Wildcraft Bags S434,Wildcraft,4,5244,20976,10,18878.4,UPI,Delivered,1,CUST4840,Ivana Subramanian,Female,63,Amritsar,Punjab,4.3,,11.5,5471.14
ORD103518,14-06-2023,Max,Men's Fashion,T-Shirts,HomeTown T-Shirts S520,HomeTown,1,4906,4906,5,4660.7,Credit Card,Delivered,5,CUST2645,Anaya Badami,Male,16,Mumbai,Maharashtra,2.7,,6.42,725.08
ORD101557,28-05-2024,Amazon,Groceries,Snacks,Samsung Snacks X461,Samsung,3,3476,10428,5,9906.6,UPI,Delivered,4,CUST7313,Fateh Kaul,Female,41,Ahmedabad,Gujarat,4.4,,15.56,525.24
ORD103624,06-10-2025,Amazon,Electronics,Mobiles,Samsung Mobiles M373,Samsung,1,69109,69109,10,62198.1,UPI,Returned,6,CUST9249,Drishya Bumb,Male,29,Surat,Gujarat,2.7,Other,7.02,5926.65
ORD104664,17-02-2024,Amazon,Groceries,Fresh Produce,LocalFarm Fresh Produce X785,LocalFarm,1,1019,1019,0,1019,UPI,Delivered,7,CUST4418,Anvi Deshmukh,Male,18,Nagpur,Maharashtra,5,,8.34,40.31
ORD100150,17-03-2023,Amazon,Sports & Outdoors,Fitness,HRX Fitness M404,HRX,1,17228,17228,25,12921,Debit Card,Delivered,5,CUST4112,Parinaaz Khatri,Female,45,Thiruvananthapuram,Kerala,3.7,,4.75,1974.86
ORD101420,09-04-2024,Amazon,Fashion,Watches,Fastrack Watches M519,Fastrack,1,2423,2423,25,1817.25,Credit Card,Delivered,5,CUST2946,Drishya Chopra,Male,22,Noida,Uttar Pradesh,3.5,,15.04,285.1
ORD102011,25-10-2024,Max,Plus Size,Plus Bottoms,Apple Plus Bottoms S724,Apple,3,4389,13167,0,13167,UPI,Delivered,4,CUST4355,Biju Chatterjee,Female,41,Chennai,Tamil Nadu,2.1,,15.28,1772.96
ORD102686,30-12-2024,Amazon,Beauty & Personal Care,Makeup,Loreal Makeup Z647,Loreal,1,2008,2008,0,2008,Wallet,Delivered,8,CUST1264,Rania Sankar,Female,32,Surat,Gujarat,5,,14.67,483.26
ORD101786,18-06-2023,Amazon,Fashion,Watches,Fastrack Watches X642,Fastrack,1,12565,12565,10,11308.5,Wallet,Delivered,6,CUST8466,Tiya Bava,Female,24,Noida,Uttar Pradesh,3.6,,13.89,1596.56
ORD100088,28-02-2025,Amazon,Beauty & Personal Care,Healthcare,Patanjali Healthcare M865,Patanjali,3,743,2229,5,2117.55,UPI,Delivered,3,CUST2294,Ayesha Din,Female,26,New Delhi,Delhi,5,,8.07,303.4
ORD100457,01-12-2024,Flipkart,Home & Furniture,Household Essentials,HarperCollins Household Essentials M871,HarperCollins,3,2534,7602,0,7602,Credit Card,Delivered,7,CUST1880,Amira Lata,Male,17,Pune,Maharashtra,3,,16.5,916.02
ORD101305,23-09-2023,Amazon,Baby Products,Diapers,FabIndia Diapers S145,FabIndia,1,395,395,0,395,COD,Delivered,12,CUST4820,Ahana  Rao,Female,28,Lucknow,Uttar Pradesh,5,,15.19,71.14
ORD102925,07-04-2025,Myntra,Footwear,Casual,Campus Casual X460,Campus,1,1319,1319,0,1319,UPI,Delivered,3,CUST8104,Anaya Dar,Male,17,Surat,Gujarat,3,,6.67,127.16
ORD103270,04-01-2025,Amazon,Books,Books,Penguin Books M245,Penguin,2,721,1442,10,1297.8,Debit Card,Delivered,6,CUST5785,Tejas Lad,Male,59,Ahmedabad,Gujarat,3.7,,5.87,135.57
ORD103227,28-07-2023,Amazon,Fashion,Bags,Wildcraft Bags Z806,Wildcraft,3,5482,16446,25,12334.5,COD,Delivered,4,CUST1817,Chirag Kakar,Male,31,Ahmedabad,Gujarat,4.4,,13.25,2031.53
ORD101988,04-05-2025,Amazon,Fashion,Watches,Titan Watches X423,Titan,2,16946,33892,30,23724.4,UPI,Delivered,5,CUST7871,Farhan Sood,Female,18,Kolkata,West Bengal,4.6,,14.39,1991.14
ORD103754,14-08-2024,Myntra,Personal Care,Skincare,Samsung Skincare S429,Samsung,3,4641,13923,10,12530.7,COD,In Transit,5,CUST2203,Keya Sunder,Female,32,Mumbai,Maharashtra,1.1,,16.39,1381.03
ORD103646,19-05-2025,Max,Plus Size,Plus Tops,Philips Plus Tops S122,Philips,1,3814,3814,0,3814,Debit Card,In Transit,5,CUST5953,Kiaan Gandhi,Male,15,Pune,Maharashtra,3.6,,6.38,940.29
ORD100831,27-03-2023,Myntra,Footwear,Formal,Red Tape Formal S422,Red Tape,1,7420,7420,5,7049,UPI,Delivered,4,CUST8906,Charvi Kade,Female,35,Mysuru,Karnataka,2,,12.25,1734.94
ORD100239,01-02-2024,Max,Women's Fashion,Bottoms,Prestige Bottoms Z655,Prestige,2,819,1638,10,1474.2,Wallet,Delivered,3,CUST7987,Nirvaan Gaba,Male,27,Amritsar,Punjab,2.8,,9.84,303.74
ORD104681,14-07-2025,Flipkart,Automotive,Spare Parts,Campus Sutra Spare Parts M530,Campus Sutra,4,2186,8744,10,7869.6,Debit Card,Delivered,2,CUST9674,Hazel Brahmbhatt,Male,43,Bengaluru,Karnataka,4,,5.83,1632.35
ORD103022,27-05-2025,Flipkart,Home & Furniture,Kitchen Appliances,Voylla Kitchen Appliances S775,Voylla,3,3421,10263,5,9749.85,UPI,Delivered,4,CUST7022,Pari Shroff,Female,64,Kolkata,West Bengal,3.8,,4.4,2314.7
ORD103148,21-04-2024,Myntra,Accessories,Jewelry,Tanishq Jewelry X397,Tanishq,1,12224,12224,20,9779.2,Credit Card,Delivered,8,CUST7992,Kashvi Dada,Female,62,Coimbatore,Tamil Nadu,1,,11.57,1243.22
ORD101946,16-02-2025,Amazon,Fashion,Jewelry,Voylla Jewelry X274,Voylla,2,4386,8772,5,8333.4,Wallet,Delivered,5,CUST5593,Samarth Kapur,Male,64,Kolkata,West Bengal,4.1,,15.6,2337.94
ORD102775,08-04-2025,Amazon,Books,Stationery,IFB Stationery S359,IFB,1,2294,2294,15,1949.9,UPI,Delivered,5,CUST4480,Vanya Rege,Male,17,Ahmedabad,Gujarat,4.8,,4.94,219.18
ORD100192,01-04-2024,Amazon,Groceries,Essentials,Bata Essentials X664,Bata,3,4986,14958,0,14958,UPI,Delivered,2,CUST7637,Onkar Sanghvi,Male,17,Kolkata,West Bengal,4,,15.89,921.13
ORD104849,24-12-2024,Flipkart,Beauty & Personal Care,Grooming,HUL Grooming M475,HUL,2,4789,9578,10,8620.2,Wallet,Cancelled,5,CUST1596,Taimur Mani,Male,29,Mangalore,Karnataka,3.1,,8.56,893.99
ORD104939,17-11-2024,Amazon,Sports & Outdoors,Sportswear,Adidas Sportswear Z288,Adidas,1,5154,5154,0,5154,UPI,Delivered,2,CUST5222,Baiju Kata,Male,29,Kolkata,West Bengal,4.1,,11.42,1075.98
ORD100944,06-10-2025,Max,Accessories,Bags,Wildcraft Bags Z533,Wildcraft,1,5631,5631,0,5631,Credit Card,Delivered,6,CUST1769,Yashvi Sahota,Male,64,New Delhi,Delhi,1.3,,15.67,1002.12
ORD101268,11-03-2024,Myntra,Home & Living,Kitchenware,Hawkins Kitchenware M781,Hawkins,1,4034,4034,5,3832.3,Debit Card,In Transit,2,CUST1149,Badal Gulati,Male,27,Noida,Uttar Pradesh,3.3,,16.15,775.36
ORD104231,10-02-2023,Myntra,Footwear,Formal,Red Tape Formal X940,Red Tape,1,5568,5568,5,5289.6,COD,Delivered,5,CUST4790,Riaan Shankar,Male,27,Pune,Maharashtra,2,,11.68,1074.97
ORD102307,25-09-2023,Flipkart,Fashion,Accessories,JBL Accessories Z991,JBL,2,1063,2126,10,1913.4,Debit Card,Delivered,4,CUST8758,Samaira Setty,Female,59,Noida,Uttar Pradesh,3.6,,7.4,380.64
ORD104424,05-02-2024,Amazon,Home & Kitchen,Kitchenware,Hawkins Kitchenware Z429,Hawkins,3,7666,22998,5,21848.1,Credit Card,Delivered,6,CUST2663,Taran Agate,Male,22,Kolkata,West Bengal,4,,12.47,3466.77
ORD104711,10-07-2023,Myntra,Clothing,Ethnic Wear,Biba Ethnic Wear Z351,Biba,4,964,3856,10,3470.4,Wallet,Delivered,3,CUST5601,Ryan Arora,Female,20,Pune,Maharashtra,1.8,,13.73,927.66
ORD102313,24-02-2023,Flipkart,Electronics,Home Electronics,Portronics Home Electronics X874,Portronics,3,398,1194,15,1014.9,UPI,Delivered,8,CUST3496,Zara Keer,Male,19,Howrah,West Bengal,2.7,,13.35,78.86
ORD103214,18-08-2023,Max,Plus Size,Plus Tops,Biba Plus Tops X647,Biba,2,1434,2868,0,2868,UPI,Delivered,10,CUST5809,Anahita Banerjee,Female,40,Surat,Gujarat,2.4,,10.07,768.81
ORD102732,19-01-2023,Amazon,Baby Products,Apparel,Voylla Apparel S970,Voylla,1,2939,2939,15,2498.15,COD,Delivered,6,CUST2561,Alisha Sachdeva,Female,32,New Delhi,Delhi,3.9,,11.91,311.37
ORD101926,27-06-2023,Amazon,Home & Kitchen,Appliances,IFB Appliances M944,IFB,1,22296,22296,10,20066.4,UPI,Delivered,6,CUST4534,Prerak Mani,Male,17,Kolkata,West Bengal,5,,4.3,1884.81
ORD104227,30-03-2025,Myntra,Accessories,Bags,Wildcraft Bags S432,Wildcraft,3,611,1833,30,1283.1,UPI,Delivered,3,CUST1867,Himmat Kibe,Male,24,New Delhi,Delhi,1.3,,16.71,165.75
ORD104676,25-05-2025,Flipkart,Home & Furniture,Household Essentials,Lilliput Household Essentials M659,Lilliput,2,4174,8348,5,7930.6,UPI,Delivered,6,CUST9944,Parinaaz Sunder,Male,34,Surat,Gujarat,3.5,,6.02,2274.86
ORD100800,12-05-2024,Myntra,Clothing,Western Wear,Roadster Western Wear X361,Roadster,2,3445,6890,30,4823,COD,Delivered,8,CUST2077,Yasmin Sane,Male,35,New Delhi,Delhi,1.8,,12.04,720.12
ORD103671,07-04-2025,Amazon,Sports & Outdoors,Outdoor Gear,Lakme Outdoor Gear Z463,Lakme,4,1683,6732,5,6395.4,Debit Card,Delivered,1,CUST1497,Anahi Sama,Female,17,Ahmedabad,Gujarat,4.3,,4.81,1458.72
ORD104193,15-07-2025,Flipkart,Fashion,Footwear,Sony Footwear S959,Sony,4,4143,16572,30,11600.4,Credit Card,Delivered,2,CUST6116,Nayantara Dani,Female,26,Ahmedabad,Gujarat,3.1,,14.15,2155.03
ORD102968,17-02-2023,Flipkart,Automotive,Spare Parts,Home Centre Spare Parts X181,Home Centre,3,6456,19368,20,15494.4,COD,Cancelled,4,CUST3698,Veer Dugar,Male,39,Kochi,Kerala,3.7,,16.25,1829.21
ORD104793,19-09-2025,Amazon,Fashion,Clothing,Levis Clothing Z915,Levis,2,2314,4628,20,3702.4,UPI,Delivered,4,CUST4493,Kabir Master,Female,18,Nagpur,Maharashtra,4.1,,11.12,994.07
ORD104368,20-03-2023,Amazon,Sports & Outdoors,Sportswear,Nike Sportswear Z150,Nike,3,7990,23970,5,22771.5,COD,Delivered,11,CUST9708,Nakul Bhalla,Male,38,Pune,Maharashtra,4,,7.43,1996.56
ORD102776,06-04-2024,Flipkart,Home & Furniture,Household Essentials,Dell Household Essentials M346,Dell,1,4701,4701,5,4465.95,UPI,Delivered,6,CUST1719,Faiyaz Issac,Female,26,Kochi,Kerala,4.1,,17.21,1117.35
ORD102970,23-06-2023,Myntra,Home & Living,Furnishings,Portico Furnishings Z336,Portico,3,4075,12225,15,10391.25,COD,Delivered,11,CUST4226,Neysa Banik,Female,22,New Delhi,Delhi,2.5,,9.63,2059.77
ORD103867,04-01-2023,Amazon,Groceries,Essentials,Realme Essentials X291,Realme,3,994,2982,0,2982,COD,In Transit,5,CUST1543,Alia Keer,Male,23,Bengaluru,Karnataka,3.8,,14.11,135.3
ORD101743,12-01-2024,Flipkart,Beauty & Personal Care,Grooming,HUL Grooming X257,HUL,2,2908,5816,10,5234.4,Credit Card,Delivered,8,CUST1250,Tejas Saxena,Female,33,Noida,Uttar Pradesh,2.8,,12.28,635.56
ORD103948,09-05-2023,Amazon,Fashion,Jewelry,Tanishq Jewelry S737,Tanishq,4,32978,131912,10,118720.8,COD,In Transit,7,CUST8570,Amira Kar,Male,21,New Delhi,Delhi,5,,5.54,12055.54
ORD103802,09-09-2023,Amazon,Home & Kitchen,Kitchenware,Hawkins Kitchenware M165,Hawkins,2,3194,6388,0,6388,COD,Delivered,9,CUST9075,Purab Gera,Male,42,Bengaluru,Karnataka,4.6,,9.66,683.14
ORD102024,08-01-2023,Amazon,Home & Kitchen,Home Decor,FabIndia Home Decor X524,FabIndia,1,4246,4246,10,3821.4,COD,Delivered,10,CUST9733,Veer Agrawal,Male,30,New Delhi,Delhi,4.7,,11.72,1039.55
ORD102274,16-10-2023,Amazon,Sports & Outdoors,Outdoor Gear,Nike Outdoor Gear S294,Nike,3,908,2724,20,2179.2,Credit Card,Delivered,9,CUST3629,Shray Manne,Male,32,Chennai,Tamil Nadu,4.1,,11.13,484.2
ORD100099,28-08-2023,Flipkart,Automotive,Accessories,JBL Accessories S741,JBL,3,2674,8022,10,7219.8,Credit Card,Delivered,11,CUST1998,Gokul Yadav,Male,53,Ahmedabad,Gujarat,3.5,,7.09,1054.89
ORD104921,11-12-2023,Flipkart,Home & Furniture,Kitchen Appliances,HRX Kitchen Appliances Z935,HRX,1,1148,1148,20,918.4,Wallet,Delivered,6,CUST4437,Yuvaan Tak,Male,45,Thiruvananthapuram,Kerala,4.1,,4.28,88.05
ORD103407,16-05-2025,Amazon,Home & Kitchen,Home Decor,Home Centre Home Decor X349,Home Centre,4,6366,25464,0,25464,Wallet,Delivered,3,CUST7740,Ojas Gole,Male,40,Mumbai,Maharashtra,5,,8.81,4254.35
ORD104245,17-10-2024,Flipkart,Grocery,Essentials,Penguin Essentials M879,Penguin,3,3355,10065,5,9561.75,UPI,Delivered,2,CUST2755,Veer Sharaf,Female,38,Kolkata,West Bengal,2.9,,10.97,636.42
ORD104619,12-10-2023,Amazon,Books,Books,HarperCollins Books X975,HarperCollins,3,580,1740,5,1653,UPI,Delivered,9,CUST6751,Dishani Chopra,Male,21,Mumbai,Maharashtra,3.2,,11.09,156.79
ORD104916,19-04-2025,Max,Women's Fashion,Dresses,Portronics Dresses X365,Portronics,4,1528,6112,40,3667.2,UPI,Delivered,4,CUST4753,Farhan Hora,Male,18,Bengaluru,Karnataka,1,,4.88,871.95
ORD100191,12-05-2024,Flipkart,Grocery,Fresh,Prestige Fresh Z573,Prestige,3,4805,14415,0,14415,UPI,Delivered,7,CUST3200,Divyansh Batta,Male,36,Surat,Gujarat,3.2,,10.11,1037.96
ORD104696,23-12-2024,Myntra,Accessories,Jewelry,Tanishq Jewelry Z463,Tanishq,2,12591,25182,25,18886.5,UPI,Delivered,6,CUST5821,Misha Chhabra,Male,54,Bengaluru,Karnataka,2.5,,15.15,4149.92
ORD101784,30-04-2024,Max,Men's Fashion,Shirts,Asus Shirts X132,Asus,4,3410,13640,25,10230,UPI,Delivered,6,CUST5050,Neysa Sur,Female,43,New Delhi,Delhi,2.7,,10.48,1339.64
ORD101532,16-12-2023,Amazon,Books,Books,Penguin Books S836,Penguin,1,1701,1701,15,1445.85,UPI,Delivered,10,CUST2961,Ishita Trivedi,Female,29,Kanpur,Uttar Pradesh,5,,13.79,233.68
ORD102834,01-03-2024,Flipkart,Home & Furniture,Kitchen Appliances,Ikea Kitchen Appliances S576,Ikea,2,3895,7790,5,7400.5,Credit Card,Delivered,2,CUST9225,Shalv Contractor,Male,30,Chennai,Tamil Nadu,2.7,,17.96,1985.94
ORD104444,27-06-2023,Myntra,Clothing,Western Wear,Campus Sutra Western Wear Z843,Campus Sutra,4,1123,4492,30,3144.4,Credit Card,Delivered,8,CUST5641,Farhan Dey,Female,31,Kozhikode,Kerala,1.8,,12.43,658.69
ORD104915,01-07-2023,Flipkart,Automotive,Spare Parts,OnePlus Spare Parts X909,OnePlus,1,4095,4095,20,3276,COD,Delivered,7,CUST2173,Anvi Bhat,Female,63,Bengaluru,Karnataka,3.4,,6.24,585.92
ORD101598,02-07-2023,Flipkart,Automotive,Spare Parts,Lilliput Spare Parts Z628,Lilliput,3,9521,28563,0,28563,UPI,Delivered,11,CUST3726,Aarush Rout,Female,53,Kolkata,West Bengal,2,,13.07,8381.93
ORD101779,09-01-2024,Amazon,Electronics,Computers,HP Computers Z301,HP,1,85393,85393,5,81123.35,COD,Delivered,4,CUST4555,Tanya Bhatnagar,Male,36,Surat,Gujarat,3.9,,17.26,13920.1
ORD104900,17-12-2024,Amazon,Baby Products,Feeding Supplies,Adidas Feeding Supplies X702,Adidas,4,2703,10812,10,9730.8,UPI,Delivered,5,CUST4833,Vedika Acharya,Female,38,Bengaluru,Karnataka,5,,17.11,2842.17
ORD102574,04-02-2024,Flipkart,Grocery,Essentials,Wildcraft Essentials S493,Wildcraft,4,5216,20864,0,20864,Credit Card,Returned,2,CUST5484,Seher Sheth,Female,21,Lucknow,Uttar Pradesh,2.4,Late delivery,7.47,797.66
ORD103398,31-08-2024,Myntra,Home & Living,Decor,Samsung Decor S908,Samsung,1,3282,3282,10,2953.8,COD,Delivered,8,CUST4892,Anahita Sharaf,Female,27,Lucknow,Uttar Pradesh,1.4,,12.56,409.06
ORD103975,22-04-2024,Max,Kids' Fashion,Accessories,Boat Accessories Z744,Boat,1,5238,5238,5,4976.1,UPI,Returned,3,CUST9395,Mishti Dalal,Male,21,Noida,Uttar Pradesh,2.2,Changed mind,17.38,893.47
ORD103770,01-01-2023,Amazon,Sports & Outdoors,Sportswear,Nike Sportswear X734,Nike,2,1350,2700,20,2160,Credit Card,Delivered,7,CUST1062,Prisha Taneja,Male,57,Kochi,Kerala,3.8,,16.33,329.8
ORD100166,11-12-2024,Max,Kids' Fashion,Kids Apparel,Nike Kids Apparel S931,Nike,1,697,697,0,697,Wallet,Delivered,6,CUST9031,Tarini Desai,Male,24,New Delhi,Delhi,1.8,,17.94,108.31
ORD101751,04-02-2025,Amazon,Groceries,Gourmet Foods,Penguin Gourmet Foods Z498,Penguin,3,3397,10191,10,9171.9,Credit Card,Delivered,2,CUST9884,Miraya Balasubramanian,Female,20,Surat,Gujarat,4.4,,14.64,339.14
ORD101479,30-01-2025,Max,Kids' Fashion,Accessories,Portronics Accessories X916,Portronics,1,3655,3655,25,2741.25,UPI,Delivered,5,CUST2070,Aarush Shukla,Female,38,Kozhikode,Kerala,2.5,,10.33,559.6
ORD101024,02-12-2023,Max,Women's Fashion,Winter Wear,HarperCollins Winter Wear M915,HarperCollins,2,1277,2554,20,2043.2,COD,Delivered,10,CUST4588,Ira Dubey,Male,30,Mysuru,Karnataka,1.9,,5.09,386.5
ORD101788,02-06-2023,Amazon,Fashion,Clothing,Zara Clothing M364,Zara,4,4499,17996,20,14396.8,COD,Delivered,5,CUST6005,Elakshi Ghosh,Female,16,Pune,Maharashtra,3.9,,16.58,3524.55
ORD102264,23-01-2024,Amazon,Groceries,Snacks,Ikea Snacks M251,Ikea,4,3089,12356,10,11120.4,COD,Delivered,4,CUST9150,Madhav Baral,Male,53,Chennai,Tamil Nadu,3.3,,6.17,443.44
ORD102473,04-09-2023,Flipkart,Fashion,Footwear,IFB Footwear S468,IFB,4,3281,13124,10,11811.6,COD,Delivered,5,CUST5386,Tiya Mallick,Male,56,Pune,Maharashtra,2.4,,9.8,2840.23
ORD101822,25-08-2025,Flipkart,Home & Furniture,Household Essentials,HRX Household Essentials X362,HRX,4,1299,5196,20,4156.8,Credit Card,Delivered,3,CUST1148,Aradhya Lala,Female,38,Mangalore,Karnataka,2.5,,4.67,941.25
ORD101220,12-10-2023,Flipkart,"Books, Sports & Gaming",Sporting Goods,Nilkamal Sporting Goods X144,Nilkamal,1,4482,4482,5,4257.9,COD,Delivered,12,CUST6403,Manjari Buch,Male,22,Ahmedabad,Gujarat,3.9,,10.76,394.64
ORD101666,22-02-2023,Myntra,Clothing,Western Wear,Roadster Western Wear X951,Roadster,3,5050,15150,5,14392.5,COD,Returned,5,CUST8314,Jayesh Mammen,Male,34,Chennai,Tamil Nadu,1,Changed mind,11.06,3974.64
ORD102960,12-01-2025,Max,Accessories,Bags,Baggit Bags S944,Baggit,1,6589,6589,30,4612.3,UPI,Delivered,2,CUST2485,Aradhya Gaba,Female,19,New Delhi,Delhi,3.1,,11.76,929.56
ORD100152,12-02-2024,Flipkart,Beauty & Personal Care,Grooming,HUL Grooming S666,HUL,2,1980,3960,5,3762,COD,Returned,5,CUST6632,Alia Dhillon,Male,37,Kolkata,West Bengal,2.2,,13.34,371.89
ORD102534,01-05-2024,Amazon,Sports & Outdoors,Outdoor Gear,Hawkins Outdoor Gear S155,Hawkins,3,4661,13983,20,11186.4,Wallet,Delivered,2,CUST3509,Kashvi Sama,Female,25,New Delhi,Delhi,3.2,,11.95,2765.38
ORD104688,13-06-2025,Amazon,Books,Books,HarperCollins Books S819,HarperCollins,4,1010,4040,5,3838,Debit Card,Delivered,1,CUST1147,Khushi Handa,Male,23,Ahmedabad,Gujarat,4.6,,10.79,672.61
ORD101978,02-05-2025,Flipkart,Home & Furniture,Household Essentials,Sony Household Essentials Z451,Sony,3,674,2022,5,1920.9,UPI,Delivered,3,CUST6773,Lagan Ravi,Female,28,Bengaluru,Karnataka,4.9,,4.21,368.5
ORD101469,10-12-2023,Amazon,Books,Books,Penguin Books Z840,Penguin,4,919,3676,0,3676,Credit Card,Delivered,12,CUST6868,Vardaniya Golla,Male,27,Lucknow,Uttar Pradesh,3.7,,12.31,304.99
ORD102807,29-06-2023,Myntra,Footwear,Formal,Red Tape Formal S532,Red Tape,1,4456,4456,25,3342,COD,Delivered,4,CUST1732,Mahika Chatterjee,Male,52,Kozhikode,Kerala,2.3,,14.56,919.94
ORD102512,08-02-2023,Amazon,Fashion,Jewelry,Tanishq Jewelry Z587,Tanishq,3,3232,9696,10,8726.4,COD,Delivered,9,CUST9805,Nishith Chanda,Female,62,Noida,Uttar Pradesh,3.8,,7.22,713.18
ORD102943,05-03-2025,Amazon,Groceries,Fresh Produce,LocalFarm Fresh Produce M956,LocalFarm,4,990,3960,10,3564,Credit Card,Delivered,1,CUST4616,Sahil Chad,Female,48,Bengaluru,Karnataka,4.6,,10.82,116.39
ORD102980,03-06-2023,Amazon,Electronics,Computers,Dell Computers S673,Dell,1,49141,49141,15,41769.85,Debit Card,Delivered,3,CUST5550,Fateh Raju,Male,48,Ludhiana,Punjab,4.9,,4.14,5821.04
ORD104822,28-06-2024,Max,Women's Fashion,Bottoms,Levis Bottoms M690,Levis,2,4744,9488,40,5692.8,UPI,Delivered,8,CUST3459,Gatik Baral,Female,39,Chennai,Tamil Nadu,2.4,,8.18,1388.03
ORD103017,07-01-2024,Max,Plus Size,Plus Tops,HarperCollins Plus Tops M551,HarperCollins,1,438,438,10,394.2,COD,Delivered,2,CUST7538,Kismat Dani,Male,28,Chennai,Tamil Nadu,2.7,,6.52,33.4
ORD101566,06-09-2025,Amazon,Fashion,Shoes,Puma Shoes M183,Puma,4,3902,15608,20,12486.4,UPI,Delivered,2,CUST7071,Seher Buch,Male,44,Mysuru,Karnataka,3.6,,13.75,1634.42
ORD100031,05-01-2024,Amazon,Electronics,Accessories,Boat Accessories M982,Boat,3,4079,12237,0,12237,Debit Card,Delivered,6,CUST6582,Ritvik Agrawal,Male,16,Bengaluru,Karnataka,4.3,,7.98,1373.39
ORD100937,19-07-2023,Amazon,Beauty & Personal Care,Grooming,Philips Grooming M913,Philips,2,1215,2430,10,2187,Debit Card,Delivered,3,CUST3868,Divyansh Bajwa,Male,48,Kolkata,West Bengal,4.3,,11.18,418.43
ORD101215,09-01-2024,Max,Women's Fashion,Bottoms,FabIndia Bottoms S731,FabIndia,3,782,2346,5,2228.7,Credit Card,Delivered,8,CUST6953,Aayush Chander,Male,15,Kozhikode,Kerala,2.6,,13,355.7
ORD101937,02-08-2023,Flipkart,Home & Furniture,Kitchen Appliances,Microsoft Kitchen Appliances X905,Microsoft,2,4142,8284,5,7869.8,COD,Delivered,11,CUST8716,Nirvi Salvi,Female,47,Pune,Maharashtra,3.1,,14.11,2074.47
ORD101129,15-02-2024,Myntra,Footwear,Sports,Nilkamal Sports X388,Nilkamal,1,1215,1215,5,1154.25,Wallet,Delivered,5,CUST4360,Dhanush Verma,Female,31,Jaipur,Rajasthan,2.3,,15.67,259.12
ORD100309,25-08-2023,Flipkart,Fashion,Apparel,Nike Apparel Z911,Nike,1,2641,2641,0,2641,COD,Delivered,7,CUST2253,Ryan Khanna,Male,44,Surat,Gujarat,2.5,,12.71,267.25
ORD104901,12-07-2023,Flipkart,"Books, Sports & Gaming",Books,Penguin Books Z242,Penguin,2,923,1846,5,1753.7,COD,In Transit,6,CUST4570,Jayan Bahri,Female,43,Mangalore,Karnataka,3.3,,9.64,411.95
ORD102168,14-01-2024,Flipkart,Home & Furniture,Decor,Samsung Decor Z248,Samsung,3,401,1203,0,1203,UPI,Delivered,4,CUST2218,Taimur Shankar,Male,28,Bengaluru,Karnataka,3.5,,4.5,149.19
ORD103113,28-05-2023,Flipkart,Automotive,Spare Parts,Tanishq Spare Parts M879,Tanishq,2,11799,23598,15,20058.3,Debit Card,Delivered,5,CUST3320,Manjari Sood,Male,21,Surat,Gujarat,3.6,,7,5936.44
ORD100495,06-01-2025,Flipkart,"Books, Sports & Gaming",Sporting Goods,IFB Sporting Goods M698,IFB,4,713,2852,15,2424.2,UPI,Delivered,2,CUST9608,Diya Jayaraman,Male,24,Bengaluru,Karnataka,2.9,,12.06,688.55
ORD100205,23-08-2024,Amazon,Electronics,Mobiles,Xiaomi Mobiles S516,Xiaomi,1,67572,67572,20,54057.6,UPI,Delivered,6,CUST7618,Yashvi Bhandari,Female,42,Ahmedabad,Gujarat,4.3,,17.48,5898.69
ORD102673,18-04-2024,Max,Men's Fashion,Shirts,Lilliput Shirts M321,Lilliput,3,3161,9483,20,7586.4,UPI,Delivered,3,CUST4494,Kaira Bhatti,Male,16,Madurai,Tamil Nadu,1.9,,16.29,1211
ORD103357,13-06-2024,Flipkart,Fashion,Apparel,3M Apparel Z460,3M,4,1852,7408,25,5556,COD,Delivered,6,CUST1185,Nakul Dutt,Female,31,Ahmedabad,Gujarat,3.2,,12.83,1303.57
ORD103830,23-04-2023,Max,Accessories,Seasonal,Only Seasonal M968,Only,4,691,2764,40,1658.4,COD,Delivered,4,CUST1832,Anaya Manne,Female,23,Ludhiana,Punjab,2,,14.63,482.71
ORD100305,12-04-2023,Max,Accessories,Seasonal,Sony Seasonal S607,Sony,4,3947,15788,5,14998.6,Credit Card,Delivered,11,CUST6149,Nayantara Jaggi,Female,20,Pune,Maharashtra,2.8,,7.19,1572.24
ORD103793,03-10-2023,Myntra,Home & Living,Decor,Lilliput Decor Z330,Lilliput,2,1021,2042,30,1429.4,COD,Delivered,12,CUST7550,Zaina Khurana,Male,18,New Delhi,Delhi,2.5,,5.3,225.97
ORD102201,28-06-2025,Max,Kids' Fashion,Accessories,Portronics Accessories S166,Portronics,2,4674,9348,5,8880.6,UPI,Delivered,5,CUST3008,Urvi Ahluwalia,Male,24,Lucknow,Uttar Pradesh,1.3,,5.19,2447.79
ORD101061,22-05-2023,Myntra,Clothing,Kids Wear,Patanjali Kids Wear Z344,Patanjali,4,4739,18956,30,13269.2,COD,Delivered,3,CUST7444,Kashvi Bhattacharyya,Female,26,Bengaluru,Karnataka,2.5,,8.63,3433.7
ORD100843,04-08-2024,Flipkart,"Books, Sports & Gaming",Sporting Goods,FabIndia Sporting Goods S924,FabIndia,3,826,2478,0,2478,Wallet,Delivered,7,CUST9432,Miraya Sanghvi,Male,59,Noida,Uttar Pradesh,3.6,,5.23,538.64
ORD103872,25-05-2025,Amazon,Books,Books,HarperCollins Books S767,HarperCollins,2,964,1928,5,1831.6,Wallet,Delivered,2,CUST9463,Samiha Chadha,Female,19,Ludhiana,Punjab,3.5,,12.46,355.19
ORD102251,02-06-2023,Max,Plus Size,Plus Bottoms,Roadster Plus Bottoms S561,Roadster,3,1417,4251,5,4038.45,COD,Delivered,3,CUST7775,Adah Srinivas,Female,16,Kolkata,West Bengal,3.2,,8.62,505.73
ORD100211,03-12-2024,Amazon,Fashion,Jewelry,Tanishq Jewelry Z407,Tanishq,4,8244,32976,25,24732,Credit Card,Cancelled,5,CUST9470,Hiran Raja,Female,44,Madurai,Tamil Nadu,4.3,,10.99,7395.45
ORD103997,08-07-2023,Myntra,Personal Care,Skincare,Canon Skincare X712,Canon,4,572,2288,10,2059.2,Debit Card,Delivered,6,CUST9155,Shaan Kapoor,Male,44,Kolkata,West Bengal,1,,13.51,536.91
ORD100679,23-09-2024,Amazon,Home & Kitchen,Furniture,HomeTown Furniture Z556,HomeTown,1,14651,14651,5,13918.45,UPI,Delivered,3,CUST6054,Veer Kapadia,Female,49,Chennai,Tamil Nadu,4.6,,7.91,1123.18
ORD100565,18-04-2024,Myntra,Clothing,Ethnic Wear,FabIndia Ethnic Wear Z947,FabIndia,4,6104,24416,0,24416,UPI,Delivered,2,CUST9751,Parinaaz Varughese,Female,37,Surat,Gujarat,1,,14.02,5213.67
ORD103290,02-09-2025,Myntra,Clothing,Kids Wear,Dell Kids Wear X869,Dell,4,3011,12044,20,9635.2,Credit Card,Delivered,4,CUST5187,Lavanya Krish,Female,47,Vadodara,Gujarat,1,,9.6,1491.76
ORD104354,06-09-2025,Max,Plus Size,Plus Bottoms,Asus Plus Bottoms S306,Asus,2,3586,7172,5,6813.4,Debit Card,In Transit,1,CUST1325,Manjari Chad,Female,23,Mumbai,Maharashtra,3.6,,9.46,1349.47
ORD100680,07-08-2023,Amazon,Fashion,Bags,Baggit Bags S820,Baggit,4,634,2536,25,1902,COD,Delivered,11,CUST8244,Aarav Batra,Female,27,Ahmedabad,Gujarat,3.9,,11.11,314.47
ORD100180,16-05-2023,Max,Men's Fashion,Bottoms,Dell Bottoms X304,Dell,4,3039,12156,30,8509.2,Credit Card,Delivered,11,CUST1414,Inaaya  Batta,Female,39,New Delhi,Delhi,2,,15.32,1659.3
ORD104279,08-06-2025,Myntra,Accessories,Watches,Fastrack Watches S636,Fastrack,2,4717,9434,15,8018.9,UPI,Delivered,4,CUST8033,Jiya Yadav,Female,33,Mumbai,Maharashtra,2.4,,17.5,2324.11
ORD102495,27-05-2024,Amazon,Beauty & Personal Care,Makeup,Maybelline Makeup X811,Maybelline,3,925,2775,10,2497.5,UPI,Delivered,7,CUST8737,Kismat Wable,Female,47,Ahmedabad,Gujarat,4.9,,13.31,231.25
ORD102316,12-04-2025,Amazon,Fashion,Jewelry,Voylla Jewelry S125,Voylla,4,14632,58528,0,58528,UPI,Delivered,6,CUST5882,Dhanuk Rau,Female,26,New Delhi,Delhi,4.8,,11.48,14947.29
ORD104273,16-03-2024,Myntra,Footwear,Formal,Red Tape Formal X964,Red Tape,2,6097,12194,20,9755.2,UPI,Delivered,6,CUST9558,Adira Sethi,Female,34,Surat,Gujarat,1.8,,14.41,925.55
ORD100278,07-02-2023,Myntra,Personal Care,Skincare,Voylla Skincare X923,Voylla,2,3236,6472,5,6148.4,COD,Returned,7,CUST2870,Samar Keer,Female,47,Chennai,Tamil Nadu,2.3,Other,4.9,1597.62
ORD103683,15-06-2024,Myntra,Accessories,Bags,Baggit Bags X375,Baggit,4,7607,30428,15,25863.8,UPI,Delivered,3,CUST9308,Arnav Grewal,Male,15,Pune,Maharashtra,2.5,,11.58,4223.87
ORD104762,05-02-2023,Max,Women's Fashion,Bottoms,Roadster Bottoms X738,Roadster,2,4358,8716,25,6537,UPI,Returned,4,CUST2254,Azad Bobal,Female,61,Ahmedabad,Gujarat,1.9,,16.46,560.34
ORD100432,21-08-2024,Amazon,Fashion,Shoes,Bata Shoes M998,Bata,2,1946,3892,10,3502.8,COD,Delivered,4,CUST1717,Neysa Dube,Female,31,Pune,Maharashtra,3.7,,6.83,835.66
ORD100289,02-09-2023,Flipkart,Beauty & Personal Care,Grooming,HUL Grooming M562,HUL,2,1738,3476,15,2954.6,UPI,In Transit,8,CUST9629,Charvi Sem,Male,43,Howrah,West Bengal,3.7,,8.83,552.42
ORD101027,30-06-2024,Amazon,Sports & Outdoors,Fitness,HRX Fitness M999,HRX,1,13529,13529,5,12852.55,Wallet,Delivered,5,CUST2349,Nitara Edwin,Male,59,Madurai,Tamil Nadu,4.7,,4.72,3085.94
ORD100535,20-06-2024,Myntra,Personal Care,Skincare,Asus Skincare M751,Asus,1,5713,5713,0,5713,Credit Card,In Transit,5,CUST8679,Divit Venkataraman,Female,30,Ahmedabad,Gujarat,2.8,,8.63,533.84
ORD103631,31-12-2023,Myntra,Clothing,Western Wear,Campus Sutra Western Wear S207,Campus Sutra,3,949,2847,10,2562.3,Credit Card,Delivered,5,CUST3111,Vihaan Dugar,Female,30,Mumbai,Maharashtra,1,,17.02,560.23
ORD100188,18-01-2023,Amazon,Fashion,Watches,Fastrack Watches S864,Fastrack,1,10662,10662,0,10662,Debit Card,Delivered,7,CUST1504,Rati Sehgal,Male,32,Chennai,Tamil Nadu,3.6,,16.97,1747.62
ORD102174,29-07-2024,Amazon,Beauty & Personal Care,Grooming,HUL Grooming Z894,HUL,2,319,638,5,606.1,Wallet,Delivered,4,CUST7572,Dhanush Reddy,Female,27,Mumbai,Maharashtra,4.1,,9.34,160.85
ORD103915,06-03-2025,Max,Accessories,Bags,Baggit Bags S924,Baggit,2,3614,7228,10,6505.2,Debit Card,Delivered,3,CUST8562,Himmat Sani,Female,23,Pune,Maharashtra,2.2,,16.49,523.51
ORD101862,30-11-2023,Amazon,Sports & Outdoors,Fitness,HRX Fitness S987,HRX,2,47886,95772,0,95772,COD,Delivered,8,CUST3171,Zain Dube,Male,28,Noida,Uttar Pradesh,4.3,,13.34,13417.42
ORD100270,23-12-2024,Amazon,Groceries,Gourmet Foods,Patanjali Gourmet Foods Z891,Patanjali,4,4012,16048,20,12838.4,UPI,Returned,6,CUST2610,Himmat Mangat,Female,29,Bengaluru,Karnataka,1.8,Changed mind,8.69,556.6
ORD101728,14-05-2024,Flipkart,Fashion,Accessories,JBL Accessories M192,JBL,3,2887,8661,25,6495.75,UPI,Delivered,6,CUST7547,Kashvi Mani,Male,23,Chennai,Tamil Nadu,2.8,,6.82,699.01
ORD104075,18-09-2023,Myntra,Accessories,Watches,Fastrack Watches X358,Fastrack,1,9451,9451,25,7088.25,UPI,Delivered,8,CUST4428,Akarsh Boase,Female,40,Noida,Uttar Pradesh,1.4,,12.9,1287.66
ORD102157,27-12-2023,Max,Kids' Fashion,Accessories,Portronics Accessories M160,Portronics,3,3784,11352,15,9649.2,Credit Card,Returned,12,CUST6575,Aarna Lad,Male,29,Ahmedabad,Gujarat,1.7,Size issue,12.11,2352.55
ORD103931,27-02-2025,Max,Women's Fashion,Dresses,Sony Dresses X257,Sony,1,4706,4706,10,4235.4,Debit Card,Delivered,1,CUST3961,Divyansh Chaudhuri,Female,36,Noida,Uttar Pradesh,2.1,,7.05,736.24
ORD100111,27-01-2023,Amazon,Fashion,Watches,Titan Watches M374,Titan,1,5441,5441,10,4896.9,COD,Delivered,6,CUST7237,Amani Golla,Female,27,Nagpur,Maharashtra,3.8,,12.01,574.45
ORD102384,11-07-2023,Max,Kids' Fashion,Kids Apparel,FabIndia Kids Apparel Z154,FabIndia,1,1376,1376,0,1376,Credit Card,Returned,10,CUST5624,Shray Dash,Male,56,Ahmedabad,Gujarat,1.8,Defective,8.72,364.11
ORD100220,09-05-2023,Myntra,Clothing,Ethnic Wear,FabIndia Ethnic Wear S296,FabIndia,3,3716,11148,25,8361,UPI,Delivered,3,CUST7429,Taimur Bhat,Male,21,Mumbai,Maharashtra,1.4,,17.32,771.96
ORD100627,25-05-2023,Flipkart,Grocery,Fresh,Himalaya Fresh S379,Himalaya,4,485,1940,0,1940,UPI,Delivered,11,CUST1390,Madhup Golla,Female,65,Surat,Gujarat,2.2,,10.04,149.69
ORD101181,16-06-2025,Amazon,Baby Products,Feeding Supplies,FabIndia Feeding Supplies X140,FabIndia,4,1813,7252,10,6526.8,UPI,Delivered,5,CUST9160,Dharmajan Bhatti,Male,59,Surat,Gujarat,4,,16.62,1941.53
ORD103381,06-10-2024,Myntra,Home & Living,Decor,Campus Sutra Decor X547,Campus Sutra,2,4141,8282,10,7453.8,UPI,Delivered,3,CUST3316,Dhruv Raj,Male,48,Surat,Gujarat,2.1,,7.41,789.14
ORD102422,06-03-2025,Max,Plus Size,Plus Tops,Only Plus Tops S490,Only,4,2103,8412,10,7570.8,Debit Card,In Transit,6,CUST2675,Alisha Jani,Female,61,Lucknow,Uttar Pradesh,2.6,,14.83,826.81
ORD100790,02-08-2023,Flipkart,Beauty & Personal Care,Makeup,Lakme Makeup S253,Lakme,1,557,557,10,501.3,COD,In Transit,11,CUST1143,Eshani Jayaraman,Female,55,Ahmedabad,Gujarat,2.9,,5.97,77.29
ORD104275,16-04-2023,Myntra,Personal Care,Makeup,Lakme Makeup S382,Lakme,4,2615,10460,20,8368,Debit Card,Cancelled,11,CUST1918,Jayesh Golla,Female,41,Coimbatore,Tamil Nadu,1.6,,11.78,2244.82
ORD100461,01-07-2023,Flipkart,Fashion,Accessories,JBL Accessories X748,JBL,3,4105,12315,30,8620.5,Debit Card,Returned,4,CUST7738,Mishti Toor,Female,28,Pune,Maharashtra,3.6,Size issue,5.25,720.79
ORD104402,06-05-2024,Amazon,Beauty & Personal Care,Healthcare,Himalaya Healthcare S604,Himalaya,4,272,1088,5,1033.6,UPI,Delivered,3,CUST5635,Ahana  Bhalla,Female,16,Mumbai,Maharashtra,4.4,,16.72,295.98
ORD100551,08-02-2024,Flipkart,Home & Furniture,Kitchen Appliances,Home Centre Kitchen Appliances Z195,Home Centre,2,2340,4680,5,4446,Credit Card,Delivered,2,CUST4079,Raunak Sen,Male,20,Mumbai,Maharashtra,2.9,,13.04,490.74
ORD103129,27-04-2023,Amazon,Fashion,Jewelry,Voylla Jewelry S452,Voylla,4,31964,127856,15,108677.6,UPI,Delivered,12,CUST1268,Samar Bhatnagar,Female,15,Surat,Gujarat,4.4,,17.69,9392.04
ORD101444,01-03-2023,Myntra,Personal Care,Makeup,Loreal Makeup X423,Loreal,4,625,2500,0,2500,COD,Delivered,3,CUST2258,Faiyaz Biswas,Female,36,Pune,Maharashtra,2.7,,17.44,477.11
ORD100198,13-10-2025,Flipkart,"Books, Sports & Gaming",Books,Penguin Books X307,Penguin,2,1448,2896,15,2461.6,UPI,Delivered,6,CUST7196,Manikya Warrior,Male,65,Kochi,Kerala,2.7,,12.35,234.21
ORD102589,22-10-2023,Flipkart,Electronics,Computers,Dell Computers S198,Dell,1,98365,98365,0,98365,Wallet,In Transit,9,CUST1772,Kabir Hegde,Male,45,Bengaluru,Karnataka,3,,6.72,12738.09
ORD100402,22-08-2024,Amazon,Baby Products,Feeding Supplies,HarperCollins Feeding Supplies M479,HarperCollins,1,3941,3941,10,3546.9,COD,Delivered,5,CUST8753,Manikya Sachdeva,Male,23,Kolkata,West Bengal,2.8,,14.66,1011.11
ORD103959,18-05-2024,Flipkart,Automotive,Spare Parts,Samsung Spare Parts M163,Samsung,1,8783,8783,10,7904.7,UPI,Delivered,8,CUST3724,Saira Biswas,Female,53,Ahmedabad,Gujarat,2.8,,11.91,2011.18
ORD104189,23-03-2023,Myntra,Home & Living,Decor,Sony Decor X555,Sony,1,4709,4709,10,4238.1,COD,Delivered,4,CUST8034,Oorja Krishnan,Male,21,Kolkata,West Bengal,2.2,,14.91,1024.63
ORD104763,29-05-2025,Amazon,Home & Kitchen,Furniture,Nilkamal Furniture X320,Nilkamal,1,30165,30165,20,24132,UPI,Delivered,6,CUST5350,Neysa Chada,Male,56,New Delhi,Delhi,4,,9.15,5180.17
ORD102095,26-03-2023,Max,Plus Size,Plus Bottoms,Nike Plus Bottoms X767,Nike,1,2986,2986,5,2836.7,COD,Delivered,5,CUST9908,Vritika Kapadia,Female,17,Bengaluru,Karnataka,2.6,,17.84,668.31
ORD102900,22-03-2025,Myntra,Clothing,Western Wear,Roadster Western Wear X761,Roadster,3,3594,10782,5,10242.9,UPI,Delivered,4,CUST1754,Vanya Bhagat,Female,40,Pune,Maharashtra,1.6,,15.22,1673.66
ORD104462,06-12-2023,Amazon,Beauty & Personal Care,Grooming,Philips Grooming S187,Philips,1,607,607,0,607,UPI,Delivered,5,CUST4088,Stuvan Sarraf,Male,47,Noida,Uttar Pradesh,5,,4.15,144.83
ORD100650,22-04-2025,Amazon,Beauty & Personal Care,Grooming,HUL Grooming Z874,HUL,2,1550,3100,10,2790,UPI,Delivered,2,CUST3255,Kartik Kapadia,Male,23,Chennai,Tamil Nadu,4,,14.62,806.29
ORD100708,14-06-2023,Flipkart,Beauty & Personal Care,Makeup,Loreal Makeup S954,Loreal,1,1037,1037,5,985.15,Credit Card,Delivered,9,CUST2096,Sahil Varma,Female,57,Amritsar,Punjab,3.3,,12.92,246.45
ORD101480,09-04-2023,Flipkart,Electronics,Home Electronics,Red Tape Home Electronics M728,Red Tape,4,3683,14732,10,13258.8,Credit Card,Delivered,5,CUST4239,Samarth Krishna,Male,37,Surat,Gujarat,2.8,,14.58,1996.26
ORD104414,14-07-2024,Myntra,Personal Care,Haircare,FabIndia Haircare M751,FabIndia,3,5343,16029,20,12823.2,COD,Delivered,6,CUST2280,Farhan Shukla,Female,28,Vadodara,Gujarat,2.8,,11.86,1654.12
ORD103065,21-05-2025,Myntra,Personal Care,Skincare,Biba Skincare X109,Biba,2,458,916,5,870.2,Credit Card,Delivered,5,CUST6273,Amira Singh,Female,16,Ahmedabad,Gujarat,2.4,,6.02,165.45
ORD102395,03-09-2025,Flipkart,Fashion,Apparel,Samsung Apparel M856,Samsung,2,2215,4430,15,3765.5,COD,Returned,2,CUST1049,Ishaan Kapoor,Male,19,Ahmedabad,Gujarat,2.9,Defective,13.69,610.61
ORD101769,26-09-2023,Flipkart,Home & Furniture,Decor,Voylla Decor S177,Voylla,2,4083,8166,0,8166,Wallet,Delivered,11,CUST8710,Lavanya Balay,Male,58,Noida,Uttar Pradesh,3,,11.62,1227.18
ORD100314,03-11-2023,Amazon,Sports & Outdoors,Fitness,Decathlon Fitness M914,Decathlon,2,13251,26502,0,26502,Wallet,Delivered,4,CUST9700,Gokul Varty,Male,48,Chennai,Tamil Nadu,4,,12.29,3714
ORD103761,11-09-2024,Flipkart,Automotive,Accessories,Portronics Accessories M845,Portronics,2,5362,10724,0,10724,Credit Card,Delivered,5,CUST9250,Anya Bhakta,Male,28,Bengaluru,Karnataka,3.8,,7.53,1922.97
ORD104909,21-09-2023,Amazon,Beauty & Personal Care,Healthcare,Himalaya Healthcare S649,Himalaya,3,1228,3684,0,3684,COD,Delivered,10,CUST3396,Tushar Luthra,Female,61,Ahmedabad,Gujarat,3.7,,12.93,1076.87
ORD100113,16-03-2024,Myntra,Home & Living,Furnishings,Portico Furnishings M216,Portico,4,5814,23256,40,13953.6,Wallet,Delivered,5,CUST6339,Faiyaz Shanker,Female,21,New Delhi,Delhi,2.5,,17.55,3516.79
ORD100960,09-02-2025,Myntra,Personal Care,Haircare,Sony Haircare Z213,Sony,1,4362,4362,15,3707.7,UPI,Delivered,1,CUST5576,Miraan Ray,Male,27,Kolkata,West Bengal,3.3,,8.43,1048.73
ORD102910,29-01-2024,Amazon,Fashion,Shoes,Bata Shoes X501,Bata,2,2887,5774,20,4619.2,Debit Card,Delivered,2,CUST4652,Arnav Sehgal,Male,20,Surat,Gujarat,3.4,,7.01,971.07
ORD103405,13-10-2025,Flipkart,Fashion,Footwear,Voylla Footwear Z117,Voylla,4,2145,8580,0,8580,UPI,Delivered,1,CUST4263,Shayak Walia,Male,29,Lucknow,Uttar Pradesh,2.2,,17.69,2439.26
ORD101623,02-05-2025,Flipkart,Beauty & Personal Care,Grooming,Philips Grooming Z642,Philips,4,4602,18408,0,18408,UPI,Delivered,4,CUST6189,Nayantara Bail,Female,19,Madurai,Tamil Nadu,2.6,,14.68,5509.28
ORD103322,04-05-2024,Flipkart,Grocery,Fresh,HarperCollins Fresh M551,HarperCollins,3,3053,9159,0,9159,COD,Delivered,7,CUST7057,Raghav Ghosh,Male,29,Bengaluru,Karnataka,3.2,,14.09,536.56
ORD104999,04-01-2023,Amazon,Fashion,Watches,Titan Watches Z757,Titan,3,4303,12909,10,11618.1,UPI,Delivered,11,CUST8728,Madhav Karnik,Female,42,Pune,Maharashtra,2.9,,17.36,2813.97
ORD101818,25-09-2024,Amazon,Beauty & Personal Care,Grooming,HUL Grooming S929,HUL,4,3438,13752,5,13064.4,Credit Card,Delivered,4,CUST8614,Miraya Kapur,Female,33,Ahmedabad,Gujarat,4.3,,12.71,2463.45
ORD103194,19-08-2023,Amazon,Baby Products,Diapers,Adidas Diapers X258,Adidas,3,1471,4413,20,3530.4,UPI,Delivered,5,CUST8121,Adira Dhillon,Female,35,Mumbai,Maharashtra,4.6,,11.12,565.06
ORD103007,01-09-2024,Max,Kids' Fashion,Accessories,Portronics Accessories X448,Portronics,3,1372,4116,15,3498.6,Credit Card,Cancelled,7,CUST7451,Tarini Chacko,Female,32,Kolkata,West Bengal,2.6,,7.35,369.07
ORD103414,08-08-2025,Max,Women's Fashion,Winter Wear,Samsung Winter Wear S217,Samsung,3,2862,8586,25,6439.5,UPI,Returned,4,CUST8612,Neelofar Banerjee,Female,60,Chennai,Tamil Nadu,2.4,Defective,5.61,1038.83
ORD104528,22-06-2024,Flipkart,Home & Furniture,Household Essentials,H&M Household Essentials S621,H&M,1,3397,3397,15,2887.45,COD,Delivered,3,CUST3568,Yuvraj  Contractor,Female,25,Ahmedabad,Gujarat,3.4,,5.09,301.83
ORD101897,18-11-2024,Myntra,Personal Care,Haircare,Sony Haircare S771,Sony,2,3158,6316,20,5052.8,UPI,Delivered,3,CUST6253,Hrishita Gade,Female,19,Pune,Maharashtra,1.6,,12.16,498.79
ORD101918,12-09-2023,Amazon,Home & Kitchen,Appliances,LG Appliances X715,LG,1,28286,28286,0,28286,COD,Delivered,10,CUST1939,Ira Ramanathan,Male,44,Surat,Gujarat,3.6,,9.95,8177.13
ORD101270,08-04-2025,Flipkart,Electronics,Computers,Lenovo Computers Z934,Lenovo,1,113350,113350,15,96347.5,Wallet,Delivered,1,CUST7452,Lakshay Mane,Male,22,Chennai,Tamil Nadu,3.4,,7.09,13052.78
ORD104176,27-04-2024,Amazon,Electronics,Cameras,Sony Cameras Z338,Sony,1,55375,55375,20,44300,UPI,Delivered,5,CUST2336,Miraan Karpe,Male,15,Noida,Uttar Pradesh,3.9,,10.87,4670.56
ORD104962,11-01-2023,Amazon,Beauty & Personal Care,Healthcare,Himalaya Healthcare S541,Himalaya,3,840,2520,0,2520,COD,Delivered,5,CUST8593,Rhea Gour,Female,24,Vadodara,Gujarat,4.3,,14.04,237.42
ORD104883,31-01-2023,Max,Accessories,Shoes,Adidas Shoes S305,Adidas,2,5670,11340,20,9072,COD,Delivered,7,CUST4055,Hridaan Kata,Male,15,Ahmedabad,Gujarat,2.3,,13.66,2161.12
ORD104094,30-10-2023,Flipkart,"Books, Sports & Gaming",Sporting Goods,Ikea Sporting Goods X329,Ikea,4,2501,10004,20,8003.2,Credit Card,Delivered,4,CUST6203,Lavanya Dash,Female,27,Kolkata,West Bengal,4,,6.72,1976.66
ORD103159,22-01-2025,Max,Plus Size,Plus Bottoms,W Plus Bottoms X757,W,4,792,3168,25,2376,UPI,Returned,1,CUST3797,Himmat Choudhry,Male,21,Bengaluru,Karnataka,2.7,Late delivery,15.78,595.05
ORD101813,27-09-2024,Myntra,Footwear,Casual,Campus Casual M556,Campus,2,2861,5722,30,4005.4,COD,Delivered,8,CUST3973,Siya Sahni,Female,25,Chennai,Tamil Nadu,1.7,,10.9,717.86
ORD102426,16-01-2023,Flipkart,Home & Furniture,Kitchen Appliances,Baggit Kitchen Appliances M368,Baggit,2,3642,7284,0,7284,UPI,Delivered,9,CUST7305,Mahika Bose,Female,29,Pune,Maharashtra,2.8,,12,1942.57
ORD103950,11-06-2025,Myntra,Footwear,Sports,Nikon Sports S440,Nikon,1,3667,3667,20,2933.6,Debit Card,Delivered,4,CUST1924,Shalv Bedi,Male,53,Jaipur,Rajasthan,1.6,,13.5,308.57
ORD104428,12-07-2024,Amazon,Beauty & Personal Care,Makeup,Lakme Makeup Z242,Lakme,2,760,1520,15,1292,UPI,Delivered,7,CUST9826,Aradhya Kulkarni,Female,58,Kozhikode,Kerala,4.5,,5.9,177.13
ORD102142,01-08-2023,Amazon,Sports & Outdoors,Fitness,HRX Fitness X375,HRX,2,11393,22786,5,21646.7,COD,Delivered,12,CUST6419,Yuvaan Trivedi,Male,58,Pune,Maharashtra,4.5,,10.93,5596.47
ORD101626,15-05-2024,Flipkart,Home & Furniture,Kitchen Appliances,Lilliput Kitchen Appliances M925,Lilliput,1,1999,1999,0,1999,COD,Delivered,6,CUST3062,Samiha Manda,Female,22,Jaipur,Rajasthan,4.2,,9.46,400.19
ORD100789,13-05-2023,Max,Women's Fashion,Dresses,Decathlon Dresses Z445,Decathlon,3,3921,11763,30,8234.1,Credit Card,Delivered,12,CUST5810,Ehsaan Singhal,Female,19,Ahmedabad,Gujarat,2,,14.45,1046.55
ORD103786,21-03-2023,Max,Women's Fashion,Winter Wear,Nike Winter Wear Z358,Nike,2,1024,2048,25,1536,Credit Card,Delivered,3,CUST5899,Kismat Gara,Male,17,Noida,Uttar Pradesh,2.6,,8.68,419.99
ORD101864,21-02-2024,Flipkart,"Books, Sports & Gaming",Books,HarperCollins Books Z870,HarperCollins,2,1095,2190,20,1752,UPI,Delivered,4,CUST5798,Dharmajan Dash,Male,28,Kolkata,West Bengal,4.1,,16.04,363.96
ORD102865,10-05-2024,Max,Men's Fashion,Winter Wear,Roadster Winter Wear X547,Roadster,1,4421,4421,20,3536.8,COD,Delivered,8,CUST2413,Parinaaz Dhar,Male,50,Bengaluru,Karnataka,2.2,,10.62,846.01
ORD100871,31-07-2024,Flipkart,Automotive,Spare Parts,LG Spare Parts X934,LG,4,13000,52000,0,52000,UPI,In Transit,4,CUST1129,Eva Loke,Male,65,Ahmedabad,Gujarat,1.8,,8,4413.12
ORD103271,31-01-2024,Myntra,Home & Living,Furnishings,Home Centre Furnishings X709,Home Centre,3,5569,16707,5,15871.65,UPI,Delivered,4,CUST9680,Aarav Sur,Female,24,Ahmedabad,Gujarat,2.1,,8.72,4293.21
ORD103833,13-07-2025,Amazon,Sports & Outdoors,Sportswear,Adidas Sportswear S515,Adidas,2,8621,17242,0,17242,UPI,Delivered,4,CUST4347,Ira Tailor,Male,16,Mumbai,Maharashtra,4.5,,14.9,4923.54
ORD100073,23-05-2024,Myntra,Accessories,Watches,Titan Watches M557,Titan,4,9235,36940,25,27705,UPI,In Transit,7,CUST7981,Kiaan Samra,Female,32,Pune,Maharashtra,3.1,,8.14,4934.3
ORD101752,23-05-2025,Flipkart,Beauty & Personal Care,Grooming,HUL Grooming M785,HUL,3,4051,12153,15,10330.05,Debit Card,Delivered,1,CUST4569,Madhav Ramanathan,Male,62,Madurai,Tamil Nadu,2.7,,15.45,1895.41
ORD101421,21-07-2024,Myntra,Footwear,Sports,OnePlus Sports S823,OnePlus,1,4840,4840,25,3630,COD,Delivered,6,CUST4802,Aarna Sridhar,Male,34,Pune,Maharashtra,1.6,,4.42,542.82
ORD104221,06-05-2023,Max,Men's Fashion,Shirts,Lenovo Shirts Z266,Lenovo,3,4355,13065,20,10452,UPI,Delivered,3,CUST9271,Hiran Ahuja,Female,18,Noida,Uttar Pradesh,2.4,,16.45,2463.57
ORD104693,23-03-2024,Max,Plus Size,Plus Tops,Philips Plus Tops X249,Philips,4,1173,4692,15,3988.2,Credit Card,Delivered,2,CUST5616,Akarsh Koshy,Female,25,Kolkata,West Bengal,2.1,,9.41,722.96
ORD104369,26-01-2025,Myntra,Personal Care,Haircare,Titan Haircare Z685,Titan,3,3021,9063,10,8156.7,UPI,Delivered,3,CUST7457,Ishaan Tara,Male,26,Surat,Gujarat,1.2,,13.28,849.29
ORD104575,17-12-2023,Flipkart,Grocery,Fresh,Loreal Fresh X325,Loreal,1,3845,3845,15,3268.25,COD,Delivered,10,CUST4899,Tara Mane,Male,60,Kolkata,West Bengal,4.1,,11.01,187.42
ORD103809,05-01-2025,Myntra,Accessories,Watches,Fastrack Watches X835,Fastrack,2,2922,5844,15,4967.4,UPI,Delivered,5,CUST1408,Inaaya  Bakshi,Female,64,Thiruvananthapuram,Kerala,3,,5.72,646.06
ORD102244,10-08-2024,Amazon,Home & Kitchen,Furniture,HomeTown Furniture M379,HomeTown,2,6249,12498,10,11248.2,UPI,Delivered,6,CUST6501,Nitya Madan,Female,21,Noida,Uttar Pradesh,3.6,,13.42,2800.49
ORD103047,18-10-2024,Amazon,Fashion,Jewelry,Tanishq Jewelry M450,Tanishq,1,22014,22014,15,18711.9,UPI,Delivered,7,CUST1168,Anya Singhal,Female,30,Mumbai,Maharashtra,3.4,,6.85,3072.36
ORD102445,28-10-2023,Amazon,Home & Kitchen,Kitchenware,Prestige Kitchenware M112,Prestige,4,403,1612,0,1612,COD,In Transit,12,CUST9750,Eshani Deshmukh,Female,20,Chennai,Tamil Nadu,4.8,,7.26,349.74
ORD100494,22-10-2024,Myntra,Home & Living,Decor,Zara Decor M771,Zara,2,2249,4498,20,3598.4,UPI,Delivered,8,CUST9405,Lavanya Khurana,Male,57,Mumbai,Maharashtra,2.5,,16.64,703.53
ORD103130,26-03-2024,Max,Plus Size,Plus Tops,Xiaomi Plus Tops X286,Xiaomi,2,4768,9536,0,9536,UPI,Delivered,4,CUST6395,Charvi Sandal,Male,39,Mumbai,Maharashtra,1,,10.83,2039.91
ORD104321,15-02-2024,Amazon,Books,Stationery,MotherCare Stationery Z865,MotherCare,1,1075,1075,25,806.25,Debit Card,Delivered,4,CUST1385,Ahana  Mani,Female,31,Kolkata,West Bengal,4,,4.1,154.23
ORD104397,29-11-2024,Flipkart,Grocery,Fresh,Puma Fresh M588,Puma,2,978,1956,0,1956,COD,Delivered,4,CUST4196,Sumer Deo,Female,19,Chennai,Tamil Nadu,3.1,,8.82,149.8
ORD101164,27-11-2024,Myntra,Footwear,Casual,Sparx Casual X168,Sparx,1,4287,4287,20,3429.6,UPI,Returned,5,CUST9523,Kavya Banik,Male,19,Kozhikode,Kerala,1,Late delivery,12.82,780.57
ORD103734,22-09-2024,Flipkart,Home & Furniture,Kitchen Appliances,Fastrack Kitchen Appliances X286,Fastrack,2,3135,6270,10,5643,UPI,Delivered,2,CUST7648,Jhanvi Batra,Male,30,Noida,Uttar Pradesh,3.7,,14.74,1172.15
ORD101730,02-08-2024,Amazon,Beauty & Personal Care,Grooming,HUL Grooming X623,HUL,3,3369,10107,5,9601.65,COD,Delivered,2,CUST3157,Veer Ramakrishnan,Female,15,Bengaluru,Karnataka,4.4,,9.81,1165
ORD104812,25-02-2024,Flipkart,Home & Furniture,Decor,LG Decor M495,LG,1,1878,1878,10,1690.2,UPI,Delivered,4,CUST3779,Zain Sabharwal,Female,32,New Delhi,Delhi,3,,10.42,189.06
ORD102402,01-05-2023,Amazon,Beauty & Personal Care,Makeup,Maybelline Makeup M583,Maybelline,4,653,2612,5,2481.4,UPI,Delivered,12,CUST5933,Priyansh Sachdev,Male,61,Mumbai,Maharashtra,3.6,,9.51,313.96
ORD103403,12-03-2023,Flipkart,"Books, Sports & Gaming",Gaming,Sony Gaming S929,Sony,1,11012,11012,15,9360.2,Wallet,Delivered,7,CUST2727,Damini Chaudhry,Male,15,Ahmedabad,Gujarat,3,,9.61,1284.57
ORD100618,02-08-2025,Amazon,Fashion,Jewelry,Tanishq Jewelry Z806,Tanishq,2,45413,90826,25,68119.5,UPI,In Transit,2,CUST6074,Saksham Bhavsar,Male,25,Bengaluru,Karnataka,3.3,,7.61,19269.58
ORD101697,14-07-2023,Myntra,Clothing,Kids Wear,Nike Kids Wear S743,Nike,2,2800,5600,15,4760,UPI,Delivered,11,CUST3808,Tanya Gandhi,Female,41,Ahmedabad,Gujarat,1.5,,10.98,1405.45
ORD103593,09-08-2023,Max,Men's Fashion,Shirts,H&M Shirts X654,H&M,2,1386,2772,10,2494.8,UPI,Delivered,8,CUST7557,Kiaan Salvi,Male,38,Surat,Gujarat,2.4,,10.92,652.89
ORD101957,01-03-2025,Amazon,Sports & Outdoors,Outdoor Gear,HUL Outdoor Gear X475,HUL,3,2405,7215,5,6854.25,Credit Card,Delivered,2,CUST4336,Aarush Sankar,Male,37,Ahmedabad,Gujarat,3.4,,13.44,817
ORD101221,18-07-2025,Amazon,Sports & Outdoors,Outdoor Gear,Roadster Outdoor Gear M793,Roadster,4,1100,4400,5,4180,UPI,Delivered,1,CUST7561,Diya Agate,Male,32,Surat,Gujarat,4.8,,11.51,744.86
ORD102073,11-06-2025,Amazon,Baby Products,Feeding Supplies,Nilkamal Feeding Supplies S569,Nilkamal,3,1005,3015,10,2713.5,UPI,Returned,6,CUST5768,Parinaaz Batta,Female,17,Bengaluru,Karnataka,4.6,Changed mind,12.54,627.2
ORD103410,21-02-2023,Myntra,Home & Living,Furnishings,Portico Furnishings X133,Portico,3,6190,18570,5,17641.5,COD,Delivered,8,CUST4660,Keya Rege,Male,21,Pune,Maharashtra,2.5,,8.46,1992.58
ORD100869,07-01-2025,Max,Kids' Fashion,Kids Shoes,Adidas Kids Shoes Z515,Adidas,2,2518,5036,5,4784.2,UPI,Delivered,6,CUST6993,Darshit Talwar,Male,47,Lucknow,Uttar Pradesh,1.6,,7.37,465.55
ORD102718,18-03-2023,Amazon,Groceries,Gourmet Foods,Microsoft Gourmet Foods X107,Microsoft,1,4358,4358,5,4140.1,UPI,Delivered,11,CUST1635,Nitara Majumdar,Male,22,Ludhiana,Punjab,4.6,,13.09,132.88
ORD101042,16-09-2024,Amazon,Baby Products,Apparel,Philips Apparel M795,Philips,2,1858,3716,0,3716,Credit Card,In Transit,4,CUST9729,Devansh Kuruvilla,Male,55,Kolkata,West Bengal,4.4,,7.58,913.61
ORD101361,22-05-2024,Myntra,Footwear,Casual,Sparx Casual M690,Sparx,3,3499,10497,5,9972.15,UPI,Delivered,5,CUST5272,Yakshit Chaudhuri,Female,58,Surat,Gujarat,3.9,,11.75,2254.02
ORD100356,23-12-2024,Myntra,Home & Living,Decor,Only Decor M886,Only,3,1969,5907,0,5907,Debit Card,Returned,5,CUST3755,Rasha Dave,Male,65,Mangalore,Karnataka,1.4,Size issue,5.61,601.65
ORD101162,25-08-2025,Amazon,Books,Books,HarperCollins Books Z663,HarperCollins,3,1401,4203,0,4203,UPI,Delivered,4,CUST4209,Yakshit Majumdar,Female,34,Mangalore,Karnataka,4.8,,16.61,430.07
ORD102765,12-08-2024,Myntra,Home & Living,Furnishings,Portico Furnishings M651,Portico,1,1573,1573,10,1415.7,COD,Returned,2,CUST7307,Lakshit Malhotra,Male,30,Surat,Gujarat,1.2,Late delivery,11.57,304.61
ORD103252,18-11-2023,Flipkart,Beauty & Personal Care,Makeup,Lakme Makeup S184,Lakme,2,3066,6132,10,5518.8,UPI,Delivered,4,CUST8989,Urvi Shankar,Female,18,Ahmedabad,Gujarat,3,,4.32,840.75
ORD101438,12-10-2025,Amazon,Groceries,Fresh Produce,BigBasket Fresh Produce X824,BigBasket,4,388,1552,10,1396.8,Credit Card,Returned,3,CUST3699,Samaira Devan,Male,43,New Delhi,Delhi,3.9,Size issue,9.06,99.9
ORD103603,18-10-2023,Myntra,Home & Living,Kitchenware,Hawkins Kitchenware S760,Hawkins,4,5094,20376,10,18338.4,COD,Delivered,11,CUST7100,Aaryahi Walla,Female,15,Pune,Maharashtra,1.5,,12.35,1724.44
ORD104940,06-08-2025,Amazon,Fashion,Watches,Titan Watches M540,Titan,1,10240,10240,40,6144,UPI,In Transit,3,CUST2641,Anahita Dhawan,Female,39,Ahmedabad,Gujarat,3,,14.43,799.87
ORD104593,19-07-2023,Flipkart,Electronics,Home Electronics,Boat Home Electronics S953,Boat,2,4298,8596,20,6876.8,COD,Delivered,5,CUST9956,Rania Swaminathan,Male,16,Pune,Maharashtra,2.4,,15.25,599.13
ORD103639,15-07-2025,Myntra,Clothing,Ethnic Wear,Biba Ethnic Wear X443,Biba,1,1767,1767,30,1236.9,UPI,Delivered,6,CUST2665,Siya Dutt,Male,21,Pune,Maharashtra,1.3,,6.13,166.36
ORD101253,13-05-2024,Myntra,Accessories,Jewelry,Voylla Jewelry S808,Voylla,2,32743,65486,0,65486,UPI,Delivered,6,CUST2110,Advik Mane,Female,27,Mysuru,Karnataka,2.1,,12.21,5480.57
ORD103365,09-06-2025,Myntra,Clothing,Kids Wear,Asus Kids Wear Z689,Asus,1,4270,4270,15,3629.5,Debit Card,Delivered,2,CUST5342,Ryan Borah,Female,26,Mumbai,Maharashtra,1,,13.34,580
ORD100332,25-12-2024,Myntra,Personal Care,Fragrances,HUL Fragrances X508,HUL,4,2101,8404,20,6723.2,Credit Card,Delivered,3,CUST2158,Raghav Deep,Female,16,Madurai,Tamil Nadu,2.9,,7.96,1718.4
ORD103694,21-12-2024,Flipkart,"Books, Sports & Gaming",Sporting Goods,Home Centre Sporting Goods S534,Home Centre,1,5265,5265,5,5001.75,Credit Card,Delivered,2,CUST6188,Purab Khurana,Male,24,Pune,Maharashtra,3.5,,4.29,1102.44
ORD103568,05-01-2024,Flipkart,"Books, Sports & Gaming",Books,Penguin Books X124,Penguin,1,717,717,10,645.3,UPI,Delivered,4,CUST2390,Priyansh Sura,Female,62,Kolkata,West Bengal,3,,11.38,114.03
ORD102728,16-01-2025,Amazon,Sports & Outdoors,Outdoor Gear,Wildcraft Outdoor Gear M103,Wildcraft,2,565,1130,15,960.5,UPI,Delivered,6,CUST9413,Hridaan Chakrabarti,Female,34,Ludhiana,Punjab,3.6,,11.01,152.98
ORD103667,26-07-2024,Amazon,Sports & Outdoors,Outdoor Gear,Samsung Outdoor Gear M935,Samsung,1,3664,3664,0,3664,COD,In Transit,3,CUST1528,Krish Kannan,Male,39,Pune,Maharashtra,4.3,,11.72,531.99
ORD101630,10-11-2023,Flipkart,Beauty & Personal Care,Grooming,Philips Grooming S714,Philips,1,928,928,10,835.2,Credit Card,Delivered,5,CUST5585,Rhea Bains,Female,62,Noida,Uttar Pradesh,2.9,,7.2,223
ORD101116,03-07-2023,Myntra,Footwear,Casual,Sparx Casual X396,Sparx,2,575,1150,40,690,COD,Delivered,8,CUST3755,Amani Madan,Female,20,Mangalore,Karnataka,2.1,,8.57,181.34
ORD101849,22-02-2024,Flipkart,Beauty & Personal Care,Makeup,Lakme Makeup S852,Lakme,4,1656,6624,0,6624,UPI,Delivered,5,CUST6732,Tanya Khare,Female,18,Ahmedabad,Gujarat,3.2,,10.65,1071.14
ORD103554,07-02-2024,Flipkart,Beauty & Personal Care,Makeup,Lakme Makeup X896,Lakme,4,282,1128,5,1071.6,COD,Delivered,2,CUST7349,Rasha Sen,Female,21,Ahmedabad,Gujarat,3.2,,4.93,205.1
ORD103153,14-01-2025,Amazon,Fashion,Watches,Fastrack Watches X870,Fastrack,3,8710,26130,25,19597.5,UPI,Delivered,6,CUST3902,Alia Reddy,Male,33,Noida,Uttar Pradesh,3.2,,15.73,3514.17
ORD103265,10-01-2025,Amazon,Beauty & Personal Care,Grooming,Philips Grooming Z406,Philips,2,4303,8606,5,8175.7,UPI,Delivered,5,CUST2353,Armaan Bains,Male,24,Coimbatore,Tamil Nadu,4.4,,16.36,1699.62
ORD101665,30-03-2024,Amazon,Beauty & Personal Care,Grooming,Philips Grooming Z824,Philips,3,2814,8442,0,8442,Debit Card,Delivered,7,CUST3089,Darshit Kadakia,Female,18,Ahmedabad,Gujarat,4.3,,7.46,1078.67
ORD100445,30-04-2024,Max,Women's Fashion,Dresses,Levis Dresses Z850,Levis,3,2833,8499,25,6374.25,UPI,Delivered,3,CUST3257,Nirvaan Kota,Female,19,Pune,Maharashtra,1.2,,15.59,588.28
ORD102245,16-11-2024,Amazon,Beauty & Personal Care,Grooming,HUL Grooming X908,HUL,1,696,696,10,626.4,Credit Card,Delivered,2,CUST7617,Ojas Viswanathan,Female,35,Kolkata,West Bengal,4.7,,11.53,101.83
ORD100452,15-03-2025,Amazon,Groceries,Snacks,Lilliput Snacks M273,Lilliput,2,1473,2946,10,2651.4,UPI,Delivered,4,CUST2428,Saira Sarna,Female,27,Chennai,Tamil Nadu,4.3,,14.73,120.58
ORD101551,25-11-2024,Myntra,Footwear,Sports,Bata Sports M390,Bata,2,5261,10522,20,8417.6,Debit Card,Delivered,6,CUST2028,Saanvi Kulkarni,Female,16,Ahmedabad,Gujarat,2.3,,6.37,1886.17
ORD104434,18-02-2025,Myntra,Personal Care,Fragrances,Lenovo Fragrances S861,Lenovo,3,1851,5553,5,5275.35,UPI,Delivered,2,CUST1083,Miraan Soman,Male,51,Pune,Maharashtra,1.9,,8.23,1173.51
ORD102954,30-09-2025,Amazon,Electronics,Accessories,Boat Accessories Z854,Boat,3,1739,5217,10,4695.3,UPI,Delivered,5,CUST2164,Zaina Choudhury,Male,54,Bengaluru,Karnataka,3.9,,6.37,442.98
ORD100014,16-07-2025,Max,Women's Fashion,Dresses,Philips Dresses S540,Philips,1,1680,1680,5,1596,Wallet,Delivered,6,CUST3442,Pranay Bajwa,Female,47,Madurai,Tamil Nadu,2.2,,5.05,437.76
ORD103628,15-01-2025,Amazon,Sports & Outdoors,Fitness,HRX Fitness M986,HRX,4,1753,7012,15,5960.2,Debit Card,Delivered,6,CUST1703,Indranil Rajagopalan,Male,20,Ahmedabad,Gujarat,4.4,,11.75,1029.65
ORD100945,22-08-2024,Amazon,Books,Books,Penguin Books X110,Penguin,1,1533,1533,5,1456.35,Credit Card,Delivered,3,CUST2991,Vedika Andra,Female,39,Pune,Maharashtra,3.7,,5.77,185.46
ORD100247,04-01-2023,Flipkart,Home & Furniture,Decor,Nilkamal Decor S150,Nilkamal,1,3631,3631,5,3449.45,COD,Delivered,10,CUST5009,Sana Soman,Female,30,Noida,Uttar Pradesh,3.4,,5.11,731.36
ORD104697,07-12-2024,Max,Accessories,Bags,Baggit Bags X983,Baggit,2,4164,8328,0,8328,COD,Returned,2,CUST2470,Alisha Walia,Male,20,Mumbai,Maharashtra,1.6,Changed mind,7.43,898.04
ORD100360,14-09-2023,Myntra,Personal Care,Fragrances,Hawkins Fragrances M870,Hawkins,1,1217,1217,15,1034.45,COD,Returned,4,CUST6215,Kavya Sekhon,Female,24,Noida,Uttar Pradesh,2.7,Late delivery,6.95,197.64
ORD104656,03-03-2023,Myntra,Footwear,Sports,Xiaomi Sports Z327,Xiaomi,4,4949,19796,20,15836.8,COD,In Transit,7,CUST7830,Emir Singhal,Female,29,Coimbatore,Tamil Nadu,1.9,,16.25,2335.39
ORD101614,14-04-2024,Flipkart,Home & Furniture,Decor,BigBasket Decor Z579,BigBasket,3,3507,10521,5,9994.95,UPI,Delivered,4,CUST9456,Jivika Badal,Male,36,Surat,Gujarat,4.3,,10.3,2864.49
ORD102303,05-10-2023,Flipkart,Automotive,Spare Parts,Samsung Spare Parts Z948,Samsung,1,12281,12281,5,11666.95,COD,Delivered,12,CUST8335,Vidur Char,Male,25,Kolkata,West Bengal,2.9,,6.87,1882.2
ORD104141,08-12-2024,Flipkart,Beauty & Personal Care,Grooming,Philips Grooming X216,Philips,3,367,1101,0,1101,UPI,Delivered,8,CUST1120,Samar Devi,Female,29,Kolkata,West Bengal,2.1,,12.62,220.09
ORD103168,14-09-2023,Max,Women's Fashion,Tops,Dell Tops X772,Dell,4,5272,21088,0,21088,COD,Delivered,12,CUST7728,Bhamini Agarwal,Male,27,Mumbai,Maharashtra,2.2,,17.74,3332.72
ORD102478,25-09-2025,Amazon,Groceries,Essentials,Home Centre Essentials S121,Home Centre,1,1051,1051,5,998.45,Debit Card,Delivered,6,CUST2513,Samar Verma,Male,63,Howrah,West Bengal,4,,8.35,74.18
ORD104214,27-11-2024,Myntra,Clothing,Kids Wear,Portronics Kids Wear X370,Portronics,2,4569,9138,10,8224.2,Credit Card,Delivered,3,CUST3492,Anya Ganesan,Female,45,Mumbai,Maharashtra,1.4,,9.49,2389.05
ORD104180,04-01-2023,Flipkart,Electronics,Computers,Asus Computers S669,Asus,1,72874,72874,10,65586.6,COD,Delivered,7,CUST2416,Anay Varughese,Male,60,Howrah,West Bengal,4,,11.1,10598.74
ORD104884,30-06-2025,Myntra,Footwear,Formal,Red Tape Formal M137,Red Tape,1,7735,7735,20,6188,UPI,Delivered,3,CUST8855,Akarsh Bahl,Female,28,Noida,Uttar Pradesh,1.1,,9.59,872.28
ORD103163,14-05-2025,Amazon,Books,Stationery,Campus Stationery Z595,Campus,2,119,238,0,238,Credit Card,Delivered,2,CUST5361,Vaibhav Goswami,Female,49,Ahmedabad,Gujarat,3.7,,10.58,22.08
ORD100490,15-05-2025,Amazon,Sports & Outdoors,Outdoor Gear,Dell Outdoor Gear S628,Dell,1,802,802,0,802,Wallet,Delivered,3,CUST9369,Adah Keer,Male,29,Kolkata,West Bengal,3.4,,16.1,85.59
ORD100862,11-01-2023,Myntra,Clothing,Ethnic Wear,Biba Ethnic Wear S615,Biba,3,7579,22737,20,18189.6,COD,Delivered,10,CUST7110,Sana Kannan,Male,16,Vadodara,Gujarat,1.1,,13.74,1868.29
ORD101740,18-10-2023,Myntra,Home & Living,Decor,LG Decor Z977,LG,2,2686,5372,30,3760.4,Debit Card,In Transit,4,CUST2462,Sara Bakshi,Male,33,Bengaluru,Karnataka,2.1,,10.95,522.75
ORD104099,06-07-2024,Amazon,Beauty & Personal Care,Grooming,HUL Grooming S982,HUL,1,2325,2325,0,2325,Credit Card,Delivered,5,CUST6534,Vihaan Dada,Female,30,Vadodara,Gujarat,5,,8.71,371.22
ORD104385,02-10-2024,Amazon,Home & Kitchen,Home Decor,Home Centre Home Decor X403,Home Centre,3,4147,12441,5,11818.95,Credit Card,In Transit,2,CUST1084,Shayak Borah,Male,22,Amritsar,Punjab,4.2,,15.58,2713.92
ORD102447,27-03-2023,Flipkart,Beauty & Personal Care,Makeup,Maybelline Makeup S616,Maybelline,3,594,1782,15,1514.7,COD,Delivered,10,CUST3716,Inaaya  Divan,Male,26,Noida,Uttar Pradesh,2.9,,6.95,189.28
ORD104230,23-01-2024,Amazon,Beauty & Personal Care,Healthcare,Himalaya Healthcare S753,Himalaya,3,438,1314,15,1116.9,UPI,Delivered,4,CUST8888,Jhanvi Sinha,Female,38,Pune,Maharashtra,4.2,,11.99,100.67
ORD100506,20-07-2024,Amazon,Books,Books,HarperCollins Books Z554,HarperCollins,4,1719,6876,0,6876,Credit Card,Delivered,4,CUST9115,Misha Rastogi,Male,60,Mumbai,Maharashtra,4.3,,7.91,1053.2
ORD102677,19-06-2024,Amazon,Books,Stationery,LG Stationery M240,LG,3,1746,5238,5,4976.1,UPI,In Transit,3,CUST7681,Priyansh Raja,Female,55,Howrah,West Bengal,4.1,,6.05,612.79
ORD102995,28-10-2023,Max,Men's Fashion,T-Shirts,Nilkamal T-Shirts M943,Nilkamal,4,5694,22776,10,20498.4,COD,Delivered,12,CUST4597,Saksham Chandran,Female,25,Mumbai,Maharashtra,3.1,,15.56,3490.33
ORD101942,06-10-2024,Amazon,Electronics,Televisions,Sony Televisions Z843,Sony,1,44700,44700,10,40230,UPI,Delivered,5,CUST5805,Chirag Rout,Female,18,Pune,Maharashtra,3,,17.26,4334.86
ORD101222,03-04-2024,Flipkart,Beauty & Personal Care,Grooming,Philips Grooming X109,Philips,4,2876,11504,0,11504,COD,Delivered,2,CUST7840,Nitara Basu,Female,64,New Delhi,Delhi,3.8,,9.73,1770.07
ORD101113,29-04-2025,Amazon,Books,Books,HarperCollins Books Z197,HarperCollins,4,1403,5612,5,5331.4,UPI,Cancelled,1,CUST8222,Hridaan Golla,Male,29,Chennai,Tamil Nadu,4.8,,12.16,609.11
ORD101905,30-07-2023,Myntra,Footwear,Formal,Red Tape Formal X393,Red Tape,1,8978,8978,0,8978,Wallet,Delivered,6,CUST9822,Zeeshan Sule,Male,30,Ahmedabad,Gujarat,1,,4.38,910.86
ORD103423,06-09-2024,Flipkart,Home & Furniture,Household Essentials,Himalaya Household Essentials M135,Himalaya,1,4579,4579,20,3663.2,UPI,Delivered,7,CUST4100,Kartik Madan,Male,18,New Delhi,Delhi,3.7,,7.85,653.65
ORD101877,24-11-2024,Amazon,Beauty & Personal Care,Grooming,Philips Grooming S219,Philips,2,5673,11346,15,9644.1,UPI,Delivered,5,CUST7329,Ryan Subramanian,Male,28,Kochi,Kerala,3.5,,14.41,1048.31
ORD104672,05-11-2024,Max,Plus Size,Plus Tops,Lilliput Plus Tops S516,Lilliput,3,2828,8484,5,8059.8,COD,Delivered,6,CUST4544,Faiyaz Bir,Female,60,Thiruvananthapuram,Kerala,2,,9.33,1991.97
ORD100433,16-02-2025,Max,Accessories,Shoes,Nike Shoes S858,Nike,4,1158,4632,10,4168.8,Debit Card,In Transit,5,CUST5745,Baiju Char,Female,18,Mumbai,Maharashtra,1,,7.84,1220.82
ORD102364,28-10-2023,Amazon,Baby Products,Diapers,Portico Diapers M975,Portico,4,3897,15588,10,14029.2,COD,Delivered,8,CUST3104,Tarini Gaba,Female,22,Ludhiana,Punjab,4.8,,12.62,1442.84
ORD103154,29-02-2024,Flipkart,Grocery,Essentials,Campus Sutra Essentials S175,Campus Sutra,4,2477,9908,0,9908,Wallet,Delivered,5,CUST2932,Indrajit Mall,Female,41,Kanpur,Uttar Pradesh,2.2,,13.73,526.02
ORD102835,16-05-2025,Amazon,Sports & Outdoors,Outdoor Gear,LocalFarm Outdoor Gear M858,LocalFarm,3,2287,6861,0,6861,UPI,Delivered,1,CUST8978,Samar Butala,Female,24,Kozhikode,Kerala,5,,16.23,1974.32
ORD102092,06-04-2024,Myntra,Accessories,Jewelry,Voylla Jewelry Z449,Voylla,4,735,2940,5,2793,COD,Returned,6,CUST1522,Kashvi Bhandari,Male,27,Surat,Gujarat,1.3,Changed mind,4.75,579.68
ORD103010,10-08-2024,Max,Women's Fashion,Dresses,Baggit Dresses Z168,Baggit,1,1778,1778,20,1422.4,Debit Card,Delivered,6,CUST1876,Lakshit Gour,Male,31,Nagpur,Maharashtra,2.1,,11.42,425.03
ORD103162,29-12-2023,Amazon,Baby Products,Feeding Supplies,Samsung Feeding Supplies Z612,Samsung,2,2455,4910,0,4910,COD,Delivered,12,CUST9512,Oorja Borah,Male,37,Thiruvananthapuram,Kerala,3.6,,7.62,858.72
ORD102945,24-05-2024,Amazon,Electronics,Cameras,Nikon Cameras Z331,Nikon,1,58423,58423,0,58423,Wallet,Delivered,8,CUST7941,Kabir Ratta,Female,16,Kolkata,West Bengal,3.5,,10.47,4071.96
ORD103916,10-08-2024,Myntra,Home & Living,Kitchenware,Prestige Kitchenware X149,Prestige,4,2224,8896,25,6672,UPI,Delivered,5,CUST1274,Dhanush Deo,Female,25,Mumbai,Maharashtra,2.2,,11.83,1674.23
ORD102916,17-12-2023,Amazon,Beauty & Personal Care,Grooming,HUL Grooming X899,HUL,2,1294,2588,5,2458.6,COD,Delivered,9,CUST4588,Biju Dewan,Male,16,Amritsar,Punjab,4.3,,14.26,270.95
ORD101102,10-10-2025,Amazon,Sports & Outdoors,Outdoor Gear,H&M Outdoor Gear S778,H&M,1,2097,2097,20,1677.6,UPI,Delivered,5,CUST6997,Piya Khatri,Female,46,Chennai,Tamil Nadu,3.6,,8.97,482.95
ORD101448,26-08-2025,Amazon,Groceries,Snacks,Microsoft Snacks S660,Microsoft,2,2893,5786,0,5786,UPI,In Transit,2,CUST8018,Damini Sidhu,Female,49,Chennai,Tamil Nadu,4.8,,6.31,390.84
ORD101720,04-09-2025,Flipkart,Home & Furniture,Kitchen Appliances,Puma Kitchen Appliances M480,Puma,2,1697,3394,20,2715.2,UPI,Delivered,3,CUST1827,Kaira Varghese,Female,16,Pune,Maharashtra,3.5,,14.11,281.66
ORD104518,05-05-2023,Amazon,Books,Stationery,Samsung Stationery M892,Samsung,4,999,3996,10,3596.4,COD,Delivered,10,CUST5567,Dishani Sathe,Male,32,Kolkata,West Bengal,4.9,,13.31,600.49
ORD103842,07-03-2024,Myntra,Clothing,Kids Wear,Sony Kids Wear Z394,Sony,2,1698,3396,5,3226.2,Credit Card,In Transit,8,CUST2630,Hunar De,Male,29,Kanpur,Uttar Pradesh,2.7,,10.78,689.25
ORD100156,02-02-2025,Flipkart,Home & Furniture,Kitchen Appliances,Samsung Kitchen Appliances S552,Samsung,3,1860,5580,5,5301,UPI,Delivered,2,CUST7828,Umang Dutta,Male,24,Ahmedabad,Gujarat,2.9,,14.84,798.28
ORD102978,25-09-2025,Amazon,Groceries,Gourmet Foods,Penguin Gourmet Foods M603,Penguin,1,1674,1674,10,1506.6,Debit Card,Delivered,2,CUST7603,Raunak Ghosh,Female,16,Ahmedabad,Gujarat,3,,15.58,104.14
ORD101773,04-01-2023,Amazon,Home & Kitchen,Kitchenware,Prestige Kitchenware S474,Prestige,3,7068,21204,5,20143.8,COD,Delivered,12,CUST5838,Sara Chawla,Female,16,Bengaluru,Karnataka,3.8,,4.89,5544.14
ORD100615,13-05-2025,Max,Accessories,Bags,Baggit Bags X603,Baggit,4,6205,24820,20,19856,UPI,Delivered,3,CUST8129,Chirag Yadav,Female,25,New Delhi,Delhi,2.6,,17.22,3450.78
ORD100643,12-01-2025,Amazon,Home & Kitchen,Appliances,IFB Appliances M691,IFB,1,23448,23448,0,23448,Debit Card,Delivered,3,CUST8801,Adira Subramanian,Female,29,Kolkata,West Bengal,3.8,,12.87,6528.04
ORD101935,13-08-2023,Flipkart,Beauty & Personal Care,Makeup,Maybelline Makeup Z318,Maybelline,4,970,3880,0,3880,Debit Card,Delivered,3,CUST1111,Reyansh Sarkar,Female,41,Bengaluru,Karnataka,3.6,,15.23,1163.08
ORD104277,15-09-2025,Flipkart,Electronics,Computers,Lenovo Computers X425,Lenovo,1,71536,71536,5,67959.2,UPI,In Transit,6,CUST2516,Taran Datta,Male,45,Kanpur,Uttar Pradesh,2.5,,12.66,7973.84
ORD101068,27-12-2024,Amazon,Groceries,Snacks,LocalFarm Snacks S539,LocalFarm,4,3498,13992,5,13292.4,UPI,Delivered,8,CUST5920,Ishita Trivedi,Male,25,Lucknow,Uttar Pradesh,3.7,,12.06,663.2
ORD104454,30-07-2024,Flipkart,Electronics,Computers,Dell Computers Z488,Dell,1,89263,89263,5,84799.85,Wallet,Delivered,7,CUST9485,Diya Kibe,Female,26,Mumbai,Maharashtra,2.9,,9.26,7994.81
ORD104154,23-05-2024,Amazon,Beauty & Personal Care,Makeup,Lakme Makeup S924,Lakme,4,3222,12888,15,10954.8,UPI,In Transit,7,CUST6510,Gokul Dayal,Female,23,Mumbai,Maharashtra,4.8,,15.8,1831.49
ORD104239,18-02-2025,Amazon,Beauty & Personal Care,Grooming,HUL Grooming M916,HUL,2,347,694,10,624.6,UPI,Delivered,1,CUST9440,Ishaan Tiwari,Male,17,Kolkata,West Bengal,4.2,,17.02,156.07
ORD104868,01-11-2023,Myntra,Clothing,Ethnic Wear,FabIndia Ethnic Wear M252,FabIndia,3,5177,15531,10,13977.9,COD,Delivered,4,CUST3606,Adira Kannan,Female,55,Kolkata,West Bengal,1.3,,6.65,3663.36
ORD100330,23-12-2024,Flipkart,Electronics,Computers,Dell Computers X638,Dell,1,94552,94552,0,94552,Credit Card,Delivered,3,CUST5469,Lagan Sarin,Male,30,Ahmedabad,Gujarat,3.5,,6.36,10980.88
ORD102057,18-05-2024,Amazon,Fashion,Jewelry,Tanishq Jewelry M512,Tanishq,1,12173,12173,10,10955.7,Wallet,Delivered,6,CUST5668,Mishti Sanghvi,Female,19,Madurai,Tamil Nadu,4.2,,6.82,1888.35
ORD102646,20-03-2024,Flipkart,Electronics,Mobiles,Apple Mobiles S612,Apple,1,67602,67602,10,60841.8,Credit Card,Delivered,5,CUST4765,Rhea Aggarwal,Female,20,Chennai,Tamil Nadu,4.3,,11.1,5321.06
ORD102191,08-04-2025,Amazon,Home & Kitchen,Home Decor,Home Centre Home Decor S638,Home Centre,2,2017,4034,5,3832.3,UPI,Delivered,6,CUST1387,Yuvaan Dada,Female,17,Chennai,Tamil Nadu,3.3,,8.31,1051.51
ORD100622,25-12-2023,Flipkart,Beauty & Personal Care,Makeup,Lakme Makeup X214,Lakme,1,955,955,10,859.5,COD,In Transit,10,CUST3348,Mishti Cherian,Female,24,Madurai,Tamil Nadu,3.6,,11.4,174.06
ORD101595,21-06-2025,Myntra,Accessories,Jewelry,Tanishq Jewelry Z494,Tanishq,2,45957,91914,5,87318.3,Wallet,Delivered,3,CUST8225,Vivaan Kurian,Male,17,Kolkata,West Bengal,1,,6.22,17299.26
ORD102915,05-01-2024,Amazon,Fashion,Shoes,Bata Shoes S500,Bata,3,1232,3696,5,3511.2,Credit Card,Delivered,8,CUST8267,Neysa Sethi,Female,65,Noida,Uttar Pradesh,4.7,,16.78,985.15
ORD104821,08-09-2023,Myntra,Footwear,Formal,Red Tape Formal X122,Red Tape,4,4468,17872,30,12510.4,UPI,Delivered,8,CUST1743,Shayak Borah,Male,51,Mangalore,Karnataka,2.7,,13.53,1584.16
ORD103898,01-01-2023,Flipkart,Electronics,Home Electronics,Boat Home Electronics X123,Boat,4,4701,18804,10,16923.6,COD,Delivered,10,CUST2677,Rati Barad,Male,20,Chennai,Tamil Nadu,3.4,,10.73,2973.39
ORD101919,14-07-2023,Max,Men's Fashion,Winter Wear,Realme Winter Wear M966,Realme,1,2768,2768,30,1937.6,UPI,Cancelled,8,CUST6219,Mehul Dave,Female,21,Ahmedabad,Gujarat,2.6,,9.89,520.47
ORD104173,08-07-2024,Max,Plus Size,Plus Bottoms,Sony Plus Bottoms X125,Sony,3,3062,9186,0,9186,Debit Card,In Transit,6,CUST1602,Onkar Ben,Male,65,Bengaluru,Karnataka,2.9,,4.08,2569.47
ORD104477,19-07-2023,Max,Accessories,Seasonal,Boat Seasonal X590,Boat,3,4009,12027,40,7216.2,UPI,Delivered,6,CUST3752,Gokul Khare,Female,60,Thiruvananthapuram,Kerala,2.1,,10.18,1253.36
ORD100755,20-01-2024,Flipkart,Grocery,Fresh,Philips Fresh S752,Philips,3,638,1914,5,1818.3,COD,Delivered,6,CUST3353,Kashvi De,Male,17,Mumbai,Maharashtra,3.2,,17.29,112.92
ORD100518,07-07-2023,Myntra,Home & Living,Kitchenware,Hawkins Kitchenware M430,Hawkins,3,6312,18936,15,16095.6,COD,Delivered,7,CUST9481,Nishith Chand,Male,15,Noida,Uttar Pradesh,2.5,,8.16,2495.55
ORD103803,05-05-2024,Max,Plus Size,Plus Bottoms,Roadster Plus Bottoms X280,Roadster,4,4348,17392,5,16522.4,UPI,In Transit,3,CUST7234,Kashvi Thakur,Female,61,New Delhi,Delhi,2.4,,9.15,3183.72
ORD100032,04-05-2024,Amazon,Fashion,Bags,Baggit Bags Z412,Baggit,1,1401,1401,25,1050.75,Wallet,Returned,3,CUST8381,Samarth Rajagopalan,Female,41,Noida,Uttar Pradesh,4.8,Other,7.16,204.86
ORD102937,23-11-2023,Max,Accessories,Bags,Baggit Bags S332,Baggit,1,4486,4486,10,4037.4,COD,Delivered,3,CUST8071,Indrajit Mallick,Male,56,Noida,Uttar Pradesh,2.6,,10.93,1142.62
ORD101157,13-10-2024,Flipkart,Home & Furniture,Household Essentials,Home Centre Household Essentials S994,Home Centre,1,794,794,15,674.9,UPI,In Transit,7,CUST5024,Ishaan Mann,Female,30,Ahmedabad,Gujarat,3.9,,7.43,177.26
ORD100744,14-04-2025,Myntra,Footwear,Sports,Hawkins Sports S604,Hawkins,3,2156,6468,10,5821.2,UPI,Delivered,6,CUST7010,Dhruv Varghese,Male,29,Ahmedabad,Gujarat,1.8,,9.7,1422.54
ORD101497,27-04-2025,Amazon,Baby Products,Diapers,Lakme Diapers Z980,Lakme,3,3433,10299,0,10299,UPI,Delivered,3,CUST1263,Emir Bahri,Female,22,Mangalore,Karnataka,4,,6,2225.67
ORD103459,20-11-2024,Myntra,Footwear,Sports,Baggit Sports X904,Baggit,1,508,508,10,457.2,UPI,Delivered,4,CUST2723,Hazel Subramanian,Female,38,Noida,Uttar Pradesh,2.3,,15.73,126.17
ORD103755,22-07-2023,Amazon,Groceries,Gourmet Foods,Ikea Gourmet Foods M976,Ikea,4,2225,8900,5,8455,UPI,Delivered,9,CUST6002,Prerak Gupta,Male,21,Ahmedabad,Gujarat,4.3,,15.1,384.74
ORD102591,17-04-2023,Flipkart,Fashion,Accessories,JBL Accessories Z254,JBL,4,3404,13616,0,13616,Debit Card,Delivered,8,CUST8159,Indranil Trivedi,Male,17,Kolkata,West Bengal,3.1,,12.81,3733.66
ORD100783,20-08-2025,Amazon,Sports & Outdoors,Fitness,Decathlon Fitness S557,Decathlon,4,11333,45332,15,38532.2,UPI,Delivered,3,CUST9161,Ishaan Bera,Male,42,Ahmedabad,Gujarat,5,,16.12,7979.02
ORD103493,27-09-2025,Amazon,Electronics,Accessories,Boat Accessories Z570,Boat,3,4704,14112,0,14112,UPI,Delivered,6,CUST6535,Hrishita Kale,Male,43,Noida,Uttar Pradesh,3.7,,5.53,2215.24
ORD102949,31-07-2025,Amazon,Fashion,Jewelry,Tanishq Jewelry X128,Tanishq,2,802,1604,15,1363.4,Wallet,Delivered,4,CUST5599,Fateh Deo,Male,42,Noida,Uttar Pradesh,5,,6.31,193.7
ORD100229,22-03-2025,Amazon,Sports & Outdoors,Outdoor Gear,Bosch Outdoor Gear S484,Bosch,4,4687,18748,20,14998.4,UPI,Delivered,4,CUST6299,Abram Mallick,Female,39,Ahmedabad,Gujarat,4.3,,14.7,2620.66
ORD100857,21-06-2023,Amazon,Beauty & Personal Care,Makeup,Lakme Makeup X193,Lakme,1,2409,2409,0,2409,COD,In Transit,10,CUST3065,Romil Bail,Female,51,Mumbai,Maharashtra,3.6,,17.77,664.36
ORD102266,02-02-2023,Myntra,Home & Living,Decor,FabIndia Decor S167,FabIndia,1,2678,2678,5,2544.1,COD,Delivered,6,CUST7987,Vihaan Rao,Male,36,Vadodara,Gujarat,2.2,,17.51,381.42
ORD104274,09-05-2025,Amazon,Sports & Outdoors,Sportswear,Nike Sportswear M761,Nike,4,702,2808,5,2667.6,Credit Card,Delivered,3,CUST7248,Jayant Chawla,Male,40,Bengaluru,Karnataka,2.9,,7.06,308.97
ORD100408,25-10-2023,Amazon,Fashion,Jewelry,Voylla Jewelry S209,Voylla,3,4979,14937,10,13443.3,COD,Delivered,12,CUST6980,Krish Wable,Female,49,Kolkata,West Bengal,2.9,,17.72,2020.82
ORD100170,10-08-2024,Myntra,Footwear,Casual,Sparx Casual X971,Sparx,3,2684,8052,15,6844.2,Wallet,In Transit,8,CUST6123,Kartik Babu,Male,32,Kozhikode,Kerala,2.1,,8.07,1754.52
ORD100540,28-03-2024,Amazon,Beauty & Personal Care,Makeup,Lakme Makeup Z602,Lakme,3,1848,5544,0,5544,UPI,Delivered,5,CUST1498,Miraya Basu,Female,26,Noida,Uttar Pradesh,5,,7.54,1206.15
ORD102210,24-05-2023,Max,Accessories,Shoes,Adidas Shoes Z237,Adidas,1,1171,1171,25,878.25,COD,Delivered,8,CUST1979,Neelofar Sinha,Male,33,Ahmedabad,Gujarat,3.1,,10.77,244.09
ORD102304,13-03-2025,Flipkart,"Books, Sports & Gaming",Sporting Goods,Samsung Sporting Goods M702,Samsung,1,4111,4111,5,3905.45,UPI,Delivered,1,CUST7223,Dhanuk Sehgal,Male,58,Lucknow,Uttar Pradesh,3.6,,15.03,790.67
ORD102567,04-02-2023,Amazon,Home & Kitchen,Appliances,IFB Appliances M251,IFB,1,33493,33493,5,31818.35,COD,Delivered,4,CUST1806,Kanav Mall,Male,44,Noida,Uttar Pradesh,5,,10.87,8054.3
ORD100613,19-01-2024,Flipkart,"Books, Sports & Gaming",Sporting Goods,Only Sporting Goods S202,Only,4,442,1768,0,1768,UPI,Delivered,8,CUST2765,Vidur Sankaran,Male,44,New Delhi,Delhi,3.1,,17.08,505.13
ORD102101,18-09-2024,Myntra,Footwear,Casual,Sparx Casual Z315,Sparx,1,782,782,40,469.2,UPI,Delivered,3,CUST8113,Misha Loyal,Female,46,Kolkata,West Bengal,2.9,,15.37,117.62
ORD101808,31-05-2024,Myntra,Accessories,Wallets,Himalaya Wallets M490,Himalaya,2,2266,4532,20,3625.6,Debit Card,Delivered,5,CUST3817,Faiyaz Gandhi,Male,16,Mumbai,Maharashtra,1.4,,11.64,696.8
ORD103438,01-11-2024,Flipkart,"Books, Sports & Gaming",Books,HarperCollins Books X974,HarperCollins,4,1748,6992,10,6292.8,Credit Card,Delivered,2,CUST6092,Tiya Bora,Female,17,Chennai,Tamil Nadu,3.5,,14.54,574.54
ORD101161,21-02-2024,Flipkart,Home & Furniture,Decor,Sparx Decor S711,Sparx,4,1836,7344,5,6976.8,UPI,Delivered,2,CUST8328,Azad Bajaj,Female,40,Noida,Uttar Pradesh,3.8,,16.13,1733.74
ORD104225,03-03-2024,Amazon,Baby Products,Feeding Supplies,Dell Feeding Supplies X532,Dell,4,1899,7596,20,6076.8,UPI,In Transit,7,CUST5376,Bhamini Sagar,Male,43,Noida,Uttar Pradesh,4,,5.18,530.03
ORD103119,04-02-2025,Amazon,Books,Books,Penguin Books S838,Penguin,1,1963,1963,15,1668.55,Credit Card,Delivered,4,CUST1715,Taran Sidhu,Male,41,Kolkata,West Bengal,3.5,,12.01,172.11
ORD103652,07-02-2024,Amazon,Sports & Outdoors,Fitness,Decathlon Fitness Z808,Decathlon,1,2586,2586,0,2586,UPI,Delivered,3,CUST3031,Lagan Wadhwa,Male,40,Mysuru,Karnataka,4.3,,17.55,562.66
ORD101610,21-07-2024,Max,Plus Size,Plus Bottoms,H&M Plus Bottoms X384,H&M,3,5019,15057,0,15057,UPI,Delivered,3,CUST8478,Miraya Deep,Female,29,Surat,Gujarat,2.3,,17.59,1943.94
ORD101932,31-08-2024,Amazon,Home & Kitchen,Kitchenware,Hawkins Kitchenware M287,Hawkins,4,2621,10484,10,9435.6,UPI,In Transit,2,CUST7179,Vivaan Ratti,Female,30,Noida,Uttar Pradesh,3.3,,16,1098.18
ORD103027,15-02-2024,Flipkart,Fashion,Footwear,Tanishq Footwear M592,Tanishq,2,4211,8422,0,8422,Wallet,Delivered,7,CUST7791,Vanya Bansal,Male,59,New Delhi,Delhi,3.9,,12.93,1587.05
ORD100564,24-07-2025,Amazon,Books,Books,HarperCollins Books S350,HarperCollins,3,404,1212,0,1212,COD,Delivered,6,CUST9195,Eva Cherian,Male,21,Surat,Gujarat,2.8,,15.15,238.44
ORD103571,25-07-2024,Flipkart,Fashion,Apparel,HomeTown Apparel S189,HomeTown,2,2193,4386,10,3947.4,UPI,Delivered,8,CUST9937,Badal Thaker,Female,41,Chennai,Tamil Nadu,2.5,,14.73,993.93
ORD104247,01-02-2024,Myntra,Clothing,Western Wear,Roadster Western Wear Z920,Roadster,3,2987,8961,40,5376.6,Credit Card,Delivered,3,CUST4927,Vardaniya Sura,Female,32,Ahmedabad,Gujarat,2.7,,9.34,1361.04
ORD102388,12-09-2023,Amazon,Beauty & Personal Care,Grooming,Philips Grooming X135,Philips,4,914,3656,5,3473.2,Debit Card,Delivered,4,CUST5822,Prisha Comar,Male,24,Vadodara,Gujarat,4.3,,10.57,930.06
ORD101471,07-02-2025,Flipkart,Electronics,Mobiles,Samsung Mobiles S860,Samsung,1,77271,77271,10,69543.9,Credit Card,Delivered,5,CUST5112,Mahika Sampath,Male,30,Kanpur,Uttar Pradesh,2.2,,8.37,9398.68
ORD102630,10-05-2025,Amazon,Beauty & Personal Care,Grooming,Philips Grooming S574,Philips,1,1084,1084,5,1029.8,Debit Card,Delivered,3,CUST8512,Divyansh Sha,Male,38,New Delhi,Delhi,4.2,,10.12,248.09
ORD101835,28-06-2024,Myntra,Home & Living,Decor,Roadster Decor S259,Roadster,3,2445,7335,10,6601.5,Wallet,Delivered,5,CUST4749,Zain Wali,Female,27,Bengaluru,Karnataka,1.6,,7.87,1361.87
ORD104928,03-03-2024,Max,Women's Fashion,Tops,OnePlus Tops S884,OnePlus,4,2157,8628,0,8628,UPI,Delivered,3,CUST8669,Tejas Shanker,Female,44,Mumbai,Maharashtra,2.4,,13.81,2317.18
ORD103475,21-07-2023,Amazon,Beauty & Personal Care,Healthcare,Himalaya Healthcare S597,Himalaya,4,251,1004,5,953.8,COD,Delivered,3,CUST8249,Zoya Sandhu,Female,38,Mumbai,Maharashtra,4.5,,12.72,101.93
ORD101533,13-02-2024,Max,Men's Fashion,Shirts,Campus Shirts Z109,Campus,3,3578,10734,15,9123.9,Wallet,Delivered,7,CUST5070,Alisha Sastry,Male,23,Chennai,Tamil Nadu,2.9,,17.52,2554.96
ORD104327,01-05-2023,Amazon,Books,Stationery,Sparx Stationery S612,Sparx,4,1814,7256,5,6893.2,Credit Card,In Transit,12,CUST8399,Pihu Bhardwaj,Male,28,Ahmedabad,Gujarat,4.4,,5.27,663.3
ORD102484,03-04-2025,Amazon,Electronics,Televisions,Sony Televisions X941,Sony,1,117678,117678,5,111794.1,Wallet,Delivered,3,CUST2558,Aniruddh Kalita,Male,20,New Delhi,Delhi,4.7,,9.53,11687.75
ORD104207,08-12-2024,Amazon,Books,Stationery,Roadster Stationery S304,Roadster,1,858,858,5,815.1,UPI,Delivered,3,CUST9195,Advik Bora,Female,26,Kolkata,West Bengal,4.1,,5.15,154.57
ORD101172,09-01-2024,Max,Men's Fashion,T-Shirts,Adidas T-Shirts X255,Adidas,1,2875,2875,25,2156.25,UPI,In Transit,4,CUST4408,Neysa Subramaniam,Male,19,Mumbai,Maharashtra,1.8,,9.95,432.48
ORD101427,01-06-2024,Max,Plus Size,Plus Bottoms,Hawkins Plus Bottoms Z277,Hawkins,1,4316,4316,0,4316,COD,Delivered,4,CUST7033,Lakshit Shah,Male,60,Chennai,Tamil Nadu,2,,12.93,674.72
ORD100325,19-12-2024,Max,Women's Fashion,Winter Wear,Nike Winter Wear M394,Nike,1,4802,4802,5,4561.9,UPI,Returned,6,CUST4677,Aayush Sami,Female,33,Surat,Gujarat,1,Late delivery,15.58,860.89
ORD101051,05-03-2024,Amazon,Home & Kitchen,Furniture,Nilkamal Furniture M663,Nilkamal,1,36265,36265,5,34451.75,COD,Delivered,7,CUST6087,Adah Kothari,Male,44,Mysuru,Karnataka,4.3,,6.57,4983.9
ORD103319,01-04-2025,Myntra,Footwear,Sports,HRX Sports X776,HRX,3,3760,11280,20,9024,UPI,Delivered,5,CUST9907,Ayesha Shenoy,Female,31,Noida,Uttar Pradesh,1,,10.33,1013.01
ORD104721,17-10-2023,Myntra,Clothing,Ethnic Wear,Biba Ethnic Wear S187,Biba,3,4338,13014,20,10411.2,Credit Card,Delivered,3,CUST9112,Divij Malhotra,Female,63,Bengaluru,Karnataka,2.6,,13.9,982.89
ORD103864,21-04-2023,Max,Men's Fashion,T-Shirts,Roadster T-Shirts X406,Roadster,3,4338,13014,10,11712.6,Debit Card,Delivered,6,CUST1157,Elakshi Kapoor,Female,26,Kolkata,West Bengal,1.5,,17.27,2681.53
ORD102603,08-12-2023,Amazon,Sports & Outdoors,Fitness,HRX Fitness X826,HRX,2,30517,61034,15,51878.9,COD,Delivered,4,CUST6940,Riaan Rajagopalan,Male,58,Thiruvananthapuram,Kerala,4.7,,17.42,7631.62
ORD101738,01-12-2023,Flipkart,Home & Furniture,Kitchen Appliances,Zara Kitchen Appliances M857,Zara,1,4221,4221,10,3798.9,UPI,In Transit,6,CUST2763,Kimaya Bora,Male,30,Surat,Gujarat,2.8,,12.86,469.34
ORD101196,31-10-2023,Flipkart,Automotive,Accessories,JBL Accessories Z104,JBL,4,2901,11604,15,9863.4,Credit Card,Delivered,7,CUST8548,Nayantara Varughese,Male,63,Chennai,Tamil Nadu,2.8,,4.41,2227.74
ORD100620,20-09-2023,Max,Plus Size,Plus Bottoms,Himalaya Plus Bottoms S185,Himalaya,1,4458,4458,5,4235.1,Debit Card,In Transit,10,CUST2825,Nirvi Din,Female,23,Bengaluru,Karnataka,2.7,,4.5,784.93
ORD101374,07-02-2024,Max,Plus Size,Plus Bottoms,Roadster Plus Bottoms M752,Roadster,3,4292,12876,0,12876,UPI,Delivered,4,CUST3394,Nehmat Aggarwal,Male,26,Ahmedabad,Gujarat,2.1,,14.4,2469.56
ORD102879,09-03-2023,Flipkart,Fashion,Accessories,Portronics Accessories X381,Portronics,2,1135,2270,25,1702.5,Credit Card,Delivered,6,CUST5841,Suhana Chandran,Female,47,Vadodara,Gujarat,2.2,,4.62,337.43
ORD101189,10-10-2025,Myntra,Footwear,Casual,Sparx Casual S670,Sparx,3,2751,8253,5,7840.35,UPI,Delivered,2,CUST9126,Dhanuk Hayre,Male,22,New Delhi,Delhi,2.4,,10.07,2308.17
ORD100328,27-09-2025,Amazon,Books,Books,HarperCollins Books M540,HarperCollins,2,1057,2114,20,1691.2,Debit Card,Delivered,5,CUST9179,Tejas Kibe,Male,35,Noida,Uttar Pradesh,3.8,,8.39,333.88
ORD100648,07-05-2023,Amazon,Books,Stationery,Portronics Stationery Z165,Portronics,1,1489,1489,10,1340.1,COD,Delivered,3,CUST9383,Aniruddh Sharaf,Female,27,Mumbai,Maharashtra,3.9,,14.59,113.54
ORD100897,07-02-2024,Max,Accessories,Seasonal,Nike Seasonal M812,Nike,4,5550,22200,15,18870,UPI,Delivered,6,CUST6906,Amani Chadha,Female,25,Ahmedabad,Gujarat,3.1,,7.06,1795.15
ORD103882,31-03-2023,Max,Accessories,Seasonal,HUL Seasonal M523,HUL,2,577,1154,25,865.5,COD,Delivered,5,CUST4280,Neysa Goda,Male,16,Surat,Gujarat,2.1,,17.58,224.82
ORD101123,24-10-2023,Amazon,Sports & Outdoors,Sportswear,Nike Sportswear M520,Nike,3,4670,14010,0,14010,UPI,Delivered,6,CUST4679,Damini Wali,Female,18,New Delhi,Delhi,3.3,,14.43,2806.92
ORD101891,12-11-2024,Myntra,Personal Care,Fragrances,Lakme Fragrances S678,Lakme,2,2274,4548,0,4548,Credit Card,Delivered,6,CUST1292,Hunar Varma,Male,64,Kolkata,West Bengal,2.2,,12.01,811.78
ORD104643,17-05-2023,Amazon,Books,Stationery,Roadster Stationery M669,Roadster,3,1594,4782,5,4542.9,Credit Card,Delivered,8,CUST9129,Mamooty Banerjee,Male,25,Thiruvananthapuram,Kerala,3.9,,17.67,492.62
ORD104791,03-08-2023,Flipkart,Automotive,Accessories,Portronics Accessories S260,Portronics,4,4253,17012,0,17012,UPI,Delivered,11,CUST1907,Gokul Warrior,Female,62,Vadodara,Gujarat,3.6,,5.79,2157.91
ORD104529,06-01-2023,Myntra,Accessories,Bags,Wildcraft Bags Z821,Wildcraft,4,5342,21368,10,19231.2,UPI,Delivered,9,CUST5356,Ojas Sawhney,Female,38,Ahmedabad,Gujarat,2.4,,14.36,2933.13
ORD104234,02-12-2024,Amazon,Baby Products,Apparel,Samsung Apparel Z953,Samsung,3,2000,6000,0,6000,UPI,Cancelled,4,CUST6930,Eshani Jhaveri,Male,17,Surat,Gujarat,3.9,,14.35,527.41
ORD101593,17-03-2023,Myntra,Footwear,Formal,Red Tape Formal M295,Red Tape,1,2457,2457,10,2211.3,Debit Card,Delivered,4,CUST5474,Misha Mall,Male,65,Surat,Gujarat,2.5,,16.78,328.77
ORD103312,16-12-2024,Flipkart,Grocery,Essentials,Himalaya Essentials Z884,Himalaya,3,3485,10455,10,9409.5,UPI,Delivered,8,CUST7509,Madhav Yogi,Male,30,Ahmedabad,Gujarat,3.9,,5.24,512.21
ORD102547,25-06-2024,Flipkart,Automotive,Spare Parts,Campus Spare Parts Z267,Campus,1,16741,16741,0,16741,UPI,Delivered,7,CUST3924,Madhav Shukla,Male,26,Bengaluru,Karnataka,3.1,,14.81,4889.53
ORD101545,23-08-2024,Myntra,Footwear,Formal,Red Tape Formal X546,Red Tape,4,1434,5736,10,5162.4,UPI,Delivered,6,CUST7816,Taran Khanna,Female,31,Chennai,Tamil Nadu,1.6,,15.65,1059.44
ORD104336,19-06-2025,Amazon,Beauty & Personal Care,Makeup,Lakme Makeup Z844,Lakme,2,2863,5726,0,5726,UPI,Delivered,1,CUST2739,Saira Sibal,Female,17,Pune,Maharashtra,3.6,,7.38,534.58
ORD101023,21-07-2023,Flipkart,"Books, Sports & Gaming",Gaming,Microsoft Gaming X584,Microsoft,1,34089,34089,5,32384.55,Debit Card,Returned,6,CUST1737,Eshani Acharya,Male,26,Howrah,West Bengal,4.5,Other,8.09,7034.2
ORD101971,23-05-2023,Amazon,Baby Products,Feeding Supplies,Lenovo Feeding Supplies Z265,Lenovo,2,1607,3214,5,3053.3,Debit Card,Delivered,9,CUST3927,Aaryahi Ghose,Female,56,Ahmedabad,Gujarat,3.6,,9.63,361.5
ORD104988,21-06-2023,Max,Accessories,Bags,Wildcraft Bags M287,Wildcraft,4,672,2688,15,2284.8,Wallet,Delivered,11,CUST5252,Aarav Dugar,Female,35,Kolkata,West Bengal,2.2,,4.48,307.07
ORD101714,19-03-2023,Amazon,Books,Stationery,H&M Stationery S905,H&M,1,1556,1556,15,1322.6,Credit Card,Delivered,12,CUST8014,Kartik Sarkar,Female,16,New Delhi,Delhi,4.2,,12.7,195.1
ORD101717,27-09-2023,Max,Women's Fashion,Dresses,Asus Dresses Z187,Asus,2,2770,5540,15,4709,UPI,Delivered,6,CUST1672,Rhea Kale,Female,30,Mangalore,Karnataka,1.3,,13.23,1093.15
ORD101477,24-06-2024,Amazon,Groceries,Gourmet Foods,Fastrack Gourmet Foods M710,Fastrack,1,2102,2102,5,1996.9,UPI,Delivered,3,CUST4733,Rohan Baria,Female,19,Ahmedabad,Gujarat,3.5,,12.02,158.33
ORD100809,13-12-2023,Amazon,Home & Kitchen,Home Decor,FabIndia Home Decor Z240,FabIndia,4,2346,9384,5,8914.8,COD,Delivered,6,CUST9221,Eva Zacharia,Female,34,Bengaluru,Karnataka,3.9,,7.72,1497.94
ORD102850,23-11-2023,Max,Kids' Fashion,Kids Shoes,HarperCollins Kids Shoes M765,HarperCollins,1,5584,5584,5,5304.8,Debit Card,Delivered,5,CUST7625,Hunar Chhabra,Female,23,Vadodara,Gujarat,2.8,,17.79,1022.69
ORD100978,12-08-2025,Myntra,Personal Care,Haircare,Loreal Haircare X137,Loreal,4,5122,20488,10,18439.2,UPI,Delivered,5,CUST1984,Mehul Deshpande,Female,17,Surat,Gujarat,2,,5.13,2122.75
ORD104687,31-05-2023,Amazon,Electronics,Mobiles,Samsung Mobiles X201,Samsung,1,64460,64460,5,61237,Credit Card,Delivered,3,CUST8393,Yakshit Lad,Male,29,Kanpur,Uttar Pradesh,4.8,,12.54,7789.74
ORD104895,14-08-2025,Myntra,Personal Care,Fragrances,Roadster Fragrances X146,Roadster,3,1156,3468,10,3121.2,UPI,Delivered,3,CUST1056,Akarsh Virk,Male,45,Mumbai,Maharashtra,1.9,,5.71,355.9
ORD101684,11-07-2023,Amazon,Fashion,Shoes,Bata Shoes M963,Bata,2,1232,2464,25,1848,UPI,Delivered,3,CUST2297,Pranay Divan,Female,45,Jaipur,Rajasthan,4.1,,5.47,384.39
ORD104660,09-05-2025,Flipkart,Beauty & Personal Care,Makeup,Loreal Makeup M849,Loreal,2,732,1464,20,1171.2,UPI,Delivered,1,CUST8950,Aayush Dutt,Male,32,Chennai,Tamil Nadu,2.6,,6.91,215.77
ORD101514,13-10-2025,Flipkart,Fashion,Apparel,Bata Apparel S302,Bata,2,868,1736,25,1302,UPI,Delivered,5,CUST7990,Ayesha Vasa,Male,41,Bengaluru,Karnataka,3.4,,7.66,230.3
ORD102404,28-09-2024,Myntra,Home & Living,Decor,Voylla Decor M838,Voylla,2,3586,7172,40,4303.2,UPI,Delivered,2,CUST9244,Lagan Shere,Female,64,Kolkata,West Bengal,2.4,,7.74,371.43
ORD102021,14-02-2024,Amazon,Sports & Outdoors,Outdoor Gear,Penguin Outdoor Gear S984,Penguin,3,1527,4581,10,4122.9,UPI,Delivered,2,CUST9099,Nirvaan Grover,Male,36,Ludhiana,Punjab,3.5,,15.77,487.46
ORD104553,12-10-2023,Flipkart,Home & Furniture,Decor,Puma Decor S187,Puma,4,5423,21692,15,18438.2,UPI,In Transit,10,CUST8304,Alisha Swamy,Male,23,Ahmedabad,Gujarat,2.6,,15.55,1962.64
ORD101767,23-08-2025,Amazon,Fashion,Bags,Baggit Bags S266,Baggit,2,6899,13798,40,8278.8,UPI,Delivered,1,CUST6427,Arnav Mani,Female,37,Chennai,Tamil Nadu,3.6,,8.06,667.15
ORD100174,26-04-2025,Flipkart,Grocery,Essentials,HRX Essentials Z190,HRX,4,4303,17212,15,14630.2,UPI,Delivered,3,CUST4850,Suhana Dora,Male,33,Mumbai,Maharashtra,3.6,,13.01,733.91
ORD101554,25-05-2025,Amazon,Home & Kitchen,Appliances,IFB Appliances S300,IFB,1,7150,7150,20,5720,UPI,Delivered,5,CUST8162,Madhav Divan,Female,41,Thiruvananthapuram,Kerala,3.8,,5.29,869.14
ORD104215,26-02-2025,Amazon,Groceries,Gourmet Foods,Loreal Gourmet Foods S570,Loreal,4,4187,16748,0,16748,UPI,Delivered,2,CUST5808,Jivin Shetty,Female,32,Pune,Maharashtra,4.9,,11.53,1194.5
ORD101482,10-09-2023,Myntra,Personal Care,Makeup,Maybelline Makeup M498,Maybelline,4,2177,8708,20,6966.4,Wallet,Delivered,3,CUST9211,Yasmin Batra,Female,54,Kanpur,Uttar Pradesh,2.2,,17.23,1056.3
ORD104461,16-07-2023,Flipkart,"Books, Sports & Gaming",Books,Penguin Books Z511,Penguin,2,602,1204,0,1204,Debit Card,Delivered,12,CUST3799,Farhan Brar,Male,29,Kozhikode,Kerala,3.6,,16.78,98.51
ORD100217,08-05-2024,Flipkart,Automotive,Accessories,Portronics Accessories M109,Portronics,2,1905,3810,0,3810,Credit Card,Delivered,5,CUST9059,Saanvi Dube,Male,23,Kanpur,Uttar Pradesh,3,,11.49,881.29
ORD103914,03-09-2025,Flipkart,Electronics,Mobiles,Apple Mobiles M524,Apple,1,50117,50117,0,50117,Credit Card,Delivered,5,CUST4724,Ishaan Chopra,Male,21,Bengaluru,Karnataka,3.3,,11.49,4036
ORD103720,06-09-2023,Amazon,Baby Products,Diapers,Sparx Diapers M691,Sparx,3,1648,4944,20,3955.2,UPI,Delivered,11,CUST5722,Dhanuk Bora,Male,35,Ahmedabad,Gujarat,4.4,,9.15,842.07
ORD100690,29-12-2024,Flipkart,Electronics,Mobiles,OnePlus Mobiles X782,OnePlus,1,8762,8762,5,8323.9,Credit Card,Delivered,4,CUST8987,Devansh Grover,Male,36,Chennai,Tamil Nadu,2.5,,12.2,1372.27
ORD102577,26-04-2024,Flipkart,Automotive,Accessories,Boat Accessories Z558,Boat,2,4136,8272,5,7858.4,COD,Delivered,2,CUST1337,Ahana  Chopra,Male,15,Chennai,Tamil Nadu,3.5,,13.18,1373.17
ORD102233,18-11-2023,Amazon,Books,Books,Penguin Books S764,Penguin,2,2047,4094,10,3684.6,UPI,Cancelled,7,CUST7051,Alisha Joshi,Male,17,Noida,Uttar Pradesh,3.8,,5.99,717.56
ORD102238,14-09-2024,Myntra,Personal Care,Makeup,Lakme Makeup M702,Lakme,4,2760,11040,20,8832,COD,In Transit,2,CUST5847,Nirvi Kalita,Female,24,Howrah,West Bengal,1.2,,14.04,1959.08
ORD101106,20-02-2025,Amazon,Groceries,Essentials,Realme Essentials S534,Realme,3,4141,12423,0,12423,UPI,In Transit,2,CUST4954,Sara Raman,Female,31,Amritsar,Punjab,3.4,,5.76,624.3
ORD101789,15-10-2025,Flipkart,"Books, Sports & Gaming",Sporting Goods,Loreal Sporting Goods Z956,Loreal,1,3641,3641,10,3276.9,UPI,Delivered,4,CUST5519,Jayant Rattan,Male,57,Chennai,Tamil Nadu,2.5,,12.83,894.43
ORD103188,10-10-2025,Flipkart,Home & Furniture,Decor,HP Decor M646,HP,1,4240,4240,0,4240,Wallet,In Transit,1,CUST9066,Anvi Tandon,Female,60,Jaipur,Rajasthan,3.1,,13.14,1226.04
ORD102436,24-07-2023,Flipkart,"Books, Sports & Gaming",Gaming,Sony Gaming M971,Sony,1,38242,38242,20,30593.6,Debit Card,In Transit,9,CUST4102,Hridaan Savant,Female,51,Coimbatore,Tamil Nadu,3.9,,12.05,3680.21
ORD100611,17-05-2025,Amazon,Fashion,Jewelry,Voylla Jewelry X670,Voylla,3,20237,60711,5,57675.45,UPI,Delivered,6,CUST2540,Armaan Balakrishnan,Female,45,Coimbatore,Tamil Nadu,3.5,,5.14,10345.83
ORD103660,12-02-2025,Myntra,Personal Care,Makeup,Maybelline Makeup M865,Maybelline,3,1347,4041,20,3232.8,COD,Delivered,5,CUST5890,Ranbir Swamy,Male,37,Ahmedabad,Gujarat,1.7,,17.2,276.32
ORD103711,06-11-2023,Amazon,Home & Kitchen,Appliances,Samsung Appliances X922,Samsung,1,37859,37859,5,35966.05,UPI,Delivered,5,CUST9368,Eva Krishna,Female,31,Madurai,Tamil Nadu,4.1,,16.29,2962.76
ORD100576,16-07-2023,Myntra,Footwear,Casual,Campus Casual Z880,Campus,4,3662,14648,10,13183.2,Wallet,Delivered,7,CUST6166,Hrishita Baria,Male,30,Chennai,Tamil Nadu,1.6,,14.17,3459.68
ORD102063,23-11-2023,Max,Women's Fashion,Winter Wear,FabIndia Winter Wear M702,FabIndia,1,5029,5029,25,3771.75,Credit Card,Delivered,4,CUST1528,Vihaan Balakrishnan,Female,29,Pune,Maharashtra,2.7,,7.29,818.27
ORD104435,28-03-2023,Max,Kids' Fashion,Accessories,Portronics Accessories M700,Portronics,3,3957,11871,30,8309.7,Credit Card,Delivered,6,CUST2063,Adira Date,Female,17,Coimbatore,Tamil Nadu,2.8,,15.04,1497.44
ORD101180,23-11-2023,Amazon,Beauty & Personal Care,Grooming,Philips Grooming S123,Philips,2,645,1290,5,1225.5,UPI,Delivered,6,CUST7346,Ojas Suresh,Female,65,Noida,Uttar Pradesh,5,,16.94,363.59
ORD100888,29-10-2024,Amazon,Electronics,Cameras,Sony Cameras X745,Sony,1,55107,55107,5,52351.65,UPI,Delivered,3,CUST6058,Trisha Vohra,Female,39,Bengaluru,Karnataka,5,,16.6,7369.9
ORD103128,25-07-2023,Amazon,Home & Kitchen,Furniture,HomeTown Furniture Z664,HomeTown,2,44960,89920,5,85424,COD,Delivered,4,CUST6378,Nitara Dalal,Female,34,Noida,Uttar Pradesh,3.5,,7.83,23944.91
ORD101732,08-08-2024,Flipkart,Fashion,Apparel,JBL Apparel Z388,JBL,3,4175,12525,10,11272.5,Debit Card,Delivered,4,CUST1070,Tushar Bhatti,Female,16,Kanpur,Uttar Pradesh,3.4,,9.91,1232
ORD102663,03-04-2023,Flipkart,Electronics,Home Electronics,Levis Home Electronics M882,Levis,3,3205,9615,20,7692,UPI,Delivered,5,CUST7782,Divij Mallick,Female,54,New Delhi,Delhi,3.4,,17.35,1079.35
ORD100817,15-01-2023,Myntra,Accessories,Watches,Fastrack Watches M364,Fastrack,3,9538,28614,0,28614,UPI,Delivered,6,CUST1473,Nirvaan Magar,Female,29,Kozhikode,Kerala,2,,6.69,5477.09
ORD103277,29-08-2025,Flipkart,"Books, Sports & Gaming",Sporting Goods,Samsung Sporting Goods X406,Samsung,2,4276,8552,15,7269.2,UPI,Delivered,1,CUST8384,Zain Tank,Male,37,Coimbatore,Tamil Nadu,3.4,,6.7,1924.38
ORD101859,18-08-2025,Max,Women's Fashion,Bottoms,Campus Bottoms S713,Campus,1,4514,4514,10,4062.6,Credit Card,Delivered,2,CUST6652,Vidur Mane,Female,38,Surat,Gujarat,2.1,,10.02,578.78
ORD100208,27-08-2025,Myntra,Footwear,Formal,Red Tape Formal Z480,Red Tape,3,2814,8442,5,8019.9,UPI,Delivered,1,CUST1108,Vanya Ramanathan,Male,22,Kolkata,West Bengal,2.2,,17.38,1510.84
ORD100293,11-08-2024,Amazon,Groceries,Snacks,Lilliput Snacks M259,Lilliput,3,5631,16893,0,16893,UPI,Delivered,2,CUST9182,Gokul Kota,Male,16,Kolkata,West Bengal,4.5,,16.89,848.5
ORD101119,19-10-2024,Amazon,Home & Kitchen,Kitchenware,Hawkins Kitchenware Z538,Hawkins,2,5943,11886,0,11886,Credit Card,Delivered,3,CUST7549,Sahil Virk,Male,33,Mangalore,Karnataka,4,,7.03,1436.39
ORD102213,09-06-2025,Max,Men's Fashion,T-Shirts,FabIndia T-Shirts X710,FabIndia,3,1099,3297,5,3132.15,Debit Card,Delivered,3,CUST3130,Biju Kakar,Male,61,Ahmedabad,Gujarat,1.5,,12.04,677.42
ORD101609,08-12-2023,Max,Plus Size,Plus Bottoms,Sony Plus Bottoms Z832,Sony,2,4045,8090,0,8090,COD,Delivered,10,CUST7189,Devansh Majumdar,Male,30,Kolkata,West Bengal,2.6,,5.83,798.64
ORD101264,05-10-2023,Flipkart,Automotive,Accessories,Boat Accessories Z965,Boat,2,3884,7768,10,6991.2,Debit Card,Delivered,5,CUST3587,Devansh Hans,Female,22,Pune,Maharashtra,3.2,,10.38,1641.26
ORD100990,26-10-2024,Flipkart,Home & Furniture,Decor,Samsung Decor S147,Samsung,2,2714,5428,0,5428,Debit Card,Delivered,2,CUST2222,Vedika Dash,Female,49,Kolkata,West Bengal,3.1,,9.95,1400.76
ORD104197,11-04-2024,Flipkart,"Books, Sports & Gaming",Books,Penguin Books M347,Penguin,1,1871,1871,5,1777.45,UPI,Delivered,4,CUST2628,Jayesh Wason,Female,38,Ludhiana,Punjab,3,,5.82,518.3
ORD101616,27-06-2023,Amazon,Fashion,Bags,Baggit Bags M943,Baggit,3,1179,3537,30,2475.9,Wallet,Delivered,9,CUST8100,Nayantara Butala,Female,15,Pune,Maharashtra,3.3,,7.6,347
ORD100353,17-08-2025,Max,Kids' Fashion,Kids Apparel,Portronics Kids Apparel S616,Portronics,1,787,787,10,708.3,Debit Card,Delivered,5,CUST7181,Samarth Kuruvilla,Male,61,Chennai,Tamil Nadu,2.8,,10.33,109.31
ORD104557,31-12-2023,Max,Women's Fashion,Dresses,HRX Dresses Z899,HRX,2,2518,5036,15,4280.6,COD,Delivered,4,CUST4917,Indrans Bajwa,Male,15,Chennai,Tamil Nadu,2.2,,12.64,1039.67
ORD102022,26-07-2024,Myntra,Footwear,Casual,Campus Casual S220,Campus,1,3263,3263,5,3099.85,Debit Card,In Transit,6,CUST7157,Prerak Kar,Male,39,Chennai,Tamil Nadu,2.8,,10.83,901.69
ORD103690,25-12-2024,Flipkart,Beauty & Personal Care,Grooming,Philips Grooming S819,Philips,1,3917,3917,15,3329.45,UPI,Delivered,2,CUST4850,Gatik Sant,Female,45,Chennai,Tamil Nadu,3.5,,17.05,910.35
ORD102555,07-09-2023,Myntra,Personal Care,Haircare,Bata Haircare X127,Bata,4,1798,7192,20,5753.6,COD,Delivered,12,CUST2771,Vaibhav Gill,Female,50,Pune,Maharashtra,1.9,,6.36,831.26
ORD103048,25-05-2024,Flipkart,Fashion,Footwear,H&M Footwear Z705,H&M,4,1467,5868,30,4107.6,Credit Card,Delivered,3,CUST2972,Piya Hegde,Female,21,Pune,Maharashtra,2.6,,7.84,1186.51
ORD101228,18-04-2025,Myntra,Footwear,Sports,Dell Sports S108,Dell,1,4108,4108,10,3697.2,UPI,Delivered,2,CUST7383,Nishith Sachar,Male,16,Bengaluru,Karnataka,1.9,,8.46,372.08
ORD100259,14-05-2024,Amazon,Baby Products,Apparel,Home Centre Apparel Z510,Home Centre,3,4495,13485,10,12136.5,COD,Delivered,8,CUST2162,Zaina Sarma,Female,20,Kolkata,West Bengal,5,,5.5,2455.86
ORD101519,04-03-2025,Myntra,Home & Living,Furnishings,Home Centre Furnishings X442,Home Centre,2,3776,7552,20,6041.6,COD,Delivered,1,CUST2539,Dhanush Basak,Female,30,Mumbai,Maharashtra,2.4,,9.09,519.97
ORD101777,28-12-2024,Amazon,Sports & Outdoors,Outdoor Gear,Voylla Outdoor Gear Z487,Voylla,4,1664,6656,20,5324.8,Credit Card,Delivered,6,CUST1080,Nitara Viswanathan,Female,62,Chennai,Tamil Nadu,3.5,,9.3,867.67
ORD104739,24-08-2025,Amazon,Sports & Outdoors,Sportswear,Nike Sportswear Z955,Nike,3,8272,24816,25,18612,UPI,Delivered,5,CUST5556,Urvi Khalsa,Male,23,Mangalore,Karnataka,3.8,,14.85,2977.33
ORD101770,16-03-2024,Amazon,Home & Kitchen,Appliances,Samsung Appliances X272,Samsung,1,26905,26905,5,25559.75,Credit Card,Cancelled,2,CUST3810,Madhav Kalita,Male,62,Ahmedabad,Gujarat,4.5,,4.21,4654.23
ORD104353,17-09-2023,Flipkart,Electronics,Mobiles,Samsung Mobiles Z790,Samsung,1,75495,75495,0,75495,COD,In Transit,3,CUST7309,Hunar Grewal,Male,28,Ahmedabad,Gujarat,4.2,,9.61,4014.79
ORD100052,20-10-2024,Max,Women's Fashion,Winter Wear,Campus Winter Wear Z201,Campus,4,4195,16780,10,15102,Debit Card,Delivered,3,CUST9692,Sumer Bora,Female,18,Mangalore,Karnataka,2.2,,11.68,2288.57
ORD103473,01-03-2023,Flipkart,Electronics,Computers,Dell Computers S161,Dell,1,51573,51573,20,41258.4,COD,Delivered,3,CUST5688,Nakul Mahal,Female,22,Pune,Maharashtra,2,,5.26,6899.93
ORD104683,28-05-2025,Max,Men's Fashion,T-Shirts,Home Centre T-Shirts Z215,Home Centre,4,868,3472,20,2777.6,COD,In Transit,5,CUST6521,Tiya Lal,Female,54,Thiruvananthapuram,Kerala,1.8,,13.94,283.01
ORD104411,09-09-2023,Flipkart,Fashion,Apparel,LocalFarm Apparel M314,LocalFarm,3,1159,3477,40,2086.2,COD,Returned,3,CUST9002,Armaan Dube,Male,27,Kanpur,Uttar Pradesh,3.6,Other,15.39,286.84
ORD102409,31-03-2025,Myntra,Home & Living,Decor,Decathlon Decor M825,Decathlon,2,1152,2304,0,2304,UPI,Delivered,5,CUST6721,Priyansh Sur,Male,58,Kolkata,West Bengal,2.6,,16.77,428.45
ORD102787,22-05-2023,Amazon,Electronics,Cameras,Nikon Cameras M782,Nikon,1,52112,52112,5,49506.4,UPI,Delivered,7,CUST7003,Samiha Seshadri,Male,24,Vadodara,Gujarat,4.2,,16.92,2649.02
ORD102344,19-05-2023,Max,Accessories,Shoes,Adidas Shoes X964,Adidas,4,1832,7328,0,7328,Debit Card,Returned,5,CUST3573,Seher Divan,Female,28,Surat,Gujarat,1.2,Late delivery,8.43,644.33
ORD101033,20-02-2025,Amazon,Electronics,Cameras,Nikon Cameras S891,Nikon,1,25468,25468,15,21647.8,Credit Card,Delivered,5,CUST3521,Prisha Khanna,Male,64,Kozhikode,Kerala,4,,17.03,2462.87
ORD101097,24-02-2025,Amazon,Electronics,Cameras,Sony Cameras Z777,Sony,1,92552,92552,0,92552,UPI,Delivered,5,CUST4784,Nishith Gopal,Male,16,Bengaluru,Karnataka,3.4,,11.77,9291.38
ORD100543,03-02-2025,Myntra,Clothing,Western Wear,Roadster Western Wear S907,Roadster,4,4119,16476,20,13180.8,UPI,Delivered,1,CUST6201,Nehmat Agarwal,Male,25,Ahmedabad,Gujarat,1.8,,6.56,1305.06
ORD101046,12-04-2025,Amazon,Books,Books,HarperCollins Books S973,HarperCollins,1,354,354,0,354,COD,Returned,1,CUST2103,Aaina Kapur,Male,65,Jaipur,Rajasthan,4.2,,10.53,45.27
ORD101894,05-09-2023,Max,Men's Fashion,Bottoms,Nilkamal Bottoms S608,Nilkamal,1,4801,4801,20,3840.8,COD,Delivered,9,CUST5279,Mishti Chand,Male,26,Pune,Maharashtra,2.6,,10.45,405.39
ORD104376,10-04-2023,Myntra,Clothing,Kids Wear,Bata Kids Wear M629,Bata,4,1945,7780,40,4668,COD,Delivered,10,CUST8356,Taran Ravel,Female,45,Noida,Uttar Pradesh,3.5,,14.43,819.94
ORD100030,17-07-2024,Amazon,Baby Products,Diapers,Nike Diapers M332,Nike,2,2050,4100,10,3690,Wallet,Delivered,7,CUST5636,Nayantara Dara,Female,18,Amritsar,Punjab,3.2,,17.67,721.1
ORD100725,10-04-2023,Max,Accessories,Bags,Wildcraft Bags M742,Wildcraft,2,6057,12114,20,9691.2,COD,Delivered,10,CUST3203,Nitara Malhotra,Female,20,Mumbai,Maharashtra,2.9,,4.86,1733.59
ORD104961,23-03-2024,Amazon,Groceries,Fresh Produce,LocalFarm Fresh Produce X882,LocalFarm,3,1149,3447,0,3447,UPI,Returned,3,CUST2239,Lavanya Uppal,Male,24,Kolkata,West Bengal,4.3,Changed mind,10.18,125.74
ORD104718,25-06-2023,Myntra,Home & Living,Decor,H&M Decor M864,H&M,3,4755,14265,15,12125.25,UPI,Delivered,6,CUST6654,Eva Agrawal,Female,17,Chennai,Tamil Nadu,2.4,,5.49,1082.97
ORD103903,11-06-2025,Myntra,Clothing,Western Wear,Campus Sutra Western Wear M187,Campus Sutra,4,4580,18320,20,14656,UPI,Delivered,3,CUST4470,Ivan Sem,Female,21,Ahmedabad,Gujarat,1.7,,13.73,3358.97
ORD101426,07-06-2025,Flipkart,"Books, Sports & Gaming",Sporting Goods,Baggit Sporting Goods S106,Baggit,4,4201,16804,10,15123.6,UPI,Delivered,6,CUST7204,Ela Manne,Female,50,Amritsar,Punjab,2.9,,10.6,2970.59
ORD102497,27-01-2023,Amazon,Books,Stationery,Sparx Stationery M544,Sparx,3,765,2295,0,2295,COD,Delivered,6,CUST8353,Tara Kala,Male,16,Noida,Uttar Pradesh,5,,4.58,433.54
ORD100436,11-09-2024,Max,Kids' Fashion,Kids Apparel,HUL Kids Apparel M990,HUL,3,1686,5058,40,3034.8,UPI,Returned,4,CUST2743,Aaryahi Mani,Female,37,Vadodara,Gujarat,1.3,Other,13.2,822.3
ORD102470,08-03-2023,Amazon,Groceries,Fresh Produce,LocalFarm Fresh Produce Z705,LocalFarm,1,162,162,0,162,COD,Delivered,6,CUST2903,Aaina Iyer,Female,20,Kolkata,West Bengal,2.1,,16.58,9.55
ORD100912,05-06-2023,Flipkart,Home & Furniture,Household Essentials,Red Tape Household Essentials X761,Red Tape,4,3957,15828,15,13453.8,UPI,Delivered,7,CUST6492,Saanvi Chatterjee,Female,22,Surat,Gujarat,2.4,,4.6,2192.11
ORD104222,17-07-2025,Flipkart,Home & Furniture,Decor,Puma Decor S651,Puma,4,4289,17156,5,16298.2,Debit Card,Delivered,1,CUST2034,Kiaan Hans,Male,28,Coimbatore,Tamil Nadu,3.1,,16.9,4384.11
ORD104352,14-05-2025,Amazon,Electronics,Mobiles,Apple Mobiles M143,Apple,1,38113,38113,5,36207.35,UPI,Delivered,2,CUST3349,Nakul Sandal,Female,26,Noida,Uttar Pradesh,2.7,,16.95,2877.72
ORD104512,18-08-2025,Flipkart,Beauty & Personal Care,Makeup,Loreal Makeup S594,Loreal,2,2339,4678,0,4678,UPI,Delivered,6,CUST3226,Eshani Rajan,Female,37,Bengaluru,Karnataka,3.4,,14.07,526.86
ORD104443,18-04-2023,Amazon,Fashion,Watches,Fastrack Watches S384,Fastrack,4,10500,42000,0,42000,UPI,Delivered,6,CUST4016,Abram Goda,Male,40,Amritsar,Punjab,4.1,,12.73,7454.62
ORD102287,12-09-2024,Myntra,Footwear,Formal,Red Tape Formal X330,Red Tape,2,4197,8394,5,7974.3,Wallet,Delivered,8,CUST9228,Madhup Bahl,Female,60,Surat,Gujarat,1.4,,4.23,913.04
ORD104597,23-11-2024,Amazon,Home & Kitchen,Appliances,Samsung Appliances X656,Samsung,1,24283,24283,0,24283,Debit Card,Delivered,5,CUST1142,Pari Varghese,Male,58,Mumbai,Maharashtra,4,,16.4,5038.45
ORD101238,03-10-2023,Amazon,Electronics,Accessories,Boat Accessories Z514,Boat,3,5082,15246,20,12196.8,Credit Card,Delivered,9,CUST4432,Ishaan Ghosh,Female,26,New Delhi,Delhi,4.5,,17.44,1059.16
ORD100903,18-08-2024,Flipkart,Home & Furniture,Kitchen Appliances,H&M Kitchen Appliances S777,H&M,3,4218,12654,20,10123.2,COD,Delivered,2,CUST1268,Suhana Lala,Male,21,Pune,Maharashtra,4.2,,17.25,2590.55
ORD103620,13-06-2023,Flipkart,Beauty & Personal Care,Makeup,Maybelline Makeup S972,Maybelline,2,2658,5316,0,5316,COD,Returned,12,CUST3757,Aaina Apte,Female,62,Pune,Maharashtra,3,Other,17.3,1382.68
ORD103231,05-04-2025,Max,Men's Fashion,Shirts,H&M Shirts M670,H&M,1,709,709,15,602.65,UPI,Delivered,6,CUST8819,Renee Dara,Male,18,Pune,Maharashtra,2.5,,12.75,85.96
ORD102859,09-09-2023,Flipkart,Home & Furniture,Decor,Zara Decor X136,Zara,2,4413,8826,10,7943.4,COD,Delivered,6,CUST5609,Pari Madan,Female,61,Ahmedabad,Gujarat,5,,13.33,1279.83
ORD100507,15-02-2023,Amazon,Sports & Outdoors,Fitness,HRX Fitness Z986,HRX,3,2049,6147,10,5532.3,Wallet,Delivered,8,CUST4547,Nirvi Shroff,Male,41,Kolkata,West Bengal,4,,16.92,1547.05
ORD103221,06-07-2024,Myntra,Home & Living,Furnishings,Portico Furnishings X577,Portico,1,5442,5442,0,5442,COD,Returned,3,CUST1906,Raunak Bal,Female,17,Pune,Maharashtra,1.9,Other,15.29,1402.99
ORD100183,01-07-2023,Max,Women's Fashion,Tops,IFB Tops X892,IFB,4,490,1960,10,1764,COD,Delivered,3,CUST3536,Ivan Devan,Female,32,Mumbai,Maharashtra,1.7,,8.63,416.54
ORD101564,09-09-2023,Amazon,Home & Kitchen,Kitchenware,Hawkins Kitchenware M253,Hawkins,2,4008,8016,5,7615.2,COD,Returned,6,CUST5104,Aarush Bal,Female,17,Chennai,Tamil Nadu,3.4,Other,4.31,1887.23
ORD102704,04-02-2024,Amazon,Home & Kitchen,Home Decor,FabIndia Home Decor X861,FabIndia,3,964,2892,0,2892,COD,Delivered,8,CUST8539,Kartik Mahajan,Female,24,Mumbai,Maharashtra,4.4,,14.88,370.48
ORD100321,28-07-2025,Myntra,Footwear,Formal,Red Tape Formal Z746,Red Tape,1,5456,5456,5,5183.2,UPI,Returned,4,CUST4857,Bhavin Loke,Female,26,Mangalore,Karnataka,2.7,Changed mind,8.21,1482.35
ORD103563,04-01-2023,Flipkart,Electronics,Home Electronics,Roadster Home Electronics Z240,Roadster,2,4764,9528,10,8575.2,Credit Card,Delivered,9,CUST4855,Advik Cheema,Male,19,Ahmedabad,Gujarat,3.5,,6.65,441.67
ORD101538,22-04-2025,Max,Men's Fashion,Bottoms,Realme Bottoms X249,Realme,1,5633,5633,0,5633,UPI,Delivered,3,CUST4415,Aayush Bora,Female,23,Noida,Uttar Pradesh,2.7,,15.26,1296.58
ORD101837,14-05-2023,Myntra,Clothing,Kids Wear,Microsoft Kids Wear X549,Microsoft,4,963,3852,0,3852,COD,Delivered,9,CUST6195,Shamik Brahmbhatt,Female,64,Ahmedabad,Gujarat,2.5,,9.29,793.01
ORD102380,02-06-2025,Myntra,Home & Living,Decor,Red Tape Decor S588,Red Tape,1,3821,3821,25,2865.75,UPI,In Transit,1,CUST5022,Vidur Jani,Male,45,New Delhi,Delhi,2.5,,7.86,621.58
ORD101912,21-02-2024,Amazon,Home & Kitchen,Appliances,Samsung Appliances M281,Samsung,1,27420,27420,0,27420,Wallet,Delivered,6,CUST2749,Myra Kara,Female,25,Kolkata,West Bengal,4.1,,17.83,2869.86
ORD101840,13-07-2025,Myntra,Home & Living,Furnishings,Portico Furnishings M391,Portico,2,2689,5378,5,5109.1,UPI,In Transit,1,CUST8178,Yakshit Lall,Female,30,Bengaluru,Karnataka,2.2,,8.01,1239.86
ORD102115,12-07-2024,Myntra,Clothing,Ethnic Wear,FabIndia Ethnic Wear X779,FabIndia,2,3192,6384,10,5745.6,COD,Delivered,4,CUST9865,Rati Bath,Female,22,Madurai,Tamil Nadu,1.7,,9.07,822.35
ORD104437,26-01-2023,Max,Men's Fashion,T-Shirts,Maybelline T-Shirts M561,Maybelline,2,3438,6876,20,5500.8,COD,Delivered,4,CUST4124,Riya Bakshi,Male,57,Bengaluru,Karnataka,1.9,,16.39,764.76
ORD101146,22-01-2024,Amazon,Electronics,Cameras,Canon Cameras X624,Canon,1,56264,56264,0,56264,UPI,Returned,5,CUST1959,Kanav Ganesh,Male,22,Pune,Maharashtra,3.2,,11.84,4999.02
ORD102486,08-01-2025,Max,Men's Fashion,Bottoms,Nike Bottoms X938,Nike,2,1358,2716,30,1901.2,UPI,Delivered,5,CUST9462,Eshani Ranganathan,Male,15,Kolkata,West Bengal,3,,4.92,332.42
ORD100044,25-08-2025,Amazon,Groceries,Essentials,Dell Essentials Z952,Dell,2,5746,11492,15,9768.2,UPI,Delivered,3,CUST5497,Onkar Mahal,Female,24,Mumbai,Maharashtra,4.7,,17.69,614.53
ORD102154,11-04-2025,Flipkart,Grocery,Fresh,LG Fresh S612,LG,2,3193,6386,0,6386,UPI,Delivered,5,CUST4655,Adira Lad,Female,52,Bengaluru,Karnataka,3.4,,6.25,360.83
ORD101526,01-02-2025,Amazon,Books,Books,HarperCollins Books S757,HarperCollins,3,1197,3591,10,3231.9,UPI,Returned,3,CUST9588,Mohanlal Raju,Female,54,Ahmedabad,Gujarat,4.2,Size issue,11.83,364.39
ORD104855,05-04-2025,Amazon,Fashion,Shoes,Puma Shoes M571,Puma,4,7713,30852,25,23139,Credit Card,Delivered,3,CUST5283,Mohanlal Kapur,Female,39,New Delhi,Delhi,3.6,,11.72,4479.83
ORD101378,04-09-2023,Amazon,Home & Kitchen,Home Decor,FabIndia Home Decor Z826,FabIndia,3,5525,16575,15,14088.75,UPI,Delivered,6,CUST1493,Arhaan Loke,Male,34,Noida,Uttar Pradesh,2.7,,14.75,1565.82
ORD101765,21-01-2023,Flipkart,Automotive,Spare Parts,FabIndia Spare Parts S862,FabIndia,4,8236,32944,15,28002.4,COD,Delivered,6,CUST7347,Hridaan Chaudhary,Male,24,Mumbai,Maharashtra,4,,4.23,5653.8
ORD103012,28-08-2024,Myntra,Accessories,Wallets,LG Wallets Z300,LG,3,4608,13824,10,12441.6,UPI,Delivered,7,CUST3265,Purab Bansal,Female,23,Coimbatore,Tamil Nadu,1.6,,7,1977.18
ORD100413,03-07-2023,Max,Women's Fashion,Bottoms,HUL Bottoms M747,HUL,2,413,826,5,784.7,UPI,Delivered,9,CUST2468,Indrajit Rajan,Female,58,Kolkata,West Bengal,2.9,,14.86,233.88
ORD104284,21-02-2024,Flipkart,Electronics,Home Electronics,Lakme Home Electronics S888,Lakme,3,5131,15393,0,15393,UPI,Delivered,4,CUST6002,Anvi Choudhary,Female,16,Kochi,Kerala,3.5,,6.13,2128.71
ORD101407,02-12-2024,Amazon,Books,Stationery,Red Tape Stationery Z597,Red Tape,1,1076,1076,0,1076,UPI,Delivered,6,CUST2941,Ayesha Hegde,Male,46,Chennai,Tamil Nadu,4.8,,10.16,206.29
ORD101658,25-06-2025,Myntra,Personal Care,Fragrances,HarperCollins Fragrances M749,HarperCollins,2,1836,3672,20,2937.6,Debit Card,Delivered,6,CUST3112,Lavanya Sampath,Male,45,Bengaluru,Karnataka,1.9,,15.51,710
ORD100801,17-09-2024,Flipkart,Electronics,Home Electronics,Microsoft Home Electronics M204,Microsoft,4,3583,14332,5,13615.4,UPI,In Transit,5,CUST7792,Neysa Atwal,Male,61,New Delhi,Delhi,2.3,,12.26,1893.5
ORD101288,23-07-2024,Amazon,Books,Stationery,HRX Stationery X492,HRX,4,1883,7532,5,7155.4,Credit Card,Returned,5,CUST1644,Ivan Thakur,Male,34,Kolkata,West Bengal,4.5,Late delivery,8.87,1154.43
ORD102182,11-10-2024,Amazon,Electronics,Accessories,Portronics Accessories Z366,Portronics,4,283,1132,10,1018.8,COD,Delivered,6,CUST2382,Amira Doshi,Male,18,Ahmedabad,Gujarat,3.2,,5.59,103.99
ORD102588,21-01-2025,Amazon,Baby Products,Apparel,Wildcraft Apparel S487,Wildcraft,1,2183,2183,0,2183,UPI,Delivered,6,CUST9340,Gatik Deshpande,Female,18,Bengaluru,Karnataka,3.6,,6.71,225.79
ORD102615,04-09-2025,Max,Kids' Fashion,Kids Apparel,Penguin Kids Apparel S800,Penguin,2,3744,7488,15,6364.8,UPI,Delivered,3,CUST8221,Ivana Choudhury,Female,58,Ahmedabad,Gujarat,1.6,,16.85,1538.35
ORD102318,06-03-2025,Max,Women's Fashion,Bottoms,Lilliput Bottoms S144,Lilliput,1,1232,1232,10,1108.8,Credit Card,Delivered,5,CUST3251,Inaaya  Saraf,Male,23,Nagpur,Maharashtra,2.1,,5.37,158.95
ORD100256,15-02-2025,Amazon,Beauty & Personal Care,Grooming,HUL Grooming S275,HUL,3,4495,13485,10,12136.5,UPI,Delivered,5,CUST5440,Ritvik Kapoor,Male,23,Pune,Maharashtra,3.9,,11.6,2437.74
ORD104541,27-04-2025,Myntra,Personal Care,Fragrances,Boat Fragrances Z696,Boat,2,4191,8382,20,6705.6,Debit Card,Returned,6,CUST2316,Mannat Hans,Male,60,Jaipur,Rajasthan,1,Changed mind,14.08,679.76
ORD101729,09-09-2025,Amazon,Electronics,Cameras,Sony Cameras M144,Sony,1,47224,47224,10,42501.6,UPI,Delivered,6,CUST7792,Jayesh Raj,Female,17,Ahmedabad,Gujarat,3.3,,9.83,6874.57
ORD101151,27-01-2024,Flipkart,"Books, Sports & Gaming",Books,Penguin Books X528,Penguin,3,1757,5271,25,3953.25,COD,Delivered,2,CUST6870,Madhup Rao,Female,19,Mumbai,Maharashtra,3.8,,8.23,994.84
ORD104144,01-04-2025,Amazon,Home & Kitchen,Kitchenware,Prestige Kitchenware S330,Prestige,3,5087,15261,15,12971.85,UPI,Delivered,2,CUST9942,Onkar Madan,Female,47,Bengaluru,Karnataka,3.9,,6.13,1621.83
ORD100647,29-10-2024,Flipkart,"Books, Sports & Gaming",Books,Penguin Books M117,Penguin,4,1482,5928,5,5631.6,UPI,Delivered,4,CUST8427,Saanvi Gera,Female,19,Mangalore,Karnataka,2.6,,10.38,695.57
ORD102908,11-04-2023,Max,Men's Fashion,Winter Wear,Tanishq Winter Wear M265,Tanishq,2,1260,2520,15,2142,COD,Delivered,4,CUST4126,Ishaan Vasa,Female,37,Noida,Uttar Pradesh,2.5,,15.87,340.34
ORD101702,12-10-2025,Flipkart,"Books, Sports & Gaming",Sporting Goods,W Sporting Goods M776,W,3,1315,3945,10,3550.5,UPI,Delivered,3,CUST5474,Devansh Lad,Female,17,Kolkata,West Bengal,3.9,,5.72,994.73
ORD101881,25-05-2024,Amazon,Home & Kitchen,Home Decor,FabIndia Home Decor Z935,FabIndia,4,5052,20208,10,18187.2,UPI,Delivered,6,CUST9586,Anahita Sarma,Female,65,Ahmedabad,Gujarat,4.7,,10.5,5106.79
ORD103768,13-09-2023,Myntra,Personal Care,Haircare,JBL Haircare X436,JBL,4,4755,19020,15,16167,Debit Card,Delivered,3,CUST5102,Ira Bobal,Female,15,Thiruvananthapuram,Kerala,1.4,,16.02,3320.75
ORD101315,30-07-2025,Max,Plus Size,Plus Tops,Wildcraft Plus Tops S878,Wildcraft,3,3411,10233,10,9209.7,UPI,Delivered,6,CUST2881,Shalv Batra,Male,20,Kozhikode,Kerala,1.8,,12.08,1364.29
ORD102269,04-09-2025,Myntra,Clothing,Kids Wear,Bata Kids Wear Z213,Bata,4,3794,15176,10,13658.4,UPI,Delivered,3,CUST6549,Eshani Sant,Female,32,Pune,Maharashtra,2.6,,8.51,3285.16
ORD101966,06-08-2023,Amazon,Electronics,Accessories,JBL Accessories S496,JBL,3,4103,12309,25,9231.75,UPI,Returned,7,CUST8501,Chirag Kakar,Male,54,Noida,Uttar Pradesh,3.9,Changed mind,11.55,1563.23
ORD102465,18-04-2025,Flipkart,Fashion,Apparel,Nike Apparel S849,Nike,4,636,2544,25,1908,Credit Card,Delivered,1,CUST3780,Kaira Dhillon,Female,42,Ahmedabad,Gujarat,2.8,,13.41,307.37
ORD103855,15-05-2023,Flipkart,"Books, Sports & Gaming",Gaming,Sony Gaming Z125,Sony,1,4597,4597,0,4597,COD,Delivered,5,CUST9689,Nishith Chakraborty,Male,44,Vadodara,Gujarat,3.7,,11.73,1074.92
ORD101350,17-04-2024,Amazon,Fashion,Jewelry,Voylla Jewelry X370,Voylla,1,42066,42066,0,42066,COD,Delivered,8,CUST7697,Dhanuk Chopra,Female,17,Mumbai,Maharashtra,4.3,,5.7,10419.38
ORD103296,25-07-2025,Amazon,Electronics,Mobiles,OnePlus Mobiles X617,OnePlus,1,44280,44280,5,42066,UPI,Delivered,2,CUST2935,Nitya Sarraf,Male,53,Nagpur,Maharashtra,4.4,,4.55,5457.4
ORD100112,19-05-2024,Amazon,Home & Kitchen,Kitchenware,Hawkins Kitchenware Z442,Hawkins,1,3542,3542,20,2833.6,Credit Card,Delivered,5,CUST7224,Aarav Lal,Female,30,Kolkata,West Bengal,4.6,,17.28,433.79
ORD103133,29-01-2024,Flipkart,Grocery,Fresh,JBL Fresh Z932,JBL,3,5206,15618,5,14837.1,UPI,Delivered,4,CUST1697,Priyansh Tara,Male,17,Kolkata,West Bengal,2.6,,13.6,1158.16
ORD100263,18-09-2025,Amazon,Books,Books,HarperCollins Books M960,HarperCollins,4,1290,5160,5,4902,UPI,Delivered,5,CUST3278,Neysa Sama,Female,53,Bengaluru,Karnataka,4.2,,6.96,494.17
ORD101393,01-07-2024,Amazon,Home & Kitchen,Home Decor,FabIndia Home Decor Z422,FabIndia,3,352,1056,20,844.8,UPI,Delivered,6,CUST4068,Hiran Seth,Male,25,Bengaluru,Karnataka,3.6,,8.66,209.92
ORD101878,24-01-2024,Amazon,Electronics,Accessories,Boat Accessories X105,Boat,1,2853,2853,10,2567.7,COD,Delivered,5,CUST6930,Zoya Gara,Female,15,Mumbai,Maharashtra,4.6,,8.68,165.15
ORD101186,14-08-2023,Amazon,Fashion,Clothing,Roadster Clothing S585,Roadster,2,339,678,20,542.4,UPI,Delivered,11,CUST6053,Aayush Sani,Female,34,Pune,Maharashtra,3.9,,11.81,161.22
ORD103071,15-10-2024,Flipkart,Electronics,Computers,Asus Computers Z879,Asus,1,112341,112341,0,112341,UPI,Delivered,8,CUST3239,Dhanush Sachdeva,Male,18,Bengaluru,Karnataka,2.3,,17.27,12858.13
ORD100056,26-12-2023,Amazon,Home & Kitchen,Kitchenware,Prestige Kitchenware X378,Prestige,1,6951,6951,0,6951,COD,Delivered,8,CUST3579,Jayant Joshi,Male,15,Kolkata,West Bengal,4.3,,5.19,636.53
ORD101309,13-05-2025,Flipkart,Beauty & Personal Care,Makeup,Lakme Makeup X875,Lakme,1,730,730,0,730,UPI,In Transit,4,CUST8193,Vaibhav Ganesan,Female,59,Ahmedabad,Gujarat,3.3,,16.36,201.39
ORD100695,06-12-2023,Amazon,Beauty & Personal Care,Makeup,Lakme Makeup Z702,Lakme,3,2513,7539,0,7539,COD,Delivered,3,CUST6046,Riya Sen,Female,48,Bengaluru,Karnataka,4.3,,8.67,1217.43
ORD102952,16-11-2023,Amazon,Home & Kitchen,Furniture,Ikea Furniture Z860,Ikea,2,38739,77478,0,77478,COD,Delivered,5,CUST6876,Yasmin Raju,Male,22,Kanpur,Uttar Pradesh,4.6,,12.25,16460.73
ORD101726,19-09-2023,Flipkart,Electronics,Mobiles,Xiaomi Mobiles X860,Xiaomi,1,58345,58345,5,55427.75,COD,Delivered,10,CUST7938,Raghav Tella,Male,30,Chennai,Tamil Nadu,4.1,,12.62,8200.27
ORD102091,01-08-2025,Amazon,Electronics,Accessories,JBL Accessories X952,JBL,4,3091,12364,0,12364,Debit Card,Delivered,3,CUST9562,Indrajit Ramaswamy,Male,22,Mangalore,Karnataka,4.5,,12.84,1564.13
ORD103869,12-06-2023,Flipkart,Electronics,Mobiles,Apple Mobiles M133,Apple,1,43629,43629,15,37084.65,UPI,Returned,6,CUST6801,Vihaan Chandra,Male,17,Mumbai,Maharashtra,3.4,Late delivery,11.75,2494.28
ORD100319,11-11-2024,Myntra,Home & Living,Decor,Bata Decor M550,Bata,1,3540,3540,10,3186,Credit Card,Delivered,7,CUST3363,Jayant Golla,Female,53,Pune,Maharashtra,1.8,,7.3,551.28
ORD104320,01-06-2025,Max,Plus Size,Plus Bottoms,Adidas Plus Bottoms M136,Adidas,4,668,2672,10,2404.8,UPI,Returned,4,CUST4933,Vaibhav Varughese,Female,58,Kozhikode,Kerala,3.5,Changed mind,10.36,346.36
ORD100682,30-03-2025,Amazon,Books,Stationery,OnePlus Stationery Z473,OnePlus,4,2101,8404,0,8404,UPI,Delivered,3,CUST9698,Aradhya Kamdar,Female,28,Kolkata,West Bengal,3.8,,15.95,1322.8
ORD103841,05-03-2024,Amazon,Beauty & Personal Care,Makeup,Maybelline Makeup Z687,Maybelline,1,1124,1124,0,1124,COD,Delivered,3,CUST1148,Pihu Wable,Female,27,Mysuru,Karnataka,4.6,,5.68,283.36
ORD103213,30-04-2024,Amazon,Beauty & Personal Care,Makeup,Lakme Makeup Z377,Lakme,3,2649,7947,5,7549.65,UPI,In Transit,7,CUST6650,Mehul Soni,Male,44,Coimbatore,Tamil Nadu,4.4,,16.14,812.57
ORD102002,09-03-2025,Max,Accessories,Seasonal,Nike Seasonal X383,Nike,3,2924,8772,10,7894.8,Wallet,Returned,2,CUST6366,Nirvaan Bhattacharyya,Female,25,New Delhi,Delhi,1.9,Defective,14.18,784.16
ORD104782,09-01-2024,Max,Women's Fashion,Bottoms,Nike Bottoms S439,Nike,4,316,1264,15,1074.4,COD,Delivered,5,CUST2891,Mishti Yadav,Male,51,Kanpur,Uttar Pradesh,2,,4.57,207.53
ORD104150,04-10-2023,Amazon,Beauty & Personal Care,Healthcare,Patanjali Healthcare M703,Patanjali,2,738,1476,5,1402.2,UPI,Delivered,6,CUST6145,Anaya Srinivas,Female,52,Kolkata,West Bengal,4.2,,15.27,417.2
ORD100286,30-09-2025,Amazon,Baby Products,Feeding Supplies,Samsung Feeding Supplies X591,Samsung,4,4721,18884,10,16995.6,UPI,In Transit,1,CUST4916,Tushar Dhar,Male,27,Surat,Gujarat,4,,7.05,2699.74
ORD101888,18-02-2025,Max,Women's Fashion,Winter Wear,Wildcraft Winter Wear X875,Wildcraft,1,2669,2669,25,2001.75,UPI,In Transit,2,CUST5761,Khushi Thaman,Female,25,Surat,Gujarat,1,,13.15,570.29
ORD102337,22-11-2023,Amazon,Baby Products,Diapers,Nikon Diapers Z261,Nikon,2,569,1138,10,1024.2,COD,Delivered,4,CUST5482,Renee Kakar,Female,21,Kolkata,West Bengal,5,,8.04,263.77
ORD102520,26-10-2024,Flipkart,Home & Furniture,Household Essentials,Sony Household Essentials X620,Sony,1,2947,2947,5,2799.65,UPI,Delivered,7,CUST1436,Nishith Bhattacharyya,Male,41,Nagpur,Maharashtra,3.2,,6.64,429.27
ORD102277,27-09-2025,Amazon,Groceries,Snacks,Nilkamal Snacks X557,Nilkamal,2,3625,7250,5,6887.5,UPI,Delivered,6,CUST6464,Dharmajan Chokshi,Male,25,New Delhi,Delhi,4.7,,10.46,258.44
ORD102127,12-04-2024,Myntra,Clothing,Kids Wear,Sony Kids Wear M534,Sony,3,2757,8271,20,6616.8,UPI,Delivered,8,CUST7908,Riya Varkey,Female,21,Chennai,Tamil Nadu,1,,16.66,1634.78
ORD103499,10-10-2024,Myntra,Footwear,Formal,Red Tape Formal M465,Red Tape,2,4360,8720,10,7848,UPI,Delivered,6,CUST3229,Rohan Basak,Female,30,Surat,Gujarat,2.7,,6.22,1480.92
ORD104211,26-06-2025,Amazon,Home & Kitchen,Appliances,IFB Appliances Z465,IFB,1,5558,5558,5,5280.1,UPI,Delivered,6,CUST9588,Kiaan Choudhary,Male,37,Mysuru,Karnataka,4.7,,10.22,838.54
ORD102083,07-08-2023,Amazon,Groceries,Fresh Produce,LocalFarm Fresh Produce S879,LocalFarm,4,526,2104,0,2104,COD,Delivered,8,CUST3088,Anya Chand,Female,51,Howrah,West Bengal,3.4,,7.94,141.79
ORD100736,06-09-2023,Amazon,Fashion,Shoes,Nike Shoes M896,Nike,2,4412,8824,20,7059.2,UPI,Delivered,3,CUST9656,Elakshi Lanka,Female,35,Kozhikode,Kerala,4,,14.04,1136.65
ORD104801,29-07-2025,Myntra,Personal Care,Fragrances,BigBasket Fragrances S139,BigBasket,3,758,2274,15,1932.9,Wallet,Delivered,1,CUST5397,Rohan Chaudhary,Male,21,Pune,Maharashtra,2.1,,7.59,516.69
ORD100336,18-09-2023,Flipkart,Automotive,Accessories,Boat Accessories M992,Boat,2,4245,8490,0,8490,COD,Delivered,10,CUST4066,Mehul Som,Male,33,Bengaluru,Karnataka,3.2,,15.31,1316.74
ORD102596,28-04-2024,Myntra,Footwear,Casual,Campus Casual Z422,Campus,2,3356,6712,30,4698.4,Credit Card,Returned,4,CUST8138,Ela Bandi,Female,43,New Delhi,Delhi,1.1,Size issue,10.88,1406.78
ORD102771,30-04-2023,Amazon,Home & Kitchen,Kitchenware,Prestige Kitchenware S177,Prestige,1,6490,6490,15,5516.5,Debit Card,Delivered,12,CUST4311,Lakshay Bava,Male,31,Mumbai,Maharashtra,3.8,,5.85,1185.68
ORD103704,02-11-2023,Myntra,Personal Care,Skincare,Nike Skincare Z153,Nike,1,3283,3283,15,2790.55,Debit Card,Delivered,4,CUST8001,Dharmajan Balan,Female,40,Pune,Maharashtra,2.6,,13.85,675.85
ORD104404,02-08-2023,Amazon,Groceries,Gourmet Foods,Prestige Gourmet Foods M153,Prestige,1,2752,2752,0,2752,COD,Delivered,9,CUST9283,Vritika Andra,Female,34,Kanpur,Uttar Pradesh,3.7,,12.38,110.56
ORD101071,10-02-2023,Amazon,Home & Kitchen,Appliances,IFB Appliances S329,IFB,1,21554,21554,15,18320.9,Wallet,Delivered,5,CUST4879,Nayantara Master,Male,44,Ahmedabad,Gujarat,3.4,,7.62,3236.3
ORD102290,06-12-2023,Myntra,Clothing,Ethnic Wear,Biba Ethnic Wear S274,Biba,3,2221,6663,10,5996.7,Credit Card,Delivered,10,CUST8638,Siya Bhakta,Male,57,Mumbai,Maharashtra,1.9,,15.18,1566.33
ORD101672,31-10-2023,Myntra,Footwear,Formal,Red Tape Formal M908,Red Tape,2,3674,7348,40,4408.8,COD,Delivered,10,CUST6913,Nirvaan Behl,Male,30,Noida,Uttar Pradesh,1.3,,9.03,1145.15
ORD104083,07-10-2023,Amazon,Baby Products,Apparel,Only Apparel M985,Only,3,2438,7314,10,6582.6,Debit Card,Delivered,7,CUST1169,Nirvaan Chadha,Female,39,Howrah,West Bengal,3.8,,6.74,1060.87
ORD104250,23-10-2024,Myntra,Clothing,Western Wear,Roadster Western Wear S845,Roadster,1,573,573,20,458.4,COD,Delivered,2,CUST2369,Keya Tailor,Female,30,Kanpur,Uttar Pradesh,2.2,,17.53,92.77
ORD104113,23-07-2024,Amazon,Books,Stationery,Fastrack Stationery X516,Fastrack,2,245,490,10,441,UPI,Delivered,5,CUST1642,Jivika Wagle,Female,28,Mumbai,Maharashtra,4.7,,14.54,53.07
ORD104408,04-10-2024,Amazon,Beauty & Personal Care,Healthcare,Patanjali Healthcare M528,Patanjali,4,227,908,10,817.2,COD,Delivered,5,CUST4477,Nitya Vohra,Female,32,Noida,Uttar Pradesh,4,,5.8,112.72
ORD103366,07-07-2024,Myntra,Personal Care,Skincare,Tanishq Skincare M775,Tanishq,4,4344,17376,5,16507.2,UPI,Delivered,5,CUST8383,Piya Venkataraman,Male,34,Pune,Maharashtra,1.9,,9.11,3103.84
ORD101488,06-02-2025,Amazon,Electronics,Computers,Lenovo Computers X494,Lenovo,1,49127,49127,5,46670.65,UPI,In Transit,2,CUST9879,Zain Bahri,Male,38,Pune,Maharashtra,4.9,,15.99,2907.95
ORD100498,20-10-2023,Amazon,Home & Kitchen,Kitchenware,Prestige Kitchenware Z612,Prestige,1,2147,2147,15,1824.95,Debit Card,Delivered,11,CUST9653,Vanya Thaman,Male,15,Chennai,Tamil Nadu,4.6,,13.55,530.52
ORD104382,24-06-2024,Myntra,Clothing,Western Wear,Roadster Western Wear M268,Roadster,3,2367,7101,10,6390.9,UPI,Delivered,2,CUST8111,Kiara Gala,Female,59,Bengaluru,Karnataka,1.4,,17.03,1664.43
ORD103479,26-05-2023,Myntra,Home & Living,Decor,Samsung Decor S239,Samsung,4,4070,16280,10,14652,Debit Card,In Transit,3,CUST2399,Dhanuk Jayaraman,Male,37,Surat,Gujarat,2.1,,17.11,3567.77
ORD102581,26-03-2024,Flipkart,Electronics,Computers,Dell Computers M722,Dell,1,149685,149685,15,127232.25,UPI,Delivered,8,CUST2001,Vaibhav Gera,Female,38,Bengaluru,Karnataka,3.1,,13.8,22426.18
ORD103123,30-08-2023,Flipkart,"Books, Sports & Gaming",Sporting Goods,Puma Sporting Goods X290,Puma,1,329,329,5,312.55,COD,Delivered,12,CUST8779,Sana Hora,Female,43,Kochi,Kerala,2.6,,6.87,48.42
ORD102921,28-02-2024,Amazon,Books,Stationery,Dell Stationery S495,Dell,2,1200,2400,15,2040,COD,Delivered,5,CUST8003,Rasha Aurora,Female,27,Surat,Gujarat,5,,7.41,373.39
ORD104377,12-07-2025,Myntra,Accessories,Watches,Titan Watches Z541,Titan,2,2416,4832,30,3382.4,UPI,Delivered,5,CUST9162,Hridaan Kade,Female,43,Mumbai,Maharashtra,2.2,,7.13,934.3
ORD102644,19-03-2023,Flipkart,Electronics,Computers,Asus Computers X941,Asus,1,96056,96056,5,91253.2,COD,Delivered,9,CUST3708,Navya Kalita,Female,38,Bengaluru,Karnataka,3.7,,12.53,10872.26
ORD104286,25-05-2023,Flipkart,Beauty & Personal Care,Makeup,Lakme Makeup M696,Lakme,4,343,1372,0,1372,COD,Delivered,7,CUST2860,Dhruv Sangha,Male,54,Pune,Maharashtra,3.6,,7.68,280.83
ORD104040,07-01-2023,Max,Kids' Fashion,Accessories,Boat Accessories S941,Boat,2,4199,8398,25,6298.5,UPI,Returned,11,CUST6653,Neelofar Shukla,Female,50,Chennai,Tamil Nadu,1,Late delivery,6.18,1845.5
ORD102034,26-05-2023,Max,Kids' Fashion,Accessories,JBL Accessories Z402,JBL,1,2346,2346,20,1876.8,COD,Delivered,4,CUST8684,Yashvi Khurana,Female,15,Pune,Maharashtra,2.5,,14.12,443.59
ORD101022,31-05-2023,Max,Women's Fashion,Tops,HomeTown Tops X866,HomeTown,1,322,322,30,225.4,UPI,In Transit,9,CUST5522,Pari Setty,Female,59,Noida,Uttar Pradesh,1.9,,14.02,37.33
ORD102282,08-08-2024,Amazon,Books,Stationery,Tanishq Stationery S315,Tanishq,2,1631,3262,0,3262,UPI,Delivered,7,CUST3234,Mahika Sheth,Female,30,Howrah,West Bengal,4.3,,17,371.82
ORD104886,21-03-2024,Amazon,Sports & Outdoors,Fitness,Decathlon Fitness X100,Decathlon,1,28164,28164,0,28164,UPI,Delivered,2,CUST3569,Sahil Goel,Male,18,Chennai,Tamil Nadu,4.9,,6.42,4622
ORD104219,12-03-2025,Myntra,Personal Care,Fragrances,Red Tape Fragrances M854,Red Tape,3,1877,5631,5,5349.45,UPI,Delivered,2,CUST8133,Parinaaz Bawa,Male,57,Pune,Maharashtra,1.6,,11.77,564
ORD103063,09-07-2023,Amazon,Baby Products,Feeding Supplies,Penguin Feeding Supplies S762,Penguin,2,5432,10864,10,9777.6,COD,Delivered,12,CUST4166,Vaibhav Dani,Male,22,New Delhi,Delhi,4.1,,15.91,2704.67
ORD104365,12-09-2024,Myntra,Footwear,Casual,Campus Casual S864,Campus,1,2299,2299,10,2069.1,Debit Card,Delivered,5,CUST9115,Damini Mandal,Female,52,Kanpur,Uttar Pradesh,2.2,,11.64,294.68
ORD100665,09-09-2023,Myntra,Clothing,Western Wear,Campus Sutra Western Wear X614,Campus Sutra,1,2539,2539,15,2158.15,Credit Card,Delivered,4,CUST1462,Indranil Kari,Female,30,Kanpur,Uttar Pradesh,2,,4.14,233.61
ORD103932,14-12-2023,Myntra,Accessories,Jewelry,Tanishq Jewelry X734,Tanishq,4,9347,37388,20,29910.4,COD,Delivered,10,CUST8640,Nakul Gupta,Female,24,New Delhi,Delhi,1.5,,13.13,8827.97
ORD102638,24-01-2025,Amazon,Electronics,Accessories,Boat Accessories Z897,Boat,2,4945,9890,0,9890,UPI,Delivered,2,CUST6633,Anahita Johal,Male,24,Lucknow,Uttar Pradesh,2.9,,9.21,641.89
ORD103176,07-08-2025,Flipkart,Electronics,Home Electronics,Canon Home Electronics M288,Canon,2,5184,10368,0,10368,COD,Delivered,2,CUST6367,Amira Guha,Male,17,Surat,Gujarat,3,,15.24,830.42
ORD104265,08-03-2023,Amazon,Baby Products,Diapers,W Diapers M443,W,1,4946,4946,0,4946,COD,Delivered,8,CUST3522,Rasha Sur,Female,29,Kolkata,West Bengal,4.2,,6.77,399.36
ORD103121,13-12-2023,Amazon,Sports & Outdoors,Fitness,HRX Fitness S751,HRX,4,10393,41572,5,39493.4,COD,Delivered,9,CUST7248,Abram Doctor,Male,31,Mysuru,Karnataka,3.2,,9.45,10913.52
ORD101017,08-05-2024,Amazon,Home & Kitchen,Appliances,Samsung Appliances Z272,Samsung,1,33879,33879,0,33879,UPI,Delivered,3,CUST2741,Aarna Bahri,Female,56,Coimbatore,Tamil Nadu,3.3,,16.17,2774.59
ORD100557,21-09-2023,Myntra,Clothing,Western Wear,Roadster Western Wear M613,Roadster,3,5971,17913,20,14330.4,UPI,Delivered,3,CUST8158,Umang Ravi,Female,40,Mysuru,Karnataka,1.6,,9.24,2637.4
ORD102399,08-02-2023,Flipkart,Automotive,Accessories,Boat Accessories M158,Boat,3,754,2262,5,2148.9,UPI,Delivered,12,CUST4417,Stuvan Ravel,Male,53,Noida,Uttar Pradesh,2.9,,9.65,487.19
ORD101207,05-01-2025,Amazon,Electronics,Televisions,Sony Televisions Z595,Sony,1,80201,80201,10,72180.9,UPI,Delivered,3,CUST1624,Onkar Taneja,Male,17,Surat,Gujarat,4.5,,7.15,11074.06
ORD102005,18-03-2024,Myntra,Accessories,Watches,Fastrack Watches Z908,Fastrack,3,2213,6639,25,4979.25,UPI,Delivered,6,CUST2190,Pranay Dar,Male,17,Ahmedabad,Gujarat,2.5,,16.41,1493.4
ORD102656,14-06-2023,Flipkart,Automotive,Accessories,JBL Accessories Z468,JBL,3,2421,7263,20,5810.4,COD,Delivered,12,CUST9643,Bhavin Bobal,Female,23,Madurai,Tamil Nadu,3.5,,6.51,894.01
ORD102135,11-08-2024,Flipkart,Electronics,Home Electronics,HUL Home Electronics Z813,HUL,3,593,1779,10,1601.1,UPI,Delivered,2,CUST2768,Samiha Kara,Male,50,Surat,Gujarat,3.1,,5.13,81.26
ORD101510,06-05-2023,Myntra,Accessories,Wallets,Portico Wallets M933,Portico,4,891,3564,10,3207.6,UPI,Returned,3,CUST9131,Hiran Contractor,Male,54,New Delhi,Delhi,2,Changed mind,7.17,469.39
ORD101736,11-06-2024,Myntra,Footwear,Casual,Sparx Casual X196,Sparx,1,2556,2556,10,2300.4,Credit Card,Delivered,6,CUST6486,Heer Kulkarni,Male,63,Bengaluru,Karnataka,1.7,,5.94,217.99
ORD100245,28-02-2024,Amazon,Electronics,Computers,Lenovo Computers X636,Lenovo,1,121786,121786,0,121786,UPI,Delivered,3,CUST2870,Biju Ravel,Male,52,Surat,Gujarat,3.8,,14.06,8045.27
ORD101163,04-10-2025,Max,Women's Fashion,Bottoms,FabIndia Bottoms Z668,FabIndia,4,3899,15596,5,14816.2,UPI,Delivered,1,CUST9678,Shamik Soni,Female,64,Pune,Maharashtra,1.7,,10.43,1848.98
ORD103362,12-05-2024,Max,Kids' Fashion,Accessories,JBL Accessories Z815,JBL,2,1037,2074,0,2074,Wallet,Delivered,4,CUST2665,Charvi Dua,Male,18,Bengaluru,Karnataka,3,,4.98,301.57
ORD100266,23-03-2023,Amazon,Groceries,Essentials,Red Tape Essentials Z687,Red Tape,1,1452,1452,10,1306.8,UPI,Delivered,11,CUST1176,Miraya Shetty,Male,40,Chennai,Tamil Nadu,4.4,,4.74,61.65
ORD102366,12-02-2023,Amazon,Electronics,Computers,Dell Computers Z180,Dell,1,61941,61941,5,58843.95,COD,Delivered,12,CUST2013,Ivan Ratti,Female,20,Lucknow,Uttar Pradesh,3.9,,8.96,3655.71
ORD101114,10-06-2024,Amazon,Books,Books,Penguin Books Z199,Penguin,2,302,604,0,604,COD,In Transit,3,CUST1242,Kiara Chada,Male,30,Chennai,Tamil Nadu,3.5,,6.39,55.85
ORD100063,17-01-2024,Max,Plus Size,Plus Bottoms,Levis Plus Bottoms M417,Levis,3,609,1827,0,1827,UPI,Delivered,7,CUST3463,Jivin Doshi,Female,31,New Delhi,Delhi,3.3,,17.5,388.41
ORD102592,19-12-2023,Amazon,Baby Products,Apparel,Samsung Apparel X233,Samsung,1,1578,1578,25,1183.5,UPI,Delivered,10,CUST3829,Anika Kala,Male,19,Bengaluru,Karnataka,3.9,,16.08,255.76
ORD102788,20-06-2024,Amazon,Fashion,Bags,Wildcraft Bags M850,Wildcraft,2,5231,10462,15,8892.7,Credit Card,Delivered,2,CUST5426,Hrishita Aurora,Female,23,Chennai,Tamil Nadu,4.5,,6.37,1884.39
ORD102757,06-10-2025,Max,Plus Size,Plus Tops,W Plus Tops M401,W,1,5300,5300,0,5300,UPI,Returned,4,CUST1428,Farhan Arya,Female,27,Pune,Maharashtra,1.8,Other,12.97,576.87
ORD103011,26-04-2025,Amazon,Home & Kitchen,Kitchenware,Prestige Kitchenware X227,Prestige,3,6421,19263,5,18299.85,Debit Card,Delivered,5,CUST8170,Shamik Das,Male,24,Noida,Uttar Pradesh,3.5,,4.33,4924.49
ORD103076,09-01-2023,Max,Accessories,Bags,Wildcraft Bags Z954,Wildcraft,2,2577,5154,15,4380.9,Debit Card,Returned,6,CUST9310,Yakshit Chhabra,Female,32,Pune,Maharashtra,2.1,Late delivery,17.79,697.92
ORD102998,10-02-2024,Myntra,Clothing,Western Wear,Roadster Western Wear Z931,Roadster,3,4422,13266,15,11276.1,Credit Card,Delivered,7,CUST3384,Saanvi Datta,Female,44,Surat,Gujarat,3.7,,8.76,3271.16
ORD102815,31-03-2023,Amazon,Beauty & Personal Care,Healthcare,Himalaya Healthcare Z253,Himalaya,1,1842,1842,20,1473.6,UPI,In Transit,6,CUST6565,Hazel Kara,Male,31,Noida,Uttar Pradesh,3.6,,5.88,151.07
ORD102259,01-07-2024,Flipkart,Electronics,Computers,Asus Computers S916,Asus,1,132706,132706,5,126070.7,Wallet,Delivered,3,CUST5243,Anay Gara,Male,27,Pune,Maharashtra,2.4,,6.6,12193.69
ORD104958,16-03-2024,Flipkart,Automotive,Accessories,Portronics Accessories X108,Portronics,2,4935,9870,10,8883,UPI,Delivered,6,CUST1407,Nayantara Uppal,Male,24,Madurai,Tamil Nadu,3.3,,17.51,1118.3
ORD103204,10-07-2025,Amazon,Groceries,Snacks,Wildcraft Snacks S729,Wildcraft,1,654,654,20,523.2,UPI,Delivered,1,CUST3550,Ishita Dube,Male,22,Pune,Maharashtra,4,,7.47,41.41
ORD101237,15-01-2024,Amazon,Sports & Outdoors,Sportswear,Adidas Sportswear X560,Adidas,4,7268,29072,5,27618.4,UPI,Delivered,3,CUST3188,Arhaan Gole,Female,16,Ahmedabad,Gujarat,5,,9.37,5977.97
ORD100103,17-11-2023,Flipkart,Grocery,Essentials,Lakme Essentials S243,Lakme,3,1168,3504,5,3328.8,COD,Delivered,8,CUST9037,Darshit Basak,Male,28,Chennai,Tamil Nadu,3.7,,7.6,236.61
ORD102643,01-05-2024,Max,Kids' Fashion,Accessories,Portronics Accessories Z935,Portronics,3,3176,9528,20,7622.4,UPI,Delivered,3,CUST3862,Nitara Sunder,Female,54,Mangalore,Karnataka,2.9,,10.21,2141.91
ORD100272,03-11-2024,Max,Men's Fashion,Shirts,Nilkamal Shirts Z808,Nilkamal,4,3892,15568,30,10897.6,UPI,Delivered,7,CUST8429,Aayush Sunder,Female,19,Noida,Uttar Pradesh,2.5,,13.25,1053.33
ORD100508,13-03-2024,Myntra,Clothing,Ethnic Wear,Biba Ethnic Wear M445,Biba,4,2929,11716,20,9372.8,Credit Card,Delivered,5,CUST5495,Nishith Krishnan,Female,55,Pune,Maharashtra,2,,5.85,781.13
ORD102226,04-09-2023,Amazon,Sports & Outdoors,Fitness,Decathlon Fitness Z656,Decathlon,4,13560,54240,10,48816,COD,Delivered,12,CUST5429,Jivika Dayal,Male,42,Pune,Maharashtra,4.2,,14.22,7848.98
ORD104933,22-12-2024,Flipkart,Beauty & Personal Care,Makeup,Lakme Makeup Z284,Lakme,2,3411,6822,15,5798.7,UPI,Delivered,3,CUST2589,Aarna Dhawan,Female,15,Kochi,Kerala,3,,17.86,1616.75
ORD102441,19-09-2023,Flipkart,Home & Furniture,Kitchen Appliances,Hawkins Kitchen Appliances M209,Hawkins,1,3293,3293,10,2963.7,COD,Delivered,5,CUST3291,Akarsh Ray,Female,18,Bengaluru,Karnataka,3.1,,6.51,303.99
ORD100865,16-06-2023,Amazon,Fashion,Shoes,Bata Shoes S186,Bata,1,3739,3739,15,3178.15,COD,Delivered,9,CUST1664,Manikya Mallick,Female,15,New Delhi,Delhi,5,,10.45,780.84
ORD103326,15-10-2023,Flipkart,Beauty & Personal Care,Makeup,Lakme Makeup S133,Lakme,2,1899,3798,10,3418.2,Debit Card,Delivered,5,CUST8735,Alisha Rajagopal,Female,27,Chennai,Tamil Nadu,1.4,,17.05,938.62
ORD100908,16-07-2025,Flipkart,"Books, Sports & Gaming",Sporting Goods,Nike Sporting Goods S857,Nike,2,1228,2456,5,2333.2,UPI,Delivered,4,CUST7266,Nitya Raj,Female,29,Lucknow,Uttar Pradesh,2.8,,7.65,637.89
ORD102114,05-12-2024,Myntra,Home & Living,Decor,Home Centre Decor X331,Home Centre,1,4191,4191,25,3143.25,COD,Returned,8,CUST9760,Renee Jha,Female,29,Chennai,Tamil Nadu,1.5,Size issue,10.79,541.56
ORD103896,31-08-2024,Amazon,Electronics,Televisions,LG Televisions X906,LG,1,75516,75516,0,75516,UPI,Delivered,3,CUST8853,Pranay Barad,Male,20,Surat,Gujarat,5,,13.65,10843.98
ORD101627,09-01-2024,Myntra,Personal Care,Makeup,Maybelline Makeup M359,Maybelline,3,2728,8184,30,5728.8,UPI,Delivered,3,CUST5164,Shalv Swamy,Female,44,Mumbai,Maharashtra,1.2,,5.7,1574.9
ORD102873,25-07-2023,Max,Accessories,Shoes,Nike Shoes M887,Nike,3,7410,22230,30,15561,COD,Delivered,7,CUST6327,Pranay Krishnamurthy,Female,27,Vadodara,Gujarat,1.9,,15.98,1340.39
ORD101522,28-09-2025,Amazon,Sports & Outdoors,Fitness,HRX Fitness X780,HRX,4,10890,43560,5,41382,UPI,Delivered,4,CUST6948,Emir Chandran,Male,21,Ahmedabad,Gujarat,3.6,,6.22,5740.95
ORD100835,21-09-2024,Amazon,Electronics,Televisions,Samsung Televisions M565,Samsung,1,72014,72014,0,72014,UPI,Delivered,3,CUST3174,Shlok Dixit,Female,26,Kozhikode,Kerala,4.2,,5.77,12431.41
ORD100358,04-06-2024,Myntra,Personal Care,Skincare,MotherCare Skincare X966,MotherCare,1,2961,2961,10,2664.9,UPI,Delivered,6,CUST5990,Anahi Kara,Male,28,Ahmedabad,Gujarat,2,,11.77,673.55
ORD100138,22-09-2025,Max,Kids' Fashion,Kids Apparel,Samsung Kids Apparel Z817,Samsung,2,3234,6468,10,5821.2,Wallet,Returned,1,CUST4879,Lavanya Vyas,Male,62,Mangalore,Karnataka,1,Size issue,10.09,1700.54
ORD100299,05-09-2024,Myntra,Home & Living,Decor,Dell Decor M469,Dell,1,1848,1848,20,1478.4,COD,Delivered,3,CUST3219,Adira Chauhan,Female,61,New Delhi,Delhi,2.8,,8.48,403.94
ORD101556,11-11-2024,Myntra,Footwear,Formal,Red Tape Formal M607,Red Tape,2,7323,14646,5,13913.7,UPI,Delivered,4,CUST7777,Nirvaan Bajaj,Female,33,Chennai,Tamil Nadu,2.6,,13.97,1736.79
ORD101003,28-02-2024,Myntra,Footwear,Formal,Red Tape Formal Z874,Red Tape,1,8097,8097,10,7287.3,UPI,Delivered,3,CUST4642,Shray Srivastava,Female,22,Jaipur,Rajasthan,2.3,,16.82,591.53
ORD100382,31-01-2024,Amazon,Fashion,Jewelry,Voylla Jewelry Z158,Voylla,1,8361,8361,20,6688.8,COD,Delivered,2,CUST4818,Jayant Chandra,Female,24,Mangalore,Karnataka,4.1,,17.48,952.75
ORD100941,18-06-2024,Amazon,Groceries,Gourmet Foods,Portronics Gourmet Foods X962,Portronics,4,3495,13980,5,13281,UPI,Delivered,5,CUST6710,Anika Dalal,Female,24,Kolkata,West Bengal,4.3,,8.6,869.89
ORD104446,28-07-2025,Amazon,Electronics,Televisions,Samsung Televisions Z712,Samsung,1,70143,70143,5,66635.85,UPI,Delivered,5,CUST6760,Zaina Ramachandran,Male,17,Ahmedabad,Gujarat,3.7,,11.95,10027.79
ORD104854,14-03-2024,Amazon,Sports & Outdoors,Sportswear,Nike Sportswear X528,Nike,1,4710,4710,0,4710,UPI,In Transit,3,CUST2441,Aradhya Batta,Male,36,Amritsar,Punjab,4.4,,7.86,716.36
ORD100761,18-01-2025,Myntra,Personal Care,Haircare,Xiaomi Haircare Z904,Xiaomi,2,3978,7956,25,5967,UPI,Delivered,1,CUST8366,Suhana Gera,Female,53,Jaipur,Rajasthan,2.1,,8.74,1228.81
ORD101705,14-07-2025,Max,Plus Size,Plus Bottoms,MotherCare Plus Bottoms M721,MotherCare,1,5322,5322,10,4789.8,COD,Delivered,4,CUST7770,Arnav Saha,Male,16,Bengaluru,Karnataka,3,,5.6,411.09
ORD101873,19-06-2024,Myntra,Home & Living,Kitchenware,Prestige Kitchenware M362,Prestige,4,2367,9468,5,8994.6,UPI,Delivered,8,CUST8430,Ojas Ganesan,Male,20,Surat,Gujarat,1.5,,6.9,987.07
ORD102550,20-09-2023,Max,Kids' Fashion,Kids Shoes,BigBasket Kids Shoes Z298,BigBasket,1,4704,4704,5,4468.8,COD,Delivered,8,CUST2427,Bhavin Kumer,Female,25,New Delhi,Delhi,2,,17.83,654.11
ORD102086,10-04-2024,Myntra,Clothing,Ethnic Wear,FabIndia Ethnic Wear M527,FabIndia,4,5603,22412,20,17929.6,UPI,Cancelled,7,CUST6665,Misha Luthra,Female,16,Surat,Gujarat,2.9,,5.94,2461.66
ORD102197,06-01-2024,Amazon,Baby Products,Diapers,LocalFarm Diapers M743,LocalFarm,1,1611,1611,5,1530.45,UPI,Delivered,6,CUST6865,Dishani Bassi,Female,23,New Delhi,Delhi,4.5,,7.46,273.59
ORD100898,02-12-2023,Amazon,Beauty & Personal Care,Makeup,Loreal Makeup X119,Loreal,3,301,903,0,903,Debit Card,Delivered,5,CUST5343,Navya Dara,Male,63,Thiruvananthapuram,Kerala,4.6,,8.34,130.4
ORD103999,20-06-2025,Flipkart,Fashion,Apparel,Home Centre Apparel M660,Home Centre,4,2054,8216,10,7394.4,UPI,Delivered,2,CUST5090,Mahika Halder,Female,30,Surat,Gujarat,3.6,,16.29,1882.1
ORD103615,20-08-2023,Flipkart,Electronics,Mobiles,Xiaomi Mobiles S220,Xiaomi,1,71298,71298,0,71298,Debit Card,Delivered,7,CUST7739,Ryan Vora,Female,23,Kolkata,West Bengal,3.3,,6.78,9573.36
ORD101402,27-07-2024,Amazon,Baby Products,Apparel,Penguin Apparel M615,Penguin,2,1203,2406,10,2165.4,Credit Card,In Transit,2,CUST5769,Bhavin Thakur,Male,21,Bengaluru,Karnataka,4.6,,17.66,436.87
ORD103873,30-11-2024,Max,Plus Size,Plus Tops,Lenovo Plus Tops Z745,Lenovo,2,2832,5664,0,5664,Credit Card,In Transit,7,CUST2553,Nakul Madan,Male,35,Pune,Maharashtra,2.1,,15.23,1583.71
ORD103785,31-10-2024,Flipkart,Grocery,Fresh,Sony Fresh S246,Sony,3,2023,6069,0,6069,UPI,Delivered,7,CUST3042,Baiju Kalla,Male,19,Noida,Uttar Pradesh,2.8,,5.03,206.42
ORD104386,28-12-2023,Amazon,Electronics,Accessories,JBL Accessories Z666,JBL,2,4754,9508,10,8557.2,Credit Card,In Transit,7,CUST3227,Dharmajan Manda,Male,39,Madurai,Tamil Nadu,3.8,,9.16,797.36
ORD102955,27-07-2023,Amazon,Books,Stationery,Puma Stationery Z580,Puma,2,138,276,5,262.2,Credit Card,Delivered,4,CUST4999,Uthkarsh Dalal,Male,21,Chennai,Tamil Nadu,3.1,,5.73,41.62
ORD101512,28-09-2025,Max,Accessories,Bags,Wildcraft Bags Z668,Wildcraft,2,2087,4174,5,3965.3,UPI,Delivered,5,CUST2927,Fateh Bansal,Female,16,Amritsar,Punjab,3.5,,4.19,710.2
ORD101188,22-06-2024,Max,Kids' Fashion,Kids Apparel,Patanjali Kids Apparel X504,Patanjali,3,1058,3174,30,2221.8,COD,Delivered,5,CUST4190,Zain Jhaveri,Male,37,Chennai,Tamil Nadu,1.4,,11.21,456.3
ORD102989,23-12-2023,Max,Plus Size,Plus Tops,3M Plus Tops S945,3M,2,1754,3508,10,3157.2,UPI,Returned,6,CUST8158,Vanya Vala,Female,34,Howrah,West Bengal,1.6,Other,11.13,922.23
ORD102080,30-01-2024,Amazon,Groceries,Snacks,Boat Snacks M752,Boat,4,3113,12452,0,12452,COD,Delivered,2,CUST5462,Yuvaan Dey,Female,40,Noida,Uttar Pradesh,4.3,,15.29,382.64
ORD104983,12-06-2024,Amazon,Groceries,Essentials,FabIndia Essentials M451,FabIndia,4,521,2084,10,1875.6,UPI,Delivered,3,CUST4964,Ojas Sampath,Male,25,Noida,Uttar Pradesh,4.6,,6.55,72.32
ORD103437,12-12-2024,Myntra,Personal Care,Fragrances,Wildcraft Fragrances S781,Wildcraft,2,4364,8728,5,8291.6,UPI,Delivered,8,CUST7122,Dharmajan Gour,Female,31,Ahmedabad,Gujarat,2.2,,11.23,1126.34
ORD100108,19-11-2023,Amazon,Beauty & Personal Care,Healthcare,Patanjali Healthcare X200,Patanjali,4,1864,7456,0,7456,UPI,Delivered,11,CUST2284,Anvi Bhargava,Male,42,Chennai,Tamil Nadu,3.7,,5.96,2217.9
ORD104698,27-09-2025,Amazon,Baby Products,Apparel,LG Apparel Z483,LG,3,1498,4494,0,4494,UPI,Delivered,4,CUST9464,Lavanya Bali,Female,57,Surat,Gujarat,4.5,,14.5,1065.58
ORD102827,12-11-2023,Max,Men's Fashion,Shirts,Fastrack Shirts X279,Fastrack,3,3248,9744,20,7795.2,Credit Card,Delivered,7,CUST4652,Nishith Chauhan,Female,23,Bengaluru,Karnataka,2.7,,7.94,915.92
ORD104747,06-05-2025,Myntra,Clothing,Kids Wear,Levis Kids Wear X666,Levis,4,1877,7508,20,6006.4,UPI,Returned,3,CUST7733,Neelofar Barad,Female,17,Mumbai,Maharashtra,1,Other,8.02,647.32
ORD100058,21-05-2023,Myntra,Accessories,Watches,Titan Watches Z826,Titan,2,2729,5458,15,4639.3,COD,Delivered,8,CUST2275,Sana Mahal,Male,28,Noida,Uttar Pradesh,3.1,,4.59,390.27
ORD100076,04-03-2025,Amazon,Baby Products,Apparel,FabIndia Apparel M971,FabIndia,2,876,1752,15,1489.2,UPI,Delivered,1,CUST2063,Nitya Brar,Female,38,Madurai,Tamil Nadu,4.8,,17.81,337.94
ORD100796,28-01-2023,Myntra,Personal Care,Haircare,Biba Haircare X300,Biba,4,1219,4876,15,4144.6,UPI,Delivered,8,CUST6615,Umang Kibe,Male,17,Surat,Gujarat,1.9,,4.43,987.88
ORD100368,05-11-2023,Flipkart,"Books, Sports & Gaming",Books,Penguin Books M766,Penguin,1,660,660,5,627,COD,Delivered,12,CUST8014,Tanya Chowdhury,Male,39,Noida,Uttar Pradesh,3.4,,10.35,114.19
ORD104905,05-08-2024,Myntra,Footwear,Sports,Campus Sutra Sports S836,Campus Sutra,2,2226,4452,10,4006.8,Credit Card,Delivered,8,CUST4512,Yuvaan Sengupta,Male,39,Surat,Gujarat,1.7,,4.36,1194.46
ORD100785,02-06-2023,Amazon,Fashion,Shoes,Adidas Shoes M783,Adidas,2,2069,4138,30,2896.6,COD,Delivered,10,CUST8182,Riaan Chandran,Female,16,New Delhi,Delhi,3.5,,11.26,554.12
ORD102088,01-07-2024,Amazon,Groceries,Gourmet Foods,Baggit Gourmet Foods X972,Baggit,1,4063,4063,0,4063,COD,Delivered,7,CUST8736,Aayush Bir,Female,19,Ahmedabad,Gujarat,4.2,,8.97,309.78
ORD102314,13-12-2024,Amazon,Books,Books,HarperCollins Books M378,HarperCollins,3,2133,6399,5,6079.05,Debit Card,Delivered,6,CUST9628,Ahana  Grewal,Male,23,Mangalore,Karnataka,3.8,,15.48,546.59
ORD103384,23-01-2023,Amazon,Groceries,Gourmet Foods,Samsung Gourmet Foods S836,Samsung,3,551,1653,5,1570.35,Debit Card,Delivered,7,CUST9943,Zaina Tandon,Female,30,Lucknow,Uttar Pradesh,3.8,,7.41,106.94
ORD103605,17-03-2024,Max,Women's Fashion,Tops,OnePlus Tops Z945,OnePlus,1,4144,4144,25,3108,UPI,Delivered,5,CUST7438,Dhanuk Ghose,Male,27,Mumbai,Maharashtra,2.8,,8.89,675.55
ORD104111,29-04-2023,Max,Kids' Fashion,Accessories,JBL Accessories S701,JBL,1,2731,2731,30,1911.7,Credit Card,Delivered,4,CUST8617,Ahana  Rau,Female,43,Ahmedabad,Gujarat,2.1,,17.51,511.76
ORD101902,24-07-2025,Amazon,Books,Stationery,Home Centre Stationery M603,Home Centre,1,1230,1230,10,1107,COD,Delivered,6,CUST3232,Farhan Ramakrishnan,Male,54,Vadodara,Gujarat,4.2,,8.51,195.63
ORD101703,01-02-2024,Amazon,Baby Products,Apparel,Lenovo Apparel Z423,Lenovo,3,1503,4509,20,3607.2,UPI,Delivered,7,CUST4929,Seher Swaminathan,Female,21,Noida,Uttar Pradesh,4.6,,11.98,382.42
ORD100121,20-05-2023,Amazon,Sports & Outdoors,Outdoor Gear,Lilliput Outdoor Gear Z662,Lilliput,4,4183,16732,5,15895.4,COD,Delivered,6,CUST9808,Aarna De,Female,30,Mangalore,Karnataka,4,,8.09,2232.79
ORD101844,06-08-2024,Max,Accessories,Shoes,Nike Shoes Z726,Nike,3,2322,6966,10,6269.4,COD,Delivered,3,CUST1445,Zaina Soman,Female,47,Surat,Gujarat,3.5,,14.21,1840.52
ORD102369,01-03-2023,Amazon,Books,Books,HarperCollins Books M454,HarperCollins,4,910,3640,20,2912,UPI,Cancelled,8,CUST1774,Taimur Rau,Female,37,Kozhikode,Kerala,4.3,,13.97,382.01
ORD103728,20-07-2025,Myntra,Footwear,Casual,Campus Casual Z742,Campus,4,589,2356,5,2238.2,UPI,Delivered,3,CUST3999,Myra Boase,Female,18,Amritsar,Punjab,1.4,,14.31,519.26
ORD100910,03-06-2024,Myntra,Clothing,Kids Wear,Sparx Kids Wear Z426,Sparx,4,1736,6944,20,5555.2,COD,Delivered,3,CUST4030,Ayesha Barad,Female,29,Chennai,Tamil Nadu,2.8,,8.43,729.39
ORD100124,09-08-2024,Amazon,Fashion,Shoes,Puma Shoes Z484,Puma,1,7943,7943,30,5560.1,COD,Delivered,7,CUST3329,Rati Verma,Female,45,Ahmedabad,Gujarat,3.8,,15.81,925.17
ORD102572,13-08-2025,Flipkart,Fashion,Footwear,Lenovo Footwear Z212,Lenovo,3,1625,4875,40,2925,Debit Card,Delivered,2,CUST4624,Suhana Hayer,Male,48,Madurai,Tamil Nadu,3.1,,13.22,409.09
ORD101586,11-11-2023,Myntra,Clothing,Ethnic Wear,FabIndia Ethnic Wear Z266,FabIndia,2,2447,4894,10,4404.6,COD,Returned,9,CUST6477,Zaina Sanghvi,Male,31,Noida,Uttar Pradesh,1.7,Late delivery,6.62,1158.75
ORD101257,01-10-2023,Max,Plus Size,Plus Bottoms,Sony Plus Bottoms S667,Sony,2,4094,8188,5,7778.6,UPI,Delivered,12,CUST5973,Jivika Sami,Male,26,Surat,Gujarat,2.2,,4.81,1610.28
ORD103441,21-01-2024,Max,Women's Fashion,Winter Wear,Roadster Winter Wear X809,Roadster,2,2680,5360,15,4556,Wallet,Delivered,3,CUST2874,Advika Bava,Female,30,Kochi,Kerala,1.8,,7.79,728.82
ORD103480,16-06-2023,Amazon,Home & Kitchen,Home Decor,FabIndia Home Decor Z325,FabIndia,2,5566,11132,10,10018.8,COD,Delivered,8,CUST2635,Tejas Sundaram,Female,34,Noida,Uttar Pradesh,3.3,,9.46,2354.94
ORD104108,14-11-2024,Amazon,Baby Products,Feeding Supplies,Red Tape Feeding Supplies S196,Red Tape,4,3835,15340,0,15340,UPI,Delivered,5,CUST5508,Zeeshan Samra,Female,56,Mumbai,Maharashtra,3.3,,4.12,3265.92
ORD101178,10-03-2025,Flipkart,Fashion,Accessories,JBL Accessories X184,JBL,1,4426,4426,5,4204.7,UPI,Returned,1,CUST9074,Saira Thaker,Male,17,Kolkata,West Bengal,2.7,Late delivery,4.7,441.85
ORD103463,22-12-2024,Flipkart,"Books, Sports & Gaming",Books,Penguin Books Z790,Penguin,2,1411,2822,5,2680.9,Credit Card,Delivered,6,CUST2548,Divij Bhatti,Female,61,Kozhikode,Kerala,2.8,,14.68,352.15
ORD103469,31-01-2023,Max,Women's Fashion,Dresses,Sony Dresses Z696,Sony,4,2275,9100,0,9100,Wallet,Delivered,12,CUST3504,Hazel Kara,Male,59,Lucknow,Uttar Pradesh,2,,9.27,1331.55
ORD103467,07-08-2024,Amazon,Electronics,Televisions,Sony Televisions X240,Sony,1,133505,133505,15,113479.25,UPI,Delivered,4,CUST3493,Pari Deshpande,Female,27,Surat,Gujarat,4.7,,10.48,12834.51
ORD102103,13-08-2025,Max,Women's Fashion,Winter Wear,Canon Winter Wear S555,Canon,3,3058,9174,10,8256.6,Credit Card,Delivered,3,CUST8925,Shalv Bains,Female,20,Pune,Maharashtra,1.9,,13.54,2075.26
ORD100442,27-06-2024,Amazon,Home & Kitchen,Kitchenware,Prestige Kitchenware M251,Prestige,3,2684,8052,0,8052,Debit Card,Delivered,8,CUST3435,Hunar Varghese,Male,55,Kolkata,West Bengal,5,,15.04,2170.63
ORD102227,25-08-2023,Amazon,Books,Stationery,3M Stationery X482,3M,4,519,2076,0,2076,Debit Card,Delivered,8,CUST6731,Ivana Banik,Female,15,Kolkata,West Bengal,4.1,,12.16,394.36
ORD104416,20-03-2023,Amazon,Books,Stationery,Himalaya Stationery S937,Himalaya,1,2178,2178,5,2069.1,COD,Delivered,9,CUST6344,Aarna Sood,Female,28,Bengaluru,Karnataka,3.5,,9.27,315.7
ORD100925,24-03-2024,Flipkart,"Books, Sports & Gaming",Gaming,Microsoft Gaming X520,Microsoft,1,22776,22776,10,20498.4,UPI,Delivered,6,CUST9340,Anika Bains,Male,29,Bengaluru,Karnataka,2.8,,7.98,2883.63
ORD104020,05-07-2025,Amazon,Sports & Outdoors,Sportswear,Adidas Sportswear M324,Adidas,3,6008,18024,20,14419.2,UPI,Delivered,4,CUST7953,Hrishita Bhatti,Female,29,Noida,Uttar Pradesh,4.6,,17.97,4179.1
ORD102145,02-11-2024,Flipkart,Grocery,Essentials,Red Tape Essentials M704,Red Tape,2,1793,3586,5,3406.7,COD,Delivered,7,CUST6860,Alia Ganguly,Female,20,Thiruvananthapuram,Kerala,3.4,,7.16,159.17
ORD104770,29-12-2023,Flipkart,Fashion,Footwear,Nilkamal Footwear Z572,Nilkamal,3,983,2949,5,2801.55,UPI,Returned,12,CUST4487,Zoya Brar,Male,19,Surat,Gujarat,2,Defective,9.99,704.56
ORD101411,06-06-2025,Myntra,Personal Care,Fragrances,Bata Fragrances Z398,Bata,2,2102,4204,20,3363.2,UPI,Delivered,2,CUST5656,Shaan Hans,Male,36,Pune,Maharashtra,1.5,,4.79,330.75
ORD103466,16-03-2023,Myntra,Accessories,Bags,Wildcraft Bags Z536,Wildcraft,1,1970,1970,15,1674.5,COD,Delivered,7,CUST4283,Dishani Chhabra,Male,35,Mumbai,Maharashtra,2.1,,8.21,275.31
ORD102072,17-11-2024,Amazon,Home & Kitchen,Appliances,IFB Appliances Z716,IFB,1,23830,23830,5,22638.5,UPI,Delivered,7,CUST9293,Diya Tripathi,Female,19,Ahmedabad,Gujarat,3.7,,14.73,4405.44
ORD101509,12-10-2024,Myntra,Clothing,Western Wear,Campus Sutra Western Wear X930,Campus Sutra,2,3338,6676,30,4673.2,UPI,Delivered,4,CUST2132,Aarush Anne,Male,57,Ahmedabad,Gujarat,2.6,,7.8,584.35
ORD101227,21-05-2025,Amazon,Beauty & Personal Care,Healthcare,Patanjali Healthcare S208,Patanjali,3,346,1038,15,882.3,UPI,Delivered,3,CUST5162,Kabir Mangal,Male,25,Howrah,West Bengal,3.6,,11.81,241.04
ORD104072,10-03-2023,Amazon,Baby Products,Apparel,Nilkamal Apparel X839,Nilkamal,2,4463,8926,20,7140.8,COD,Delivered,9,CUST8750,Hazel Chhabra,Female,41,Noida,Uttar Pradesh,3.9,,16.83,929.88
ORD102585,12-10-2023,Amazon,Electronics,Cameras,Nikon Cameras Z275,Nikon,1,45479,45479,10,40931.1,UPI,In Transit,4,CUST8528,Zaina Sengupta,Male,22,Pune,Maharashtra,4.3,,11.96,7323.94
ORD104450,25-11-2024,Myntra,Clothing,Western Wear,Campus Sutra Western Wear Z398,Campus Sutra,1,5659,5659,10,5093.1,COD,Delivered,7,CUST4598,Vihaan Vora,Male,33,Bengaluru,Karnataka,1.7,,17.81,1249.54
ORD102951,15-03-2023,Flipkart,Grocery,Fresh,Adidas Fresh X233,Adidas,3,3452,10356,0,10356,UPI,In Transit,5,CUST7343,Arhaan Bhasin,Male,60,Noida,Uttar Pradesh,3.4,,14.61,652.42
ORD103885,21-12-2023,Amazon,Baby Products,Apparel,Asus Apparel M987,Asus,3,355,1065,0,1065,COD,Delivered,12,CUST1968,Tarini Mammen,Female,42,Mumbai,Maharashtra,4,,14.34,278.62
ORD100324,13-06-2025,Myntra,Accessories,Wallets,Biba Wallets S368,Biba,1,2189,2189,5,2079.55,Debit Card,Delivered,2,CUST4747,Indrans Bal,Female,34,Noida,Uttar Pradesh,2.1,,11.82,446.36
ORD103977,15-06-2024,Max,Kids' Fashion,Kids Apparel,MotherCare Kids Apparel S965,MotherCare,1,2544,2544,25,1908,UPI,Delivered,3,CUST2136,Aaryahi Srinivasan,Female,31,Ahmedabad,Gujarat,1.6,,7.46,464.72
ORD103576,06-03-2024,Myntra,Clothing,Western Wear,Roadster Western Wear X279,Roadster,4,6441,25764,10,23187.6,UPI,Delivered,5,CUST3555,Vihaan Sha,Female,15,Vadodara,Gujarat,2.7,,7.24,5149.05
ORD102211,14-06-2025,Amazon,Home & Kitchen,Furniture,Nilkamal Furniture Z536,Nilkamal,2,36076,72152,15,61329.2,UPI,In Transit,3,CUST7021,Taimur Chaudhary,Male,42,Ahmedabad,Gujarat,4.5,,16.44,15444
ORD103298,26-07-2024,Myntra,Personal Care,Skincare,Roadster Skincare M755,Roadster,1,3980,3980,15,3383,UPI,Delivered,3,CUST8205,Onkar Warrior,Female,19,Chennai,Tamil Nadu,2.5,,17.74,672.12
ORD103035,28-07-2023,Amazon,Home & Kitchen,Kitchenware,Prestige Kitchenware S195,Prestige,1,4432,4432,0,4432,COD,In Transit,5,CUST8660,Yakshit Ganesan,Female,62,Bengaluru,Karnataka,4.2,,4.33,643.8
ORD101498,28-10-2024,Flipkart,"Books, Sports & Gaming",Books,HarperCollins Books X580,HarperCollins,3,866,2598,10,2338.2,UPI,Delivered,3,CUST3277,Pranay Loke,Female,63,Coimbatore,Tamil Nadu,3.8,,15.99,334.02
ORD101502,27-02-2023,Amazon,Home & Kitchen,Furniture,Ikea Furniture X106,Ikea,3,12199,36597,0,36597,Credit Card,Delivered,9,CUST3447,Tara Kashyap,Female,53,Bengaluru,Karnataka,5,,15.61,4779.05
ORD101006,30-09-2024,Myntra,Home & Living,Decor,Roadster Decor X269,Roadster,4,1973,7892,0,7892,Credit Card,Delivered,8,CUST2692,Ivan Hora,Male,15,Ahmedabad,Gujarat,2.5,,11.64,1786.15
ORD104179,13-07-2025,Myntra,Personal Care,Skincare,Asus Skincare Z944,Asus,2,3278,6556,15,5572.6,UPI,Delivered,1,CUST2164,Saanvi Lall,Female,19,Ahmedabad,Gujarat,2.2,,13.79,1154.33
ORD103013,30-04-2025,Flipkart,Grocery,Fresh,Lenovo Fresh X437,Lenovo,2,1102,2204,20,1763.2,Wallet,Delivered,5,CUST6462,Amani Maharaj,Male,60,Chennai,Tamil Nadu,3.4,,12.81,87.67
ORD103516,01-01-2023,Max,Accessories,Bags,Wildcraft Bags S356,Wildcraft,1,7325,7325,30,5127.5,UPI,Delivered,3,CUST9255,Arnav Doshi,Female,30,Kolkata,West Bengal,2.5,,13.47,1025.31
ORD101467,05-01-2024,Myntra,Clothing,Kids Wear,Decathlon Kids Wear S506,Decathlon,3,2642,7926,15,6737.1,COD,In Transit,4,CUST3443,Shanaya Chaudhari,Female,38,Mumbai,Maharashtra,1.1,,8.67,735.17
ORD101225,20-03-2023,Flipkart,"Books, Sports & Gaming",Gaming,Sony Gaming X417,Sony,1,8665,8665,0,8665,Wallet,Delivered,6,CUST9632,Zain Choudhury,Male,33,New Delhi,Delhi,3.1,,5.08,1863.52
ORD103167,05-11-2024,Amazon,Groceries,Gourmet Foods,Realme Gourmet Foods M493,Realme,1,4128,4128,15,3508.8,UPI,Delivered,5,CUST6039,Onkar Suresh,Female,29,Coimbatore,Tamil Nadu,4.4,,7.63,197.99
ORD102267,14-12-2024,Flipkart,Electronics,Home Electronics,Campus Home Electronics S431,Campus,4,1382,5528,15,4698.8,Credit Card,Delivered,7,CUST4459,Kiara Brar,Male,32,Bengaluru,Karnataka,2.7,,9.02,394.05
ORD103808,08-11-2023,Flipkart,Grocery,Essentials,HarperCollins Essentials M800,HarperCollins,3,2594,7782,5,7392.9,COD,Delivered,11,CUST5035,Rasha Gulati,Female,40,Ludhiana,Punjab,2.5,,10.49,352.87
ORD101216,09-02-2024,Amazon,Sports & Outdoors,Fitness,Decathlon Fitness Z883,Decathlon,1,14027,14027,5,13325.65,UPI,Delivered,6,CUST6806,Lakshay Mand,Male,30,Thiruvananthapuram,Kerala,3.2,,15.85,1771.16
ORD103976,03-11-2024,Myntra,Footwear,Sports,Samsung Sports Z716,Samsung,3,2920,8760,40,5256,UPI,Delivered,4,CUST6028,Yasmin Walla,Male,27,Pune,Maharashtra,2,,17.8,959.2
ORD104584,15-09-2025,Amazon,Electronics,Computers,Lenovo Computers X677,Lenovo,1,58618,58618,0,58618,UPI,Returned,1,CUST8338,Madhav Sarma,Female,25,Jaipur,Rajasthan,3.3,Changed mind,11.19,3430.6
ORD100420,12-03-2025,Max,Men's Fashion,Bottoms,LocalFarm Bottoms Z706,LocalFarm,3,3232,9696,30,6787.2,UPI,Delivered,2,CUST9711,Kaira Dube,Male,49,Ahmedabad,Gujarat,1.9,,6.53,1746.61
ORD103422,11-12-2023,Flipkart,Grocery,Fresh,Roadster Fresh M992,Roadster,1,923,923,10,830.7,UPI,Delivered,7,CUST4511,Shamik Chahal,Female,59,Kanpur,Uttar Pradesh,3,,9.29,43.6
ORD100006,28-11-2023,Flipkart,Electronics,Computers,Asus Computers S652,Asus,1,49438,49438,0,49438,UPI,Delivered,4,CUST3705,Aaryahi Raman,Female,55,Bengaluru,Karnataka,3.9,,5.76,6712.08
ORD100932,15-09-2024,Amazon,Beauty & Personal Care,Makeup,Maybelline Makeup S420,Maybelline,4,2420,9680,0,9680,UPI,Delivered,4,CUST6345,Keya Rama,Female,35,Nagpur,Maharashtra,4,,12.36,2053.83
ORD101691,07-04-2024,Flipkart,Electronics,Home Electronics,H&M Home Electronics Z271,H&M,1,3356,3356,5,3188.2,UPI,Delivered,6,CUST1127,Mohanlal Sridhar,Male,34,Pune,Maharashtra,3.9,,7.25,295.22
ORD100439,13-04-2023,Amazon,Electronics,Mobiles,Xiaomi Mobiles X307,Xiaomi,1,75231,75231,0,75231,Credit Card,Delivered,12,CUST2742,Prisha Andra,Female,41,Madurai,Tamil Nadu,4.4,,4.19,13212.59
ORD101313,20-04-2023,Amazon,Electronics,Televisions,LG Televisions Z657,LG,1,126470,126470,5,120146.5,COD,Delivered,7,CUST1489,Samiha Lad,Male,24,Chennai,Tamil Nadu,4.3,,17.59,11710.83
ORD100678,10-02-2023,Max,Accessories,Bags,Baggit Bags S654,Baggit,3,3722,11166,5,10607.7,UPI,Delivered,11,CUST4602,Urvi Sahota,Male,23,Nagpur,Maharashtra,2,,4.32,2211.77
ORD101943,30-07-2024,Myntra,Clothing,Western Wear,Campus Sutra Western Wear S787,Campus Sutra,4,5278,21112,20,16889.6,COD,In Transit,6,CUST7978,Divit Kant,Male,46,New Delhi,Delhi,1.9,,5.09,2334.64
ORD104610,23-03-2025,Amazon,Beauty & Personal Care,Makeup,Maybelline Makeup S222,Maybelline,4,1585,6340,5,6023,Credit Card,Delivered,6,CUST5946,Adah Dave,Female,62,Bengaluru,Karnataka,5,,9.17,804.46
ORD103303,09-07-2023,Amazon,Baby Products,Diapers,Philips Diapers Z316,Philips,1,3234,3234,5,3072.3,COD,Delivered,7,CUST9727,Nakul Kannan,Male,39,Mangalore,Karnataka,3.7,,10,466.12
ORD102268,06-11-2023,Amazon,Sports & Outdoors,Outdoor Gear,Boat Outdoor Gear Z686,Boat,1,2170,2170,5,2061.5,UPI,Delivered,7,CUST5974,Rasha Solanki,Male,33,New Delhi,Delhi,3.8,,4.58,586.36
ORD104633,25-11-2023,Amazon,Sports & Outdoors,Fitness,HRX Fitness X839,HRX,4,51804,207216,5,196855.2,Credit Card,Delivered,9,CUST7325,Darshit Ghosh,Male,28,Chennai,Tamil Nadu,4.5,,14.03,39328.41
ORD104080,07-02-2024,Amazon,Electronics,Accessories,Portronics Accessories X543,Portronics,4,506,2024,0,2024,UPI,Delivered,6,CUST6733,Aaryahi Mall,Female,28,Lucknow,Uttar Pradesh,3.5,,17.42,323
ORD102518,21-10-2023,Amazon,Beauty & Personal Care,Healthcare,Himalaya Healthcare S498,Himalaya,1,418,418,5,397.1,UPI,Delivered,9,CUST4068,Ryan Madan,Male,64,Chennai,Tamil Nadu,4.3,,15.24,62.34
ORD102439,17-03-2023,Amazon,Beauty & Personal Care,Grooming,Philips Grooming M254,Philips,3,3821,11463,5,10889.85,UPI,Delivered,12,CUST4280,Urvi Johal,Female,43,Ahmedabad,Gujarat,4.2,,9.95,2117.8
ORD104037,08-09-2025,Flipkart,"Books, Sports & Gaming",Books,HarperCollins Books S479,HarperCollins,4,445,1780,5,1691,Wallet,Delivered,3,CUST3676,Ranbir Subramanian,Male,41,Lucknow,Uttar Pradesh,3,,8.57,344.89
ORD101893,21-12-2023,Max,Women's Fashion,Winter Wear,Zara Winter Wear S314,Zara,1,2473,2473,25,1854.75,COD,Delivered,4,CUST3286,Zoya Sundaram,Male,15,Noida,Uttar Pradesh,1.5,,10.44,386.09
ORD104244,13-11-2023,Myntra,Clothing,Western Wear,Campus Sutra Western Wear M368,Campus Sutra,4,5070,20280,5,19266,UPI,Delivered,6,CUST4176,Pari Vaidya,Male,17,Thiruvananthapuram,Kerala,2.3,,6.92,4807.57
ORD104829,23-12-2024,Flipkart,"Books, Sports & Gaming",Gaming,Microsoft Gaming Z915,Microsoft,1,20854,20854,5,19811.3,COD,Delivered,2,CUST8044,Madhup Bath,Male,22,Coimbatore,Tamil Nadu,2.4,,7.71,2680.47
ORD102640,31-10-2024,Flipkart,Beauty & Personal Care,Grooming,HUL Grooming X537,HUL,3,5488,16464,20,13171.2,UPI,Delivered,8,CUST9748,Anya Sharma,Female,21,Jaipur,Rajasthan,3.2,,15.09,1726.73
ORD100194,03-07-2023,Flipkart,Grocery,Essentials,IFB Essentials X820,IFB,2,3491,6982,0,6982,COD,Delivered,11,CUST1760,Hiran Dani,Female,47,Mumbai,Maharashtra,3.7,,10.58,368.18
ORD101474,27-09-2024,Myntra,Personal Care,Fragrances,3M Fragrances X326,3M,4,1416,5664,40,3398.4,Wallet,Delivered,6,CUST4496,Nitya Upadhyay,Male,19,Surat,Gujarat,2.5,,5.86,1013.57
ORD104616,12-01-2025,Amazon,Baby Products,Apparel,Portronics Apparel S407,Portronics,3,441,1323,10,1190.7,COD,Delivered,3,CUST9531,Neysa Som,Male,15,Bengaluru,Karnataka,4.5,,6.98,180.48
ORD101211,24-06-2023,Flipkart,Grocery,Fresh,Asus Fresh S345,Asus,2,3348,6696,0,6696,COD,Delivered,7,CUST6701,Tarini Kohli,Female,31,Mangalore,Karnataka,4,,9.71,431.82
ORD102438,11-01-2024,Amazon,Home & Kitchen,Appliances,LG Appliances M282,LG,1,26591,26591,5,25261.45,UPI,Delivered,7,CUST9451,Adira Mammen,Female,21,Chennai,Tamil Nadu,4.6,,12.78,3384.67
ORD101657,16-03-2023,Max,Accessories,Seasonal,Portico Seasonal M827,Portico,1,3352,3352,10,3016.8,Wallet,Delivered,9,CUST4331,Urvi Kala,Male,38,Kolkata,West Bengal,2.9,,17.63,405.57
ORD102700,13-03-2024,Flipkart,Beauty & Personal Care,Grooming,Philips Grooming X926,Philips,2,1500,3000,20,2400,UPI,Delivered,6,CUST3453,Aayush Kadakia,Female,23,New Delhi,Delhi,3.6,,14.34,300.08
ORD103082,09-03-2024,Myntra,Personal Care,Fragrances,Sparx Fragrances X263,Sparx,1,1877,1877,20,1501.6,Credit Card,Delivered,3,CUST5905,Suhana Choudhury,Female,23,New Delhi,Delhi,2.4,,17.18,184.07
ORD102705,30-08-2023,Amazon,Groceries,Gourmet Foods,Titan Gourmet Foods Z282,Titan,1,439,439,10,395.1,UPI,Delivered,4,CUST9881,Nehmat Jhaveri,Male,32,Ahmedabad,Gujarat,3.5,,16.45,30.88
ORD104226,23-02-2025,Myntra,Footwear,Formal,Red Tape Formal M845,Red Tape,4,1311,5244,0,5244,UPI,Cancelled,3,CUST5376,Nehmat Dubey,Female,23,New Delhi,Delhi,2.5,,13,465.27
ORD102842,09-05-2025,Amazon,Baby Products,Apparel,Portronics Apparel X707,Portronics,1,1548,1548,0,1548,UPI,Delivered,2,CUST1765,Bhavin Balakrishnan,Male,15,Amritsar,Punjab,4.4,,6.47,208.11
ORD102302,17-05-2025,Myntra,Home & Living,Decor,Only Decor Z428,Only,3,4582,13746,40,8247.6,UPI,Delivered,1,CUST2471,Tarini Shere,Female,34,Noida,Uttar Pradesh,2.1,,13.46,2301.62
ORD101130,16-02-2023,Myntra,Home & Living,Kitchenware,Prestige Kitchenware M771,Prestige,1,8004,8004,15,6803.4,COD,Returned,7,CUST2360,Saanvi Kar,Female,16,Kolkata,West Bengal,1,Other,13.16,1427.82
ORD101461,22-11-2024,Max,Accessories,Shoes,Adidas Shoes X876,Adidas,4,5957,23828,5,22636.6,Wallet,Delivered,5,CUST2338,Faiyaz Maharaj,Male,31,Amritsar,Punjab,2.1,,7.61,3712.43
ORD100276,23-05-2025,Max,Women's Fashion,Winter Wear,Nike Winter Wear X837,Nike,2,3341,6682,40,4009.2,UPI,Delivered,1,CUST4104,Bhavin Subramaniam,Female,21,Pune,Maharashtra,1.9,,5.19,878.87
ORD102222,15-01-2025,Myntra,Footwear,Sports,Canon Sports S779,Canon,1,339,339,20,271.2,UPI,Delivered,2,CUST2283,Shamik Bassi,Male,39,Mysuru,Karnataka,1.8,,8.52,43.24
ORD102331,13-02-2025,Amazon,Home & Kitchen,Furniture,HomeTown Furniture S397,HomeTown,3,58265,174795,0,174795,UPI,In Transit,3,CUST7523,Keya Badami,Female,37,Mumbai,Maharashtra,4.2,,7.21,17179.46
ORD104322,03-07-2023,Flipkart,Beauty & Personal Care,Makeup,Lakme Makeup S800,Lakme,2,1890,3780,0,3780,COD,Delivered,7,CUST5770,Kimaya Wali,Female,54,Madurai,Tamil Nadu,3.2,,14.96,754.22
ORD101302,30-05-2024,Myntra,Footwear,Sports,LG Sports M148,LG,4,1638,6552,25,4914,Debit Card,Delivered,4,CUST1425,Kanav Lall,Male,26,Noida,Uttar Pradesh,1.7,,13.66,766.27
ORD102517,08-09-2024,Max,Women's Fashion,Dresses,Nilkamal Dresses Z641,Nilkamal,4,1484,5936,20,4748.8,COD,Delivered,4,CUST4781,Anya Issac,Male,28,Ahmedabad,Gujarat,1.9,,12.42,1218.18
ORD100222,06-10-2024,Myntra,Home & Living,Kitchenware,Prestige Kitchenware Z804,Prestige,2,3536,7072,0,7072,UPI,Delivered,5,CUST4982,Yuvaan Mangat,Male,24,Mumbai,Maharashtra,2,,7.87,751.92
ORD102036,04-04-2024,Myntra,Home & Living,Decor,Adidas Decor Z106,Adidas,1,5501,5501,20,4400.8,UPI,Delivered,2,CUST8240,Elakshi Saraf,Male,17,Mumbai,Maharashtra,2,,13.94,995.91
ORD101924,29-08-2023,Flipkart,"Books, Sports & Gaming",Sporting Goods,Roadster Sporting Goods Z921,Roadster,4,2345,9380,15,7973,COD,Delivered,12,CUST1756,Fateh Chaudhuri,Male,33,Mumbai,Maharashtra,4.3,,8,1851.59
ORD100573,02-05-2024,Amazon,Beauty & Personal Care,Healthcare,Patanjali Healthcare M604,Patanjali,4,1996,7984,0,7984,Debit Card,Delivered,8,CUST1008,Purab Maharaj,Female,15,Bengaluru,Karnataka,4.2,,12.89,1965.82
ORD101236,28-09-2024,Myntra,Accessories,Wallets,Fastrack Wallets S583,Fastrack,2,1611,3222,10,2899.8,UPI,Delivered,5,CUST4769,Elakshi Ganguly,Female,44,Jaipur,Rajasthan,2.4,,13.44,575.71
ORD103544,24-10-2024,Amazon,Baby Products,Feeding Supplies,Ikea Feeding Supplies S288,Ikea,4,2143,8572,10,7714.8,COD,Delivered,3,CUST3607,Onkar Bava,Female,22,New Delhi,Delhi,4.3,,8.43,1561.57
ORD102133,29-06-2023,Amazon,Groceries,Essentials,LG Essentials M136,LG,2,1889,3778,10,3400.2,COD,Delivered,11,CUST5696,Charvi Shroff,Female,22,Howrah,West Bengal,4.1,,8.01,179.38
ORD101334,22-03-2023,Flipkart,Fashion,Footwear,Maybelline Footwear S846,Maybelline,3,1253,3759,25,2819.25,COD,Delivered,12,CUST6656,Taran Gera,Female,50,Noida,Uttar Pradesh,3.4,,17.68,829.47
ORD102457,31-03-2024,Myntra,Clothing,Ethnic Wear,Biba Ethnic Wear X476,Biba,3,1258,3774,10,3396.6,UPI,Delivered,8,CUST7754,Samaira Anne,Female,18,Surat,Gujarat,2.4,,13.69,389.71
ORD100418,19-09-2023,Amazon,Home & Kitchen,Kitchenware,Prestige Kitchenware M906,Prestige,4,8670,34680,0,34680,COD,Delivered,6,CUST3687,Miraan Datta,Female,23,Kozhikode,Kerala,4,,13.07,6676.39
ORD104914,14-02-2023,Flipkart,"Books, Sports & Gaming",Gaming,Microsoft Gaming Z995,Microsoft,1,20560,20560,10,18504,COD,Delivered,5,CUST7764,Kiara Dutt,Male,30,Surat,Gujarat,3,,11.73,5156.13
ORD101104,22-12-2023,Flipkart,Home & Furniture,Household Essentials,LG Household Essentials Z374,LG,4,412,1648,5,1565.6,COD,Delivered,10,CUST6844,Yuvaan Kapur,Male,43,Madurai,Tamil Nadu,3,,14.18,244.21
ORD100257,14-03-2023,Amazon,Books,Stationery,LG Stationery M937,LG,1,346,346,0,346,COD,Delivered,12,CUST8304,Hrishita Bobal,Male,30,Ahmedabad,Gujarat,4.1,,12.81,56.33
ORD100295,26-01-2023,Flipkart,Automotive,Accessories,Portronics Accessories S602,Portronics,2,3450,6900,0,6900,Wallet,In Transit,11,CUST2431,Arnav Krishna,Male,16,Amritsar,Punjab,1.9,,15.89,1579.78
ORD102361,03-02-2025,Amazon,Home & Kitchen,Appliances,LG Appliances Z245,LG,1,47052,47052,0,47052,Wallet,Delivered,4,CUST4379,Mahika Sahni,Male,30,New Delhi,Delhi,3.5,,8.91,8841.88
ORD100386,26-02-2024,Max,Accessories,Bags,Wildcraft Bags M217,Wildcraft,3,3572,10716,5,10180.2,UPI,Returned,2,CUST4185,Kavya Karpe,Female,18,Kochi,Kerala,3.1,Late delivery,8.81,1708.8
ORD103308,31-08-2024,Myntra,Personal Care,Skincare,Portico Skincare S175,Portico,1,1515,1515,30,1060.5,UPI,Delivered,4,CUST2178,Dhanush Tripathi,Female,60,Surat,Gujarat,2.7,,5.7,162.98
ORD104013,17-04-2025,Flipkart,"Books, Sports & Gaming",Books,Penguin Books M766,Penguin,4,1363,5452,5,5179.4,UPI,Delivered,3,CUST8936,Mohanlal Sabharwal,Female,54,Noida,Uttar Pradesh,3.7,,6.2,1178.64
ORD102231,19-07-2025,Flipkart,Beauty & Personal Care,Makeup,Loreal Makeup S459,Loreal,2,1257,2514,10,2262.6,UPI,Delivered,4,CUST9489,Fateh Issac,Female,46,Kanpur,Uttar Pradesh,3.6,,12.58,547.38
ORD102554,29-03-2023,Amazon,Groceries,Fresh Produce,LocalFarm Fresh Produce S774,LocalFarm,2,1668,3336,0,3336,UPI,Returned,12,CUST7278,Adira Choudhary,Male,23,Noida,Uttar Pradesh,3,Size issue,17.02,115.94
ORD104335,25-04-2023,Amazon,Beauty & Personal Care,Makeup,Lakme Makeup X413,Lakme,2,415,830,15,705.5,COD,In Transit,6,CUST2159,Damini Madan,Female,17,New Delhi,Delhi,4.3,,14.98,117.42
ORD103515,08-05-2023,Flipkart,Grocery,Essentials,Ikea Essentials S412,Ikea,1,1267,1267,0,1267,Wallet,Cancelled,4,CUST4817,Shanaya Wagle,Male,18,Ahmedabad,Gujarat,4,,12.43,39.92
ORD101839,10-01-2025,Flipkart,"Books, Sports & Gaming",Books,HarperCollins Books M492,HarperCollins,2,855,1710,0,1710,UPI,Delivered,2,CUST5491,Inaaya  Brahmbhatt,Female,25,Chennai,Tamil Nadu,2.7,,5.11,220.41
ORD104384,19-03-2025,Max,Women's Fashion,Winter Wear,Campus Sutra Winter Wear Z517,Campus Sutra,4,2588,10352,5,9834.4,UPI,Delivered,4,CUST8787,Mishti Ravi,Female,19,Chennai,Tamil Nadu,3.1,,5.47,2409.42
ORD101563,11-02-2023,Flipkart,Electronics,Home Electronics,Zara Home Electronics X390,Zara,1,1968,1968,5,1869.6,COD,Delivered,10,CUST4919,Tara Choudhury,Female,50,Jaipur,Rajasthan,3.7,,5.54,336.13
ORD102015,28-05-2023,Myntra,Clothing,Western Wear,Campus Sutra Western Wear Z445,Campus Sutra,1,1003,1003,5,952.85,COD,Delivered,6,CUST5679,Nitya Lad,Female,15,Kanpur,Uttar Pradesh,1.7,,15.7,237.01
ORD101400,13-11-2023,Flipkart,"Books, Sports & Gaming",Gaming,Microsoft Gaming S215,Microsoft,1,21760,21760,10,19584,UPI,Delivered,6,CUST3581,Hrishita Dey,Male,49,Ahmedabad,Gujarat,2.5,,15.75,4757.72
ORD100712,09-09-2024,Flipkart,Electronics,Computers,Lenovo Computers M202,Lenovo,1,58310,58310,0,58310,UPI,In Transit,2,CUST2305,Rohan Krishnan,Male,56,Kolkata,West Bengal,3,,11.7,7018.76
ORD102420,10-07-2024,Max,Kids' Fashion,Kids Shoes,Sony Kids Shoes M377,Sony,2,2434,4868,40,2920.8,Credit Card,Delivered,2,CUST2875,Damini Agrawal,Male,31,New Delhi,Delhi,2.9,,17.72,793.56
ORD102619,09-03-2025,Flipkart,Electronics,Home Electronics,Biba Home Electronics X276,Biba,2,2468,4936,10,4442.4,UPI,Delivered,6,CUST3923,Stuvan Aurora,Female,31,Surat,Gujarat,3.9,,8.03,412.74
ORD100209,27-09-2024,Amazon,Groceries,Essentials,Boat Essentials Z423,Boat,3,1953,5859,10,5273.1,COD,Delivered,6,CUST3863,Vardaniya Saran,Male,62,Chennai,Tamil Nadu,4.4,,4.46,249.76
ORD104944,16-01-2025,Amazon,Home & Kitchen,Appliances,IFB Appliances M615,IFB,1,15550,15550,5,14772.5,UPI,In Transit,3,CUST2946,Divij Ramanathan,Female,15,Bengaluru,Karnataka,3.7,,14.69,2002.76
ORD101289,16-04-2024,Flipkart,Beauty & Personal Care,Grooming,HUL Grooming Z511,HUL,2,5441,10882,5,10337.9,UPI,Delivered,2,CUST4872,Shanaya Sarin,Male,28,Surat,Gujarat,3.3,,14.49,1657.54
ORD100449,04-10-2023,Amazon,Fashion,Jewelry,Voylla Jewelry X677,Voylla,2,10482,20964,15,17819.4,COD,Delivered,7,CUST1530,Raghav Butala,Female,46,Bengaluru,Karnataka,3.4,,6.63,2216.37
ORD104091,22-10-2024,Amazon,Books,Books,HarperCollins Books Z423,HarperCollins,3,846,2538,10,2284.2,COD,Delivered,5,CUST3892,Ranbir Bawa,Male,63,Kozhikode,Kerala,3.3,,10.76,318.99
ORD102569,28-03-2024,Amazon,Electronics,Computers,Asus Computers M633,Asus,1,103574,103574,0,103574,COD,Delivered,7,CUST3391,Kanav Ranganathan,Male,62,New Delhi,Delhi,4.3,,14.88,15342.33
ORD101820,06-06-2025,Flipkart,Automotive,Accessories,JBL Accessories Z533,JBL,1,3894,3894,0,3894,Credit Card,Delivered,6,CUST5800,Charvi Baria,Male,18,Noida,Uttar Pradesh,2.8,,6.19,461.01
ORD100958,05-03-2024,Amazon,Electronics,Mobiles,Apple Mobiles Z921,Apple,1,16379,16379,5,15560.05,COD,Returned,6,CUST6492,Arhaan Saran,Male,28,Kolkata,West Bengal,2.1,Defective,14.91,842.32
ORD101793,21-02-2024,Flipkart,Fashion,Apparel,Portronics Apparel M528,Portronics,3,1677,5031,0,5031,UPI,Delivered,4,CUST5468,Khushi Johal,Female,26,Noida,Uttar Pradesh,2.7,,11.14,1504.44
ORD104786,06-01-2025,Flipkart,Automotive,Accessories,Boat Accessories S619,Boat,2,3442,6884,0,6884,UPI,Delivered,2,CUST6907,Parinaaz Sant,Male,29,Madurai,Tamil Nadu,2.8,,11.74,1201.86
ORD100654,10-08-2023,Myntra,Accessories,Wallets,Realme Wallets X977,Realme,3,2158,6474,10,5826.6,Credit Card,Delivered,12,CUST2757,Hiran Gulati,Female,58,Noida,Uttar Pradesh,1.6,,16,784.69
ORD102407,04-07-2024,Myntra,Accessories,Bags,Wildcraft Bags M474,Wildcraft,1,1348,1348,10,1213.2,Debit Card,Returned,8,CUST1895,Shray Char,Male,27,Mumbai,Maharashtra,1,Size issue,10.97,329.89
ORD103852,30-01-2023,Amazon,Home & Kitchen,Appliances,LG Appliances X686,LG,1,53665,53665,5,50981.75,COD,Delivered,11,CUST8567,Kimaya Luthra,Female,25,Surat,Gujarat,5,,15.32,15093.88
ORD101995,02-04-2023,Myntra,Personal Care,Makeup,Maybelline Makeup X837,Maybelline,1,1111,1111,25,833.25,COD,Delivered,12,CUST8522,Anahi Jaggi,Male,26,Surat,Gujarat,2.5,,9.71,140.43
ORD101760,14-12-2023,Amazon,Books,Stationery,Red Tape Stationery Z693,Red Tape,2,1871,3742,20,2993.6,Wallet,Delivered,10,CUST3632,Dhanush Sachar,Male,15,Surat,Gujarat,4.4,,11.35,480.79
ORD102354,26-07-2023,Max,Plus Size,Plus Bottoms,Lilliput Plus Bottoms Z330,Lilliput,2,997,1994,15,1694.9,COD,Delivered,4,CUST1247,Kashvi Contractor,Male,29,Mumbai,Maharashtra,3.3,,15.97,245.55
ORD102741,21-06-2024,Amazon,Home & Kitchen,Home Decor,FabIndia Home Decor S341,FabIndia,2,8093,16186,0,16186,Wallet,Delivered,4,CUST3958,Indrajit Vala,Female,23,Bengaluru,Karnataka,3.4,,8.8,2447.63
ORD102617,15-10-2024,Amazon,Beauty & Personal Care,Makeup,Maybelline Makeup X191,Maybelline,1,763,763,20,610.4,Wallet,Delivered,8,CUST2107,Vaibhav Jhaveri,Female,17,Mysuru,Karnataka,5,,7.75,138.4
ORD100411,15-07-2024,Amazon,Sports & Outdoors,Outdoor Gear,Home Centre Outdoor Gear Z770,Home Centre,4,573,2292,10,2062.8,UPI,Delivered,6,CUST1886,Prisha Bose,Female,58,Lucknow,Uttar Pradesh,5,,9.51,224.43
ORD101774,16-02-2023,Myntra,Footwear,Formal,Red Tape Formal X295,Red Tape,2,6518,13036,5,12384.2,COD,Delivered,6,CUST5358,Vardaniya Vala,Female,44,Pune,Maharashtra,1.4,,7.6,2614.89
ORD103978,27-06-2025,Max,Plus Size,Plus Tops,Decathlon Plus Tops Z722,Decathlon,2,4704,9408,20,7526.4,Credit Card,Delivered,2,CUST7952,Zain Bora,Male,37,Kolkata,West Bengal,2.5,,7.39,1581.87
ORD102186,28-02-2025,Flipkart,Electronics,Home Electronics,HomeTown Home Electronics S757,HomeTown,4,2179,8716,10,7844.4,UPI,Delivered,2,CUST1262,Kabir Basak,Female,25,Mumbai,Maharashtra,4,,13.15,575.5
ORD102379,07-07-2025,Amazon,Baby Products,Diapers,LG Diapers X134,LG,1,5083,5083,15,4320.55,UPI,Delivered,2,CUST8978,Inaaya  Wason,Female,20,Chennai,Tamil Nadu,3.7,,7,702.9
ORD103963,02-07-2023,Flipkart,Automotive,Spare Parts,Patanjali Spare Parts M776,Patanjali,1,2004,2004,0,2004,COD,Delivered,11,CUST3756,Mamooty Jayaraman,Male,17,Chennai,Tamil Nadu,2.2,,5.95,525.08
ORD104311,24-12-2024,Flipkart,Home & Furniture,Household Essentials,Himalaya Household Essentials M271,Himalaya,2,1233,2466,0,2466,Credit Card,Delivered,7,CUST7627,Zoya Rout,Male,18,New Delhi,Delhi,3.6,,12.84,205.5
ORD104774,22-02-2025,Flipkart,Fashion,Apparel,Patanjali Apparel Z159,Patanjali,3,1828,5484,15,4661.4,UPI,Delivered,1,CUST7983,Shray Deshpande,Male,53,Bengaluru,Karnataka,2.7,,15.24,1241.76
ORD103702,30-04-2023,Amazon,Fashion,Clothing,Only Clothing Z966,Only,3,3880,11640,5,11058,COD,Delivered,5,CUST4759,Pranay Bhardwaj,Female,17,Kolkata,West Bengal,3.7,,14.69,2127.63
ORD103972,09-11-2024,Myntra,Personal Care,Fragrances,Bata Fragrances S985,Bata,4,4900,19600,10,17640,UPI,In Transit,2,CUST1572,Lakshit Goel,Female,26,New Delhi,Delhi,3.1,,8.55,2350.82
ORD104765,06-12-2023,Max,Women's Fashion,Bottoms,Wildcraft Bottoms S954,Wildcraft,1,1346,1346,25,1009.5,UPI,Delivered,12,CUST8627,Hridaan Dora,Male,37,Nagpur,Maharashtra,2.6,,8.95,84.7
ORD103558,20-06-2023,Amazon,Beauty & Personal Care,Healthcare,Patanjali Healthcare X227,Patanjali,4,1659,6636,20,5308.8,Wallet,Delivered,6,CUST4312,Mohanlal Thakur,Female,31,Surat,Gujarat,4.6,,5.71,1177.33
ORD104110,26-04-2023,Flipkart,Beauty & Personal Care,Makeup,Maybelline Makeup X698,Maybelline,1,1301,1301,10,1170.9,COD,In Transit,10,CUST6481,Baiju Sankar,Female,27,Chennai,Tamil Nadu,2.4,,6.18,188.83
ORD103497,01-01-2024,Flipkart,Home & Furniture,Decor,Microsoft Decor S259,Microsoft,3,1295,3885,0,3885,Wallet,Delivered,4,CUST4682,Krish Kaur,Female,17,Surat,Gujarat,3.4,,4.3,571.39
ORD103765,21-05-2023,Myntra,Footwear,Casual,Campus Casual Z810,Campus,2,3976,7952,5,7554.4,COD,Delivered,5,CUST3554,Damini Acharya,Female,37,Surat,Gujarat,2.3,,6.1,974.61
ORD100430,22-02-2023,Amazon,Groceries,Gourmet Foods,IFB Gourmet Foods S392,IFB,1,3100,3100,10,2790,COD,Delivered,8,CUST1008,Samarth Dar,Male,30,Mumbai,Maharashtra,4.1,,16.53,109.05
ORD104484,22-02-2023,Myntra,Clothing,Ethnic Wear,FabIndia Ethnic Wear Z488,FabIndia,1,1446,1446,15,1229.1,COD,Delivered,5,CUST9119,Aniruddh Vora,Male,17,Thiruvananthapuram,Kerala,2.3,,8.65,178.55
ORD102321,19-06-2024,Amazon,Fashion,Watches,Titan Watches M292,Titan,2,9935,19870,15,16889.5,Debit Card,Delivered,8,CUST4108,Yashvi Divan,Male,23,Bengaluru,Karnataka,3.9,,13,2881.05
ORD101366,21-09-2025,Amazon,Electronics,Accessories,JBL Accessories Z171,JBL,2,636,1272,0,1272,UPI,Delivered,4,CUST6944,Madhup Anand,Female,21,Amritsar,Punjab,4.6,,17.89,205.16
ORD101992,23-07-2024,Flipkart,Grocery,Essentials,JBL Essentials X555,JBL,2,1312,2624,20,2099.2,UPI,Delivered,2,CUST4381,Taran Das,Female,27,Madurai,Tamil Nadu,3.2,,13.36,142.71
ORD102851,02-05-2023,Max,Kids' Fashion,Kids Shoes,Xiaomi Kids Shoes X988,Xiaomi,3,5029,15087,10,13578.3,COD,Delivered,10,CUST6347,Indranil Zachariah,Male,16,Jaipur,Rajasthan,2.2,,12.04,1231.92
ORD101176,10-08-2023,Max,Women's Fashion,Bottoms,LocalFarm Bottoms Z888,LocalFarm,4,852,3408,20,2726.4,Debit Card,Delivered,4,CUST8118,Nirvaan Sood,Female,29,New Delhi,Delhi,2,,10.65,443.76
ORD103528,27-08-2024,Max,Kids' Fashion,Accessories,Portronics Accessories Z894,Portronics,1,1952,1952,10,1756.8,Credit Card,Delivered,4,CUST9208,Tushar Bahl,Male,22,Pune,Maharashtra,2.4,,10.07,516.73
ORD101476,12-01-2023,Amazon,Sports & Outdoors,Outdoor Gear,Samsung Outdoor Gear X336,Samsung,1,2195,2195,5,2085.25,Wallet,Delivered,7,CUST6871,Saksham Sheth,Female,43,Vadodara,Gujarat,4.6,,11.45,279.96
ORD103740,03-02-2025,Flipkart,Automotive,Accessories,Portronics Accessories X312,Portronics,4,663,2652,10,2386.8,UPI,Delivered,3,CUST3398,Alia Vala,Male,37,Ahmedabad,Gujarat,2.7,,5.85,473.46
ORD102045,22-01-2024,Amazon,Sports & Outdoors,Fitness,HRX Fitness X371,HRX,3,54526,163578,5,155399.1,COD,Delivered,2,CUST6348,Sumer Ahluwalia,Male,20,Thiruvananthapuram,Kerala,5,,11.99,46219.48
ORD100102,05-08-2023,Max,Women's Fashion,Winter Wear,Samsung Winter Wear S479,Samsung,2,2164,4328,5,4111.6,COD,Delivered,8,CUST8692,Ritvik Johal,Female,42,Kolkata,West Bengal,2.1,,16.36,750.45
ORD104331,29-08-2024,Myntra,Accessories,Bags,Wildcraft Bags M309,Wildcraft,3,865,2595,10,2335.5,UPI,Delivered,4,CUST8322,Jayesh Yogi,Female,42,Kolkata,West Bengal,1.5,,10.37,226.64
ORD102992,14-02-2024,Flipkart,Electronics,Computers,HP Computers M804,HP,1,61139,61139,5,58082.05,Credit Card,Returned,7,CUST3888,Vidur Talwar,Female,26,Noida,Uttar Pradesh,2.5,Defective,5.65,10313.37
ORD101263,11-11-2024,Amazon,Fashion,Bags,Wildcraft Bags S746,Wildcraft,2,5674,11348,20,9078.4,UPI,Delivered,7,CUST7249,Yakshit Kunda,Female,19,Jaipur,Rajasthan,3.5,,14.95,2395.29
ORD102881,25-03-2024,Myntra,Clothing,Western Wear,Roadster Western Wear X835,Roadster,1,2802,2802,15,2381.7,UPI,Returned,5,CUST1995,Arhaan Basak,Female,23,Kanpur,Uttar Pradesh,2.3,Changed mind,9.24,603.62
ORD103138,18-06-2024,Max,Kids' Fashion,Kids Apparel,Campus Sutra Kids Apparel X896,Campus Sutra,3,5198,15594,10,14034.6,Wallet,Delivered,3,CUST2660,Shalv Bassi,Male,24,Coimbatore,Tamil Nadu,2.4,,4.09,1637.97
ORD103622,07-07-2025,Amazon,Beauty & Personal Care,Healthcare,Patanjali Healthcare Z437,Patanjali,1,808,808,5,767.6,Wallet,Delivered,1,CUST4715,Anya Chand,Female,30,Chennai,Tamil Nadu,3.6,,17.24,181.09
ORD103203,23-03-2025,Flipkart,Grocery,Essentials,Home Centre Essentials Z177,Home Centre,4,1648,6592,15,5603.2,UPI,Delivered,4,CUST9953,Madhup Kuruvilla,Male,50,Madurai,Tamil Nadu,4.3,,7.97,407.17
ORD104278,22-05-2023,Myntra,Home & Living,Furnishings,Home Centre Furnishings Z302,Home Centre,1,6363,6363,30,4454.1,COD,Delivered,11,CUST5546,Yuvraj  Samra,Female,49,Surat,Gujarat,2.6,,7.72,1274.18
ORD103299,23-07-2023,Flipkart,"Books, Sports & Gaming",Sporting Goods,Campus Sporting Goods S998,Campus,2,4178,8356,0,8356,Wallet,Delivered,3,CUST4346,Aradhya Barad,Female,38,Pune,Maharashtra,4.3,,14.18,1606.73
ORD104993,31-05-2025,Myntra,Footwear,Casual,Campus Casual Z884,Campus,1,354,354,10,318.6,Credit Card,Delivered,2,CUST3564,Shamik Wable,Female,28,Mumbai,Maharashtra,1.8,,14.4,71.79
ORD103633,13-11-2024,Amazon,Home & Kitchen,Appliances,LG Appliances X150,LG,1,47077,47077,5,44723.15,UPI,Delivered,8,CUST9690,Aradhya Ben,Female,39,New Delhi,Delhi,4,,17.42,3986.46
ORD101643,17-09-2024,Max,Men's Fashion,Winter Wear,HRX Winter Wear X376,HRX,3,3452,10356,30,7249.2,COD,Delivered,7,CUST5238,Advik Madan,Male,20,Amritsar,Punjab,2.4,,12.37,2172.12
ORD104505,18-08-2023,Amazon,Fashion,Shoes,Adidas Shoes Z679,Adidas,2,4629,9258,5,8795.1,Credit Card,Delivered,3,CUST3940,Tiya Thaker,Female,32,Mysuru,Karnataka,4.4,,4.48,821.81
ORD100000,16-10-2024,Amazon,Groceries,Gourmet Foods,Samsung Gourmet Foods S814,Samsung,1,3536,3536,0,3536,COD,Delivered,6,CUST5557,Dhanuk Gaba,Male,18,Kolkata,West Bengal,4.5,,11.63,145.05
ORD101580,30-08-2023,Amazon,Books,Books,HarperCollins Books X562,HarperCollins,2,1236,2472,0,2472,UPI,Delivered,4,CUST4227,Aniruddh Dhillon,Female,31,Mangalore,Karnataka,4.8,,9.65,451.24
ORD104422,10-08-2024,Amazon,Groceries,Fresh Produce,LocalFarm Fresh Produce M144,LocalFarm,2,742,1484,20,1187.2,Credit Card,In Transit,8,CUST2955,Adira Ahuja,Female,25,Noida,Uttar Pradesh,4.5,,13.72,59.88
ORD104116,19-09-2024,Amazon,Books,Stationery,W Stationery X257,W,3,643,1929,0,1929,UPI,Delivered,4,CUST5780,Zoya Varughese,Female,49,New Delhi,Delhi,4.7,,15.2,364.95
ORD101356,21-02-2024,Myntra,Footwear,Formal,Red Tape Formal X578,Red Tape,3,1321,3963,10,3566.7,UPI,Delivered,4,CUST9500,Hazel Raj,Male,27,Ahmedabad,Gujarat,2.4,,12.9,743.49
ORD104201,31-01-2024,Myntra,Clothing,Ethnic Wear,FabIndia Ethnic Wear S172,FabIndia,1,5056,5056,10,4550.4,COD,Delivered,6,CUST5017,Mehul Gour,Female,32,Bengaluru,Karnataka,2.1,,17.88,1116.7
ORD104574,10-11-2023,Flipkart,Electronics,Home Electronics,Portico Home Electronics M909,Portico,4,780,3120,0,3120,Debit Card,Delivered,4,CUST3751,Pihu Iyengar,Male,28,Nagpur,Maharashtra,4.2,,13.9,363.88
ORD103733,27-04-2023,Flipkart,Electronics,Computers,HP Computers X207,HP,1,128570,128570,5,122141.5,COD,Returned,12,CUST1727,Madhup Tak,Male,62,Ahmedabad,Gujarat,3.9,Size issue,5.91,8672.33
ORD102025,12-08-2023,Amazon,Groceries,Fresh Produce,LocalFarm Fresh Produce M165,LocalFarm,2,1519,3038,0,3038,Debit Card,Delivered,6,CUST2137,Kimaya Wagle,Female,29,Chennai,Tamil Nadu,3.6,,5.36,97.6
ORD102218,22-07-2025,Flipkart,Fashion,Footwear,Campus Footwear M792,Campus,1,1401,1401,20,1120.8,UPI,Delivered,4,CUST6902,Biju Mani,Male,41,Pune,Maharashtra,2.1,,12.74,256.87
ORD100396,26-01-2024,Flipkart,Electronics,Computers,Lenovo Computers Z514,Lenovo,1,65735,65735,5,62448.25,UPI,Delivered,2,CUST1068,Miraan Sangha,Male,20,Mumbai,Maharashtra,2.7,,6.74,10559.82
ORD104941,16-04-2024,Flipkart,Fashion,Footwear,Voylla Footwear Z312,Voylla,2,5233,10466,30,7326.2,Debit Card,Delivered,2,CUST9738,Piya Mann,Male,29,Mumbai,Maharashtra,2.9,,13.34,1824.45
ORD101064,17-05-2023,Max,Plus Size,Plus Bottoms,Microsoft Plus Bottoms X745,Microsoft,3,3701,11103,25,8327.25,UPI,Delivered,11,CUST9418,Amani Mahajan,Female,56,Pune,Maharashtra,3,,7.99,1269.6
ORD103080,16-05-2023,Max,Accessories,Seasonal,Nikon Seasonal X830,Nikon,2,840,1680,15,1428,COD,Returned,12,CUST1714,Veer Chaudhry,Male,38,Pune,Maharashtra,2.4,Late delivery,10.64,328.17
ORD102153,06-07-2025,Max,Plus Size,Plus Tops,Levis Plus Tops M428,Levis,1,4243,4243,5,4030.85,UPI,Delivered,4,CUST4240,Drishya Sangha,Male,21,Kozhikode,Kerala,3.4,,14.44,1133.12
ORD100818,29-03-2025,Flipkart,"Books, Sports & Gaming",Books,HarperCollins Books S880,HarperCollins,3,202,606,5,575.7,UPI,Delivered,1,CUST2940,Hrishita Soman,Male,36,Nagpur,Maharashtra,4.6,,9.96,154.42
ORD101812,21-09-2023,Flipkart,Beauty & Personal Care,Makeup,Loreal Makeup Z904,Loreal,1,2053,2053,0,2053,COD,Delivered,10,CUST9949,Amira Kapoor,Female,32,Chennai,Tamil Nadu,3.4,,4.25,202.6
ORD102552,17-04-2024,Amazon,Sports & Outdoors,Outdoor Gear,Asus Outdoor Gear M321,Asus,4,2581,10324,10,9291.6,Credit Card,In Transit,8,CUST8097,Kiaan Talwar,Female,44,Mysuru,Karnataka,3.9,,15.99,1862.62
ORD101552,02-09-2025,Max,Accessories,Bags,Baggit Bags Z399,Baggit,4,3527,14108,20,11286.4,UPI,Delivered,1,CUST4053,Nirvi Shukla,Female,29,Kolkata,West Bengal,1.8,,13.79,1363.74
ORD104047,10-01-2023,Amazon,Sports & Outdoors,Outdoor Gear,H&M Outdoor Gear S635,H&M,2,2695,5390,0,5390,Debit Card,In Transit,5,CUST5506,Anvi Lala,Female,48,Jaipur,Rajasthan,4.5,,12.84,682.8
ORD100816,05-09-2024,Amazon,Baby Products,Apparel,Decathlon Apparel M265,Decathlon,2,1959,3918,25,2938.5,UPI,Returned,5,CUST7724,Aaryahi Thakkar,Male,24,Mumbai,Maharashtra,3.6,Other,12.59,513.93
ORD101572,05-08-2023,Max,Plus Size,Plus Bottoms,Sparx Plus Bottoms Z985,Sparx,3,578,1734,5,1647.3,Credit Card,Delivered,8,CUST7039,Nakul Guha,Female,23,Chennai,Tamil Nadu,3.3,,8.68,205.22
ORD104552,12-11-2023,Max,Women's Fashion,Tops,HP Tops Z384,HP,1,1161,1161,10,1044.9,Credit Card,Delivered,8,CUST1085,Bhamini Goel,Female,60,Noida,Uttar Pradesh,2.5,,13.79,251.23
ORD101800,13-06-2023,Amazon,Groceries,Essentials,Red Tape Essentials X102,Red Tape,1,2073,2073,20,1658.4,Credit Card,Delivered,5,CUST8367,Kimaya Randhawa,Male,27,Mumbai,Maharashtra,4.3,,13.45,71.45
ORD104287,08-02-2024,Myntra,Footwear,Sports,Penguin Sports M759,Penguin,3,2127,6381,25,4785.75,Credit Card,Delivered,3,CUST4494,Veer Balakrishnan,Female,32,Ahmedabad,Gujarat,1.4,,14.12,790.61
ORD100381,08-03-2025,Myntra,Accessories,Watches,Titan Watches X647,Titan,2,2728,5456,40,3273.6,UPI,Delivered,5,CUST7247,Gatik Master,Female,31,Bengaluru,Karnataka,2,,12.03,543.4
ORD102874,13-06-2023,Amazon,Baby Products,Feeding Supplies,Nike Feeding Supplies Z631,Nike,1,4344,4344,10,3909.6,UPI,Delivered,12,CUST1361,Zaina Bera,Female,42,Amritsar,Punjab,4.1,,5.47,1073.56
ORD104347,05-02-2025,Myntra,Accessories,Wallets,Decathlon Wallets X795,Decathlon,3,766,2298,15,1953.3,UPI,Delivered,1,CUST9636,Aarna Deep,Female,21,Thiruvananthapuram,Kerala,2.4,,11.03,266.77
ORD104626,13-07-2024,Max,Kids' Fashion,Kids Apparel,Zara Kids Apparel X258,Zara,3,770,2310,10,2079,COD,Delivered,6,CUST9977,Tanya Ganesan,Female,49,Pune,Maharashtra,2.9,,14.48,285.15
ORD103503,09-03-2025,Max,Kids' Fashion,Accessories,Boat Accessories Z699,Boat,2,629,1258,5,1195.1,UPI,Delivered,4,CUST5906,Elakshi Desai,Female,15,Surat,Gujarat,2.2,,17.64,241.24
ORD102311,17-05-2023,Amazon,Fashion,Bags,Baggit Bags X609,Baggit,1,2270,2270,15,1929.5,COD,Delivered,3,CUST8749,Ishita Dugar,Male,22,Ahmedabad,Gujarat,3.8,,15.75,468
ORD101780,14-02-2024,Flipkart,Electronics,Computers,Lenovo Computers S858,Lenovo,1,64470,64470,0,64470,UPI,Delivered,6,CUST6863,Divij Sane,Male,17,Bengaluru,Karnataka,3.3,,4.16,11238.5
ORD102726,06-05-2024,Myntra,Clothing,Ethnic Wear,Biba Ethnic Wear S619,Biba,2,1610,3220,25,2415,Debit Card,Delivered,7,CUST1873,Madhav Kumar,Male,56,Noida,Uttar Pradesh,3,,14.98,444.7
ORD102437,18-04-2024,Flipkart,Grocery,Essentials,Lilliput Essentials M507,Lilliput,3,3975,11925,5,11328.75,COD,Delivered,4,CUST5436,Eva Kashyap,Female,55,Ahmedabad,Gujarat,3.9,,16.14,522.3
ORD102333,06-04-2023,Amazon,Groceries,Gourmet Foods,Voylla Gourmet Foods Z367,Voylla,1,3607,3607,5,3426.65,UPI,Delivered,8,CUST6771,Renee Sehgal,Female,43,Ludhiana,Punjab,4,,11.38,231.02
ORD100864,15-06-2023,Max,Women's Fashion,Winter Wear,Asus Winter Wear Z501,Asus,4,1532,6128,30,4289.6,COD,Delivered,11,CUST9867,Samar Bansal,Female,48,Howrah,West Bengal,2.6,,4.41,577.15
ORD103638,31-03-2023,Amazon,Sports & Outdoors,Fitness,HRX Fitness M229,HRX,3,52459,157377,0,157377,COD,Delivered,12,CUST3361,Faiyaz Kari,Male,28,Ahmedabad,Gujarat,4.4,,4.72,17707.49
ORD103164,14-04-2023,Max,Kids' Fashion,Accessories,JBL Accessories S529,JBL,2,2862,5724,0,5724,Credit Card,Delivered,6,CUST9052,Anaya Dhaliwal,Male,45,Noida,Uttar Pradesh,2.9,,13.59,554.5
ORD100554,03-07-2023,Max,Accessories,Shoes,Puma Shoes M535,Puma,3,8753,26259,20,21007.2,COD,Delivered,10,CUST8540,Tiya Varghese,Female,15,New Delhi,Delhi,1.7,,4.56,5691.63
ORD101159,23-05-2023,Amazon,Fashion,Jewelry,Tanishq Jewelry M453,Tanishq,3,8009,24027,10,21624.3,COD,Delivered,6,CUST3367,Aarav Swaminathan,Female,27,Chennai,Tamil Nadu,4,,16.2,3484.45
ORD101213,26-03-2025,Amazon,Electronics,Accessories,JBL Accessories Z351,JBL,4,2710,10840,10,9756,UPI,Delivered,2,CUST2408,Saira Choudhury,Female,32,Surat,Gujarat,4.4,,11.52,1346.09
ORD103760,31-10-2023,Amazon,Beauty & Personal Care,Healthcare,Patanjali Healthcare S864,Patanjali,2,399,798,5,758.1,COD,Delivered,7,CUST6447,Kiara Barad,Male,32,New Delhi,Delhi,5,,13.64,62.91
ORD104213,22-04-2025,Amazon,Beauty & Personal Care,Healthcare,Himalaya Healthcare X418,Himalaya,3,1970,5910,15,5023.5,Debit Card,In Transit,1,CUST3421,Aarav Grover,Female,31,Ahmedabad,Gujarat,4.4,,5.1,1133.08
ORD100048,24-05-2023,Amazon,Electronics,Televisions,Samsung Televisions Z386,Samsung,1,124386,124386,0,124386,UPI,Delivered,11,CUST2622,Uthkarsh Kumar,Female,22,Lucknow,Uttar Pradesh,3.3,,6.16,12928.06
ORD102367,25-10-2024,Myntra,Home & Living,Decor,FabIndia Decor Z941,FabIndia,2,395,790,15,671.5,UPI,Delivered,5,CUST5767,Damini Bhargava,Female,55,Pune,Maharashtra,1.7,,14.33,122.99
ORD100700,03-08-2023,Max,Women's Fashion,Bottoms,Bosch Bottoms S107,Bosch,1,514,514,30,359.8,COD,Delivered,9,CUST7919,Pranay Raj,Male,17,Surat,Gujarat,2.6,,10.29,93.36
ORD100652,05-06-2023,Flipkart,Beauty & Personal Care,Grooming,Philips Grooming S215,Philips,4,967,3868,0,3868,UPI,Delivered,7,CUST9385,Manjari Dhar,Female,39,Kolkata,West Bengal,2.5,,10.32,688.58
ORD103933,29-07-2025,Amazon,Groceries,Gourmet Foods,Lakme Gourmet Foods S678,Lakme,2,4344,8688,10,7819.2,Credit Card,Delivered,6,CUST5512,Ritvik Dhar,Female,27,Coimbatore,Tamil Nadu,5,,10.98,459.9
ORD104409,29-08-2025,Flipkart,Grocery,Essentials,Asus Essentials S379,Asus,3,3100,9300,10,8370,UPI,Cancelled,2,CUST7807,Badal Sridhar,Female,43,Bengaluru,Karnataka,3.7,,14.62,483.39
ORD103311,25-09-2023,Myntra,Home & Living,Kitchenware,Hawkins Kitchenware Z407,Hawkins,4,7495,29980,10,26982,Debit Card,Delivered,11,CUST6170,Kabir Dhaliwal,Male,28,Kolkata,West Bengal,2.7,,14.46,6879.34
ORD100748,14-11-2024,Amazon,Electronics,Accessories,JBL Accessories Z990,JBL,1,4055,4055,0,4055,COD,Returned,5,CUST7893,Jayan Sathe,Female,40,Kolkata,West Bengal,3.7,,12.02,699.64
ORD101455,27-04-2023,Amazon,Sports & Outdoors,Outdoor Gear,Campus Sutra Outdoor Gear M829,Campus Sutra,2,1433,2866,5,2722.7,COD,Delivered,10,CUST7880,Yakshit Wadhwa,Female,46,Nagpur,Maharashtra,4.3,,15.38,238.14
ORD104195,20-01-2024,Max,Women's Fashion,Winter Wear,Portico Winter Wear M424,Portico,1,3787,3787,15,3218.95,COD,Delivered,6,CUST4187,Abram Ganesh,Male,23,Jaipur,Rajasthan,2.3,,9.96,644.36
ORD102389,15-04-2025,Amazon,Home & Kitchen,Kitchenware,Prestige Kitchenware S380,Prestige,1,5755,5755,15,4891.75,Debit Card,Delivered,6,CUST7911,Pihu Seth,Female,33,Bengaluru,Karnataka,3.2,,17.06,1127.3
ORD103494,06-01-2024,Amazon,Books,Stationery,IFB Stationery X502,IFB,3,1992,5976,10,5378.4,UPI,Delivered,3,CUST4229,Indranil Andra,Male,43,Noida,Uttar Pradesh,3.6,,14.35,1066.16
ORD100866,07-08-2024,Flipkart,"Books, Sports & Gaming",Gaming,Microsoft Gaming S564,Microsoft,1,54246,54246,10,48821.4,UPI,Returned,5,CUST1139,Indrajit Sharma,Male,24,New Delhi,Delhi,1.6,,7.15,8382.79
ORD100752,12-07-2025,Myntra,Home & Living,Decor,Roadster Decor Z200,Roadster,4,3536,14144,10,12729.6,UPI,Delivered,5,CUST4549,Anya Sarraf,Female,19,Mumbai,Maharashtra,1.8,,9.7,1222.26
ORD101644,26-03-2024,Amazon,Electronics,Cameras,Sony Cameras S580,Sony,1,23138,23138,5,21981.1,UPI,Delivered,5,CUST4613,Anvi Tandon,Male,26,Surat,Gujarat,5,,5.95,1242.43
ORD100092,10-07-2023,Amazon,Books,Stationery,Home Centre Stationery X367,Home Centre,4,1240,4960,0,4960,UPI,Delivered,8,CUST5374,Diya Dalal,Male,27,Jaipur,Rajasthan,4.3,,9.37,662.7
ORD104824,19-09-2024,Amazon,Baby Products,Feeding Supplies,Philips Feeding Supplies M182,Philips,4,2408,9632,5,9150.4,UPI,Delivered,6,CUST5371,Aayush Khare,Female,49,Amritsar,Punjab,3.7,,5.97,1758.9
ORD103101,24-09-2023,Amazon,Beauty & Personal Care,Grooming,HUL Grooming Z744,HUL,1,4218,4218,10,3796.2,COD,Returned,10,CUST1644,Chirag Verma,Male,50,Jaipur,Rajasthan,3.2,Defective,15.9,830.46
ORD102432,17-08-2025,Amazon,Groceries,Snacks,HUL Snacks S831,HUL,4,3974,15896,0,15896,Credit Card,Delivered,1,CUST1467,Lagan Krishnan,Male,15,Nagpur,Maharashtra,3.1,,10.71,644.59
ORD102629,05-11-2024,Amazon,Beauty & Personal Care,Makeup,Loreal Makeup M579,Loreal,4,2634,10536,5,10009.2,Credit Card,Delivered,6,CUST2533,Rohan Choudhury,Female,22,Vadodara,Gujarat,4,,10.18,1872.08
ORD101490,24-03-2024,Amazon,Sports & Outdoors,Outdoor Gear,Canon Outdoor Gear Z185,Canon,1,3815,3815,10,3433.5,COD,Delivered,8,CUST6990,Ryan Bail,Female,15,Mumbai,Maharashtra,5,,11.82,815.06
ORD102895,04-09-2023,Amazon,Baby Products,Diapers,Samsung Diapers S409,Samsung,4,1782,7128,5,6771.6,COD,Delivered,10,CUST5187,Neelofar Bhagat,Female,40,Jaipur,Rajasthan,4.9,,9.28,1935.4
ORD102177,09-12-2024,Myntra,Home & Living,Furnishings,Home Centre Furnishings M113,Home Centre,4,12562,50248,10,45223.2,COD,Delivered,2,CUST7844,Adah Ratta,Female,57,Mumbai,Maharashtra,2.2,,15.82,6217.05
ORD100729,04-06-2024,Max,Accessories,Bags,Wildcraft Bags S739,Wildcraft,1,2113,2113,10,1901.7,COD,Delivered,8,CUST4612,Akarsh Bal,Male,36,Surat,Gujarat,1.8,,15.73,210.59
ORD104759,13-08-2024,Amazon,Electronics,Televisions,LG Televisions X450,LG,1,123819,123819,0,123819,UPI,Delivered,3,CUST7685,Kavya Grewal,Female,21,Ahmedabad,Gujarat,3.9,,15.36,10077.69
ORD102471,25-02-2024,Amazon,Beauty & Personal Care,Makeup,Loreal Makeup X245,Loreal,3,1620,4860,5,4617,Debit Card,Delivered,3,CUST3721,Krish Mahajan,Female,60,Ahmedabad,Gujarat,3,,10.17,1208.14
ORD102242,08-05-2025,Amazon,Baby Products,Diapers,Samsung Diapers Z399,Samsung,4,2009,8036,0,8036,Debit Card,Delivered,2,CUST1840,Emir Bains,Female,19,Mysuru,Karnataka,3.9,,6.16,969.66
ORD101936,09-04-2024,Amazon,Baby Products,Feeding Supplies,Samsung Feeding Supplies Z179,Samsung,1,3915,3915,20,3132,UPI,In Transit,8,CUST5277,Ranbir Sankaran,Male,15,Mumbai,Maharashtra,5,,6.21,846.63
ORD101745,11-06-2023,Amazon,Sports & Outdoors,Sportswear,Nike Sportswear Z755,Nike,4,1988,7952,0,7952,UPI,Delivered,11,CUST6924,Jivika Desai,Female,22,Kozhikode,Kerala,4.9,,7.13,2203.34
ORD104746,09-12-2023,Amazon,Home & Kitchen,Kitchenware,Hawkins Kitchenware M448,Hawkins,4,7436,29744,0,29744,COD,Delivered,12,CUST2053,Lavanya Rajagopal,Male,17,Kolkata,West Bengal,3.4,,15.74,5043.22
ORD104373,31-08-2025,Max,Women's Fashion,Bottoms,Roadster Bottoms M792,Roadster,2,2706,5412,10,4870.8,Credit Card,Delivered,2,CUST9550,Parinaaz Sani,Male,16,New Delhi,Delhi,2.8,,17.87,878.02
ORD103491,21-02-2024,Amazon,Beauty & Personal Care,Makeup,Loreal Makeup S914,Loreal,4,973,3892,20,3113.6,COD,Delivered,3,CUST1335,Khushi Dhar,Female,39,Noida,Uttar Pradesh,3.8,,5.9,576.89
ORD101110,20-03-2024,Max,Men's Fashion,Winter Wear,H&M Winter Wear S597,H&M,2,2991,5982,5,5682.9,UPI,Delivered,4,CUST6832,Anya Sheth,Female,27,Ahmedabad,Gujarat,2.2,,16.51,1246.91
ORD103337,14-05-2025,Max,Men's Fashion,T-Shirts,Sony T-Shirts M790,Sony,1,4880,4880,10,4392,Debit Card,Delivered,3,CUST9068,Aayush Balasubramanian,Male,40,Howrah,West Bengal,2.1,,10.4,801.02
ORD104032,19-02-2025,Flipkart,Home & Furniture,Household Essentials,Portico Household Essentials S678,Portico,4,3277,13108,10,11797.2,Credit Card,Delivered,5,CUST2689,Miraan Agate,Female,32,Amritsar,Punjab,2.7,,16.71,2589.9
ORD104471,23-02-2024,Amazon,Sports & Outdoors,Fitness,HRX Fitness S781,HRX,2,3045,6090,0,6090,UPI,Delivered,8,CUST8734,Hansh Shere,Male,54,Kolkata,West Bengal,2.6,,10.26,502
ORD104157,28-09-2023,Flipkart,Beauty & Personal Care,Grooming,HUL Grooming M356,HUL,2,3635,7270,10,6543,COD,Delivered,4,CUST3848,Nitara Ray,Male,17,Amritsar,Punjab,3.1,,7.4,1460.86
ORD100346,29-07-2025,Flipkart,"Books, Sports & Gaming",Sporting Goods,Lenovo Sporting Goods M529,Lenovo,2,3527,7054,10,6348.6,UPI,Delivered,4,CUST3473,Divit Yadav,Female,60,Noida,Uttar Pradesh,3.6,,4.86,1568.25
ORD101185,01-04-2023,Amazon,Sports & Outdoors,Sportswear,Nike Sportswear M835,Nike,1,1397,1397,0,1397,UPI,Delivered,12,CUST5201,Hrishita Chaudhry,Male,46,Kolkata,West Bengal,4.1,,8.24,252.79
ORD104006,22-01-2025,Myntra,Footwear,Sports,Campus Sports Z823,Campus,1,1347,1347,15,1144.95,Credit Card,In Transit,5,CUST8744,Biju Rege,Male,62,Coimbatore,Tamil Nadu,1.3,,8.3,230.42
ORD101515,20-05-2025,Amazon,Groceries,Snacks,Hawkins Snacks M692,Hawkins,1,4530,4530,5,4303.5,Wallet,Returned,3,CUST5335,Manjari Sane,Female,41,Bengaluru,Karnataka,3.4,Size issue,6.54,183.41
ORD104669,22-07-2024,Max,Plus Size,Plus Tops,HP Plus Tops Z261,HP,3,2713,8139,10,7325.1,UPI,Delivered,5,CUST3788,Hazel Garde,Male,39,Noida,Uttar Pradesh,1,,9.96,1749.36
ORD100578,09-08-2023,Flipkart,"Books, Sports & Gaming",Gaming,Sony Gaming M382,Sony,1,50514,50514,20,40411.2,UPI,Delivered,9,CUST7144,Aarna Arya,Male,25,Mumbai,Maharashtra,2.7,,10.82,5723.49
ORD101964,14-08-2025,Max,Men's Fashion,Shirts,H&M Shirts M275,H&M,4,352,1408,10,1267.2,Debit Card,Delivered,6,CUST1769,Biju Bala,Female,40,New Delhi,Delhi,2.5,,16.7,236.96
ORD100075,30-08-2025,Flipkart,Grocery,Essentials,Himalaya Essentials X368,Himalaya,4,3497,13988,5,13288.6,UPI,Delivered,2,CUST4048,Bhamini Kaur,Female,57,Chennai,Tamil Nadu,3.8,,17.45,415.88
ORD101429,16-11-2023,Myntra,Accessories,Bags,Baggit Bags X206,Baggit,3,2366,7098,30,4968.6,UPI,Delivered,6,CUST8506,Indrans Madan,Female,56,Surat,Gujarat,1.6,,17.74,1267.33
ORD103712,12-08-2024,Amazon,Baby Products,Feeding Supplies,Patanjali Feeding Supplies M983,Patanjali,1,4480,4480,5,4256,UPI,Delivered,6,CUST6663,Neelofar Soni,Male,25,Bengaluru,Karnataka,3.8,,14.75,648.22
ORD104430,15-05-2024,Amazon,Sports & Outdoors,Fitness,HRX Fitness Z174,HRX,3,6687,20061,5,19057.95,Wallet,Delivered,2,CUST6718,Nitara Varkey,Male,59,Chennai,Tamil Nadu,4,,5.86,1646.19
ORD102751,11-10-2023,Myntra,Accessories,Watches,Fastrack Watches Z508,Fastrack,3,5453,16359,30,11451.3,Wallet,Delivered,12,CUST2658,Nirvaan Dhar,Female,31,Surat,Gujarat,2.1,,14.99,2065.83
ORD104952,08-06-2023,Myntra,Clothing,Ethnic Wear,FabIndia Ethnic Wear X480,FabIndia,1,3719,3719,20,2975.2,COD,Delivered,10,CUST9170,Reyansh Bansal,Male,41,Noida,Uttar Pradesh,1.8,,7.7,370.4
ORD101846,12-10-2023,Myntra,Accessories,Bags,Baggit Bags S547,Baggit,4,4825,19300,40,11580,UPI,Delivered,8,CUST7420,Rati Dube,Female,44,New Delhi,Delhi,2.1,,15.29,1855.17
ORD100131,15-10-2024,Flipkart,Grocery,Essentials,HP Essentials X908,HP,4,3911,15644,5,14861.8,UPI,Delivered,8,CUST1225,Gatik Bhagat,Female,50,Bengaluru,Karnataka,3,,5.02,882.32
ORD100178,26-08-2024,Max,Men's Fashion,Winter Wear,Himalaya Winter Wear Z723,Himalaya,4,4242,16968,15,14422.8,UPI,Delivered,6,CUST6273,Miraan Dugal,Male,39,Chennai,Tamil Nadu,2.8,,5.45,3240.15
ORD102899,13-07-2025,Max,Women's Fashion,Tops,Nike Tops X248,Nike,2,3337,6674,20,5339.2,UPI,Delivered,1,CUST6264,Ryan Din,Female,47,Mumbai,Maharashtra,2.5,,13.31,1086.03
ORD104466,04-02-2024,Myntra,Personal Care,Skincare,Adidas Skincare S305,Adidas,4,1817,7268,10,6541.2,Credit Card,Delivered,3,CUST8637,Shanaya Bajaj,Male,25,Howrah,West Bengal,2.7,,8.22,1329.28
ORD104194,13-12-2023,Myntra,Clothing,Kids Wear,Maybelline Kids Wear S728,Maybelline,4,4844,19376,10,17438.4,COD,Delivered,10,CUST2922,Nitara Karan,Female,22,Lucknow,Uttar Pradesh,1.5,,10.3,2474.83
ORD102522,10-03-2024,Amazon,Baby Products,Apparel,Penguin Apparel M159,Penguin,4,3921,15684,0,15684,Credit Card,Delivered,6,CUST1720,Hrishita Varughese,Male,55,Kolkata,West Bengal,4,,16.66,1915.33
ORD101842,27-07-2023,Amazon,Beauty & Personal Care,Healthcare,Patanjali Healthcare Z616,Patanjali,3,1872,5616,15,4773.6,UPI,Returned,9,CUST9029,Riya Balan,Female,38,Ahmedabad,Gujarat,3.3,Other,9.65,381.99
ORD102098,25-06-2024,Flipkart,Grocery,Essentials,Maybelline Essentials Z377,Maybelline,1,669,669,0,669,UPI,Delivered,6,CUST2556,Madhup Balakrishnan,Male,18,Chennai,Tamil Nadu,3.6,,14.08,44.37
ORD103949,24-03-2023,Amazon,Beauty & Personal Care,Healthcare,Patanjali Healthcare S944,Patanjali,3,353,1059,0,1059,COD,Delivered,7,CUST5285,Neelofar Loyal,Female,52,Chennai,Tamil Nadu,4.2,,14.76,84.93
ORD102373,10-11-2023,Flipkart,Electronics,Computers,Dell Computers X966,Dell,1,46006,46006,0,46006,Credit Card,Delivered,8,CUST9015,Lakshay Boase,Male,34,Bengaluru,Karnataka,3.3,,15.11,2781.3
ORD100604,18-12-2024,Flipkart,Home & Furniture,Household Essentials,FabIndia Household Essentials X431,FabIndia,2,849,1698,10,1528.2,Debit Card,Delivered,3,CUST2697,Kiaan Issac,Male,17,Lucknow,Uttar Pradesh,3,,9.55,431.99
ORD102627,31-05-2023,Max,Women's Fashion,Tops,Nike Tops Z921,Nike,2,781,1562,10,1405.8,UPI,Delivered,5,CUST1840,Darshit Goswami,Female,25,Noida,Uttar Pradesh,1.8,,6.16,121.09
ORD100025,01-09-2025,Myntra,Accessories,Bags,Wildcraft Bags S576,Wildcraft,3,1879,5637,0,5637,Wallet,Returned,1,CUST4908,Samiha Balakrishnan,Female,31,Pune,Maharashtra,2.4,Defective,15.75,1221.5
ORD100658,12-07-2023,Amazon,Baby Products,Apparel,Portico Apparel S428,Portico,4,3620,14480,10,13032,Credit Card,In Transit,8,CUST7082,Umang Wadhwa,Male,59,Vadodara,Gujarat,3.5,,6.29,2930.8
ORD104977,28-03-2024,Amazon,Home & Kitchen,Home Decor,FabIndia Home Decor X451,FabIndia,3,5533,16599,10,14939.1,Credit Card,Delivered,2,CUST1409,Taran Dada,Female,32,New Delhi,Delhi,4.1,,5.05,3212.47
ORD103317,14-10-2025,Flipkart,Grocery,Fresh,Sony Fresh Z930,Sony,3,3991,11973,0,11973,UPI,Delivered,6,CUST2511,Anika Ratta,Male,31,Howrah,West Bengal,3.3,,7.1,752.74
ORD103868,26-04-2024,Flipkart,Grocery,Essentials,Lilliput Essentials M449,Lilliput,4,2647,10588,0,10588,Wallet,Cancelled,7,CUST9993,Yakshit Grover,Female,18,Amritsar,Punjab,1.9,,13.69,724.94
ORD100173,27-03-2024,Amazon,Groceries,Snacks,Himalaya Snacks S959,Himalaya,2,4896,9792,10,8812.8,UPI,Delivered,2,CUST8895,Shray Kuruvilla,Male,41,New Delhi,Delhi,3.4,,10.06,584.58
ORD101611,02-06-2024,Flipkart,Electronics,Computers,HP Computers Z692,HP,1,67697,67697,5,64312.15,Debit Card,In Transit,7,CUST4659,Raghav Lalla,Male,36,Mysuru,Karnataka,3,,15.07,10140.67
ORD100437,03-10-2024,Flipkart,Grocery,Essentials,Only Essentials Z289,Only,2,3488,6976,15,5929.6,Credit Card,Delivered,7,CUST8848,Aayush Vora,Female,23,Pune,Maharashtra,4.7,,10.07,221.87
ORD100331,24-02-2025,Flipkart,"Books, Sports & Gaming",Books,Penguin Books Z950,Penguin,1,1785,1785,0,1785,UPI,Delivered,5,CUST6300,Manjari Sekhon,Male,41,Pune,Maharashtra,2.9,,17.01,184.45
ORD103100,07-06-2025,Flipkart,Home & Furniture,Household Essentials,Lenovo Household Essentials S846,Lenovo,2,4009,8018,0,8018,UPI,Delivered,3,CUST2855,Himmat Bhardwaj,Male,34,Kolkata,West Bengal,3,,8.69,1613.46
ORD101454,09-05-2023,Myntra,Personal Care,Haircare,Loreal Haircare X656,Loreal,3,3393,10179,30,7125.3,Wallet,Delivered,10,CUST2393,Vanya Ahuja,Female,39,Thiruvananthapuram,Kerala,3.3,,6.71,616.07
ORD100342,10-06-2023,Flipkart,Electronics,Computers,Dell Computers X675,Dell,1,58855,58855,0,58855,COD,Delivered,5,CUST6533,Renee Datta,Female,22,Kozhikode,Kerala,3.7,,11.05,9115.82
ORD103209,25-05-2023,Flipkart,Electronics,Mobiles,Apple Mobiles S755,Apple,1,67081,67081,5,63726.95,UPI,Delivered,4,CUST8915,Taimur Mane,Male,64,Coimbatore,Tamil Nadu,2.1,,6.61,11399.22
ORD104576,31-12-2023,Amazon,Baby Products,Diapers,Campus Diapers M283,Campus,3,583,1749,5,1661.55,UPI,Delivered,11,CUST6944,Rasha Chowdhury,Male,17,Bengaluru,Karnataka,4.9,,8.39,373.43
ORD101088,17-10-2024,Flipkart,Fashion,Accessories,Boat Accessories M643,Boat,3,3005,9015,20,7212,UPI,Delivered,2,CUST1725,Divit Ganesan,Female,45,Kolkata,West Bengal,3.4,,7.78,1609.34
ORD100479,27-06-2024,Flipkart,Home & Furniture,Decor,Nike Decor Z280,Nike,2,2490,4980,5,4731,UPI,Delivered,2,CUST7923,Mishti Buch,Male,21,Bengaluru,Karnataka,3.3,,13.08,1140.36
ORD100727,31-12-2024,Flipkart,Grocery,Fresh,FabIndia Fresh Z891,FabIndia,4,2641,10564,10,9507.6,Credit Card,Delivered,3,CUST1328,Zaina Borra,Female,21,Bengaluru,Karnataka,3.8,,16.97,664.72
ORD103783,10-05-2024,Amazon,Sports & Outdoors,Fitness,HRX Fitness Z530,HRX,3,27153,81459,10,73313.1,Credit Card,Delivered,4,CUST5862,Anya Sibal,Male,35,Bengaluru,Karnataka,3.7,,6.68,14031.96
ORD100976,12-01-2025,Amazon,Groceries,Gourmet Foods,Zara Gourmet Foods M340,Zara,2,3874,7748,0,7748,Credit Card,Returned,5,CUST6064,Jayesh Bahri,Male,59,Chennai,Tamil Nadu,3.4,,17.76,605.91
ORD103784,27-12-2024,Amazon,Electronics,Televisions,Sony Televisions S774,Sony,1,31477,31477,10,28329.3,Debit Card,Delivered,5,CUST1310,Anvi Srivastava,Male,27,Kolkata,West Bengal,3.6,,4.71,1872.19
ORD102977,26-07-2025,Myntra,Clothing,Western Wear,Roadster Western Wear Z986,Roadster,1,5303,5303,30,3712.1,UPI,Delivered,1,CUST3444,Akarsh Kalla,Female,24,Bengaluru,Karnataka,2.1,,4.4,732.39
ORD101928,11-12-2024,Amazon,Groceries,Essentials,Bosch Essentials X476,Bosch,1,3276,3276,5,3112.2,Wallet,Delivered,4,CUST4089,Elakshi Andra,Female,17,Howrah,West Bengal,4,,5.15,115.94
ORD101468,18-09-2024,Max,Men's Fashion,Shirts,HP Shirts Z332,HP,3,1730,5190,40,3114,UPI,Delivered,6,CUST5225,Umang Lata,Male,58,Kolkata,West Bengal,3.2,,17.99,565.25
ORD101224,03-09-2024,Amazon,Sports & Outdoors,Fitness,Decathlon Fitness X611,Decathlon,1,28910,28910,15,24573.5,UPI,Delivered,6,CUST1775,Shaan Rajagopal,Male,32,Pune,Maharashtra,4.4,,11.43,7089.63
ORD102856,10-07-2023,Myntra,Footwear,Casual,Sparx Casual Z858,Sparx,1,3401,3401,15,2890.85,COD,In Transit,11,CUST9980,Anaya Kala,Male,19,Mumbai,Maharashtra,1.6,,14.17,846.14
ORD101952,05-03-2023,Amazon,Books,Stationery,Samsung Stationery S159,Samsung,4,1786,7144,5,6786.8,UPI,Delivered,8,CUST1834,Nirvaan Barad,Male,40,Surat,Gujarat,4.2,,7.96,1262.54
ORD104830,06-05-2025,Myntra,Personal Care,Skincare,OnePlus Skincare M898,OnePlus,3,933,2799,10,2519.1,UPI,Delivered,2,CUST5269,Akarsh Sampath,Female,43,Kolkata,West Bengal,2.2,,11.86,650.61
ORD104500,02-10-2025,Flipkart,Electronics,Mobiles,Apple Mobiles X242,Apple,1,26844,26844,0,26844,UPI,Delivered,2,CUST6746,Mehul Char,Male,39,Jaipur,Rajasthan,3,,4.14,3075.07
ORD101892,22-01-2023,Amazon,Books,Books,Penguin Books X711,Penguin,1,1274,1274,5,1210.3,COD,In Transit,6,CUST2260,Vivaan Ghosh,Female,19,Kozhikode,Kerala,4.2,,12.89,121.79
ORD101299,15-02-2024,Amazon,Sports & Outdoors,Sportswear,Adidas Sportswear X334,Adidas,4,777,3108,10,2797.2,UPI,Delivered,5,CUST1543,Seher Sodhi,Male,32,Jaipur,Rajasthan,4.6,,14.98,377.73
ORD102990,04-03-2023,Myntra,Footwear,Sports,Portico Sports M630,Portico,3,511,1533,0,1533,COD,Returned,9,CUST3129,Hiran Kothari,Male,36,Pune,Maharashtra,1,Size issue,8.47,268.27
ORD104599,30-08-2025,Amazon,Home & Kitchen,Home Decor,FabIndia Home Decor S651,FabIndia,4,2733,10932,0,10932,Debit Card,Delivered,2,CUST2025,Tarini Keer,Female,24,Chennai,Tamil Nadu,4.8,,9.96,1962.94
ORD100660,10-02-2025,Flipkart,Beauty & Personal Care,Makeup,Loreal Makeup X689,Loreal,3,1969,5907,15,5020.95,UPI,Delivered,2,CUST9214,Tara Bava,Female,19,Madurai,Tamil Nadu,3.5,,15.53,1374.53
ORD104577,10-06-2024,Amazon,Sports & Outdoors,Sportswear,Nike Sportswear S176,Nike,2,4210,8420,20,6736,UPI,Delivered,4,CUST7240,Yakshit Suri,Male,28,Mysuru,Karnataka,4.1,,13.15,1046.13
ORD104073,25-03-2023,Myntra,Personal Care,Haircare,Lilliput Haircare X843,Lilliput,2,5254,10508,10,9457.2,COD,Delivered,10,CUST3035,Samar Rastogi,Male,28,Kolkata,West Bengal,2.1,,17.5,1923.44
ORD102784,31-07-2023,Myntra,Footwear,Casual,Campus Casual X627,Campus,4,2177,8708,10,7837.2,COD,Delivered,12,CUST2101,Azad Doshi,Female,32,Kolkata,West Bengal,2.7,,17.25,2028.45
ORD104937,20-07-2024,Amazon,Books,Books,Penguin Books S324,Penguin,4,684,2736,5,2599.2,UPI,Cancelled,3,CUST8232,Ishita Chakrabarti,Female,65,Amritsar,Punjab,4.1,,14.89,424.25
ORD103827,26-09-2023,Max,Men's Fashion,Shirts,Biba Shirts S566,Biba,2,3630,7260,20,5808,Wallet,Delivered,8,CUST2304,Alia Gade,Male,53,New Delhi,Delhi,3.4,,7.17,1296.14
ORD102714,06-02-2025,Max,Accessories,Seasonal,FabIndia Seasonal M711,FabIndia,4,2611,10444,20,8355.2,UPI,Delivered,1,CUST4567,Badal Jain,Male,55,Kolkata,West Bengal,2.5,,14.81,2200.54
ORD104657,13-04-2024,Myntra,Personal Care,Skincare,Lilliput Skincare X541,Lilliput,4,2053,8212,5,7801.4,Debit Card,Cancelled,3,CUST2660,Rati Srinivasan,Female,16,Mumbai,Maharashtra,2.7,,16.4,1991.88
ORD100267,21-01-2025,Amazon,Books,Stationery,Sony Stationery M358,Sony,3,249,747,5,709.65,UPI,Delivered,6,CUST2351,Kimaya Shere,Female,24,Pune,Maharashtra,3.7,,12.74,81.2
ORD104442,27-08-2024,Flipkart,Grocery,Essentials,Xiaomi Essentials S262,Xiaomi,2,3960,7920,0,7920,UPI,Delivered,8,CUST6923,Oorja Jain,Male,38,Ahmedabad,Gujarat,3.3,,15.8,432.21
ORD104959,11-06-2025,Myntra,Clothing,Kids Wear,IFB Kids Wear S194,IFB,1,2819,2819,25,2114.25,Credit Card,Delivered,5,CUST5912,Vidur Chaudry,Male,55,Surat,Gujarat,2.3,,12.71,286.45
ORD103372,29-06-2025,Flipkart,Fashion,Footwear,HRX Footwear X543,HRX,3,1683,5049,20,4039.2,Debit Card,Delivered,5,CUST2863,Krish Butala,Female,62,Coimbatore,Tamil Nadu,2.5,,5.83,959.24
ORD103595,03-04-2025,Flipkart,Beauty & Personal Care,Makeup,Lakme Makeup Z661,Lakme,3,1651,4953,5,4705.35,Debit Card,In Transit,2,CUST6056,Mannat Date,Female,17,Bengaluru,Karnataka,3.4,,4.39,757.43
ORD104316,27-10-2023,Myntra,Accessories,Jewelry,Voylla Jewelry Z302,Voylla,2,21546,43092,15,36628.2,Debit Card,Delivered,6,CUST2593,Saanvi Bose,Female,23,Ahmedabad,Gujarat,2.5,,11.78,10371.91
ORD103722,08-07-2023,Myntra,Accessories,Watches,Titan Watches X343,Titan,3,11462,34386,10,30947.4,Credit Card,Delivered,9,CUST3319,Zara Ahuja,Female,55,Mysuru,Karnataka,2,,13.3,5839.57
ORD103406,18-12-2024,Amazon,Groceries,Essentials,Canon Essentials S849,Canon,4,2686,10744,10,9669.6,UPI,Delivered,5,CUST5035,Badal Kuruvilla,Male,15,Amritsar,Punjab,4.5,,15.12,707.9
ORD101278,01-12-2023,Amazon,Sports & Outdoors,Fitness,HRX Fitness X209,HRX,4,2524,10096,15,8581.6,UPI,Delivered,9,CUST4378,Advik Tripathi,Male,45,Kochi,Kerala,4,,5.9,1874.29
ORD104640,13-02-2023,Amazon,Groceries,Snacks,Only Snacks S851,Only,4,2631,10524,5,9997.8,COD,Delivered,10,CUST7938,Aradhya Kapadia,Female,18,Surat,Gujarat,4.3,,14.99,456.71
ORD103917,09-07-2023,Myntra,Clothing,Ethnic Wear,Biba Ethnic Wear S822,Biba,4,3508,14032,0,14032,COD,Cancelled,12,CUST9659,Anay Kamdar,Female,22,Kolkata,West Bengal,2.1,,14.96,1727.68
ORD102678,28-05-2025,Amazon,Home & Kitchen,Furniture,Nilkamal Furniture Z737,Nilkamal,2,15032,30064,10,27057.6,Wallet,Delivered,6,CUST6212,Parinaaz Dua,Female,26,Chennai,Tamil Nadu,4,,14.24,6334.09
ORD101621,22-05-2023,Amazon,Home & Kitchen,Home Decor,Home Centre Home Decor S154,Home Centre,3,1209,3627,0,3627,UPI,In Transit,5,CUST2678,Ryan Varughese,Male,25,Bengaluru,Karnataka,3.7,,4.39,299.4
ORD104103,09-10-2024,Amazon,Fashion,Watches,Fastrack Watches X816,Fastrack,1,5152,5152,30,3606.4,Debit Card,Delivered,4,CUST4009,Gokul Sekhon,Female,30,Mumbai,Maharashtra,4.4,,16.7,847.01
ORD102857,26-05-2024,Myntra,Home & Living,Kitchenware,Hawkins Kitchenware M133,Hawkins,4,6625,26500,20,21200,UPI,Delivered,7,CUST4215,Ryan Rege,Male,58,Kanpur,Uttar Pradesh,2.2,,11.1,6037.91
ORD101896,25-09-2023,Amazon,Baby Products,Apparel,Voylla Apparel Z402,Voylla,3,5730,17190,0,17190,Wallet,Delivered,3,CUST9968,Vivaan Sengupta,Female,16,Chennai,Tamil Nadu,4.7,,9.02,4583.63
ORD103924,18-06-2023,Myntra,Home & Living,Kitchenware,Hawkins Kitchenware X182,Hawkins,4,2330,9320,10,8388,COD,Delivered,3,CUST9445,Oorja Sachar,Male,36,Bengaluru,Karnataka,2.1,,6.62,2414.29
ORD103014,23-11-2024,Amazon,Beauty & Personal Care,Grooming,HUL Grooming Z417,HUL,2,3593,7186,0,7186,UPI,Delivered,4,CUST3834,Inaaya  Sharma,Male,28,Mumbai,Maharashtra,4.4,,17.42,714.69
ORD104438,08-09-2024,Amazon,Electronics,Televisions,LG Televisions Z965,LG,1,95500,95500,20,76400,Credit Card,Delivered,4,CUST7766,Tiya Kamdar,Male,25,Mumbai,Maharashtra,3.9,,8.69,8101.31
ORD100067,24-07-2023,Myntra,Footwear,Formal,Red Tape Formal S936,Red Tape,3,4881,14643,5,13910.85,Credit Card,Delivered,5,CUST3414,Adira Magar,Male,44,Howrah,West Bengal,3.1,,7.82,3883.46
ORD102042,24-12-2023,Amazon,Beauty & Personal Care,Healthcare,Patanjali Healthcare S812,Patanjali,2,115,230,5,218.5,COD,Returned,11,CUST8778,Sara Chandra,Male,56,Chennai,Tamil Nadu,3.2,Size issue,5.46,38.19
ORD102580,04-10-2024,Myntra,Footwear,Casual,Sparx Casual S855,Sparx,2,384,768,20,614.4,UPI,Delivered,3,CUST2867,Bhamini Lad,Male,31,Pune,Maharashtra,2.4,,8.7,120.94
ORD103782,09-06-2025,Amazon,Baby Products,Feeding Supplies,Only Feeding Supplies M414,Only,3,3715,11145,5,10587.75,Credit Card,Delivered,3,CUST5106,Kismat Koshy,Male,62,Pune,Maharashtra,3.5,,12.83,880.56
ORD103790,11-02-2023,Max,Accessories,Seasonal,Samsung Seasonal M860,Samsung,3,2246,6738,20,5390.4,COD,Delivered,9,CUST8993,Anaya Balay,Male,23,Ludhiana,Punjab,2.5,,9.73,1089.12
ORD100820,07-01-2023,Myntra,Home & Living,Furnishings,Portico Furnishings M973,Portico,4,12430,49720,40,29832,COD,Delivered,12,CUST5476,Ahana  Luthra,Male,27,Chennai,Tamil Nadu,2.6,,17.03,8275.35
ORD101226,06-12-2024,Flipkart,Electronics,Mobiles,Samsung Mobiles S593,Samsung,1,70990,70990,5,67440.5,Credit Card,Delivered,5,CUST9981,Baiju Sinha,Male,26,Kolkata,West Bengal,4.1,,7.28,8612.24
ORD102991,28-04-2023,Flipkart,Electronics,Computers,Dell Computers X274,Dell,1,130306,130306,5,123790.7,COD,In Transit,9,CUST2574,Khushi Suri,Male,20,Lucknow,Uttar Pradesh,2.5,,8.22,18674.87
ORD103132,07-12-2023,Flipkart,Grocery,Fresh,FabIndia Fresh Z393,FabIndia,1,2625,2625,15,2231.25,COD,In Transit,9,CUST3492,Advika Wali,Male,26,Kolkata,West Bengal,4.1,,15.42,97.59
ORD102743,09-08-2024,Amazon,Groceries,Essentials,Maybelline Essentials M548,Maybelline,1,3693,3693,15,3139.05,COD,Delivered,2,CUST2555,Neelofar Upadhyay,Male,45,Bengaluru,Karnataka,4.9,,14.11,246.35
ORD104457,30-08-2024,Max,Plus Size,Plus Bottoms,Prestige Plus Bottoms X788,Prestige,2,4122,8244,0,8244,UPI,Delivered,6,CUST4519,Mehul Dhillon,Female,36,Kochi,Kerala,2.2,,12.43,2148.37
ORD104269,08-02-2024,Flipkart,Electronics,Computers,Asus Computers X122,Asus,1,57395,57395,10,51655.5,UPI,Delivered,7,CUST3746,Ranbir Ganguly,Male,54,Noida,Uttar Pradesh,4.1,,16.27,6148.88
ORD103349,05-02-2023,Max,Plus Size,Plus Tops,Himalaya Plus Tops S785,Himalaya,2,2625,5250,10,4725,COD,Delivered,10,CUST2062,Renee Rege,Male,19,Ahmedabad,Gujarat,2.6,,13.28,848.8
ORD101143,16-02-2025,Amazon,Fashion,Jewelry,Tanishq Jewelry Z672,Tanishq,4,11869,47476,30,33233.2,UPI,Returned,1,CUST1369,Manikya Magar,Male,43,Kochi,Kerala,4.1,,11.78,7120.33
ORD100397,05-08-2025,Flipkart,"Books, Sports & Gaming",Sporting Goods,Campus Sutra Sporting Goods M813,Campus Sutra,1,2554,2554,0,2554,Debit Card,Delivered,2,CUST6711,Bhavin Dhingra,Female,24,Chennai,Tamil Nadu,4,,14.68,742.09
ORD102906,28-05-2024,Amazon,Electronics,Cameras,Sony Cameras M885,Sony,1,46239,46239,5,43927.05,UPI,Delivered,7,CUST4255,Prisha Kuruvilla,Male,19,Noida,Uttar Pradesh,5,,15.33,2700.13
ORD104301,01-05-2024,Myntra,Home & Living,Kitchenware,Hawkins Kitchenware M682,Hawkins,4,3193,12772,5,12133.4,UPI,Delivered,8,CUST5572,Piya Jaggi,Female,64,Surat,Gujarat,2.8,,14.74,2110.58
ORD102759,14-08-2024,Myntra,Footwear,Formal,Red Tape Formal X839,Red Tape,3,4754,14262,40,8557.2,UPI,Delivered,6,CUST1905,Ryan Sen,Male,23,Surat,Gujarat,2.4,,11.74,1177.56
ORD101398,23-10-2024,Amazon,Sports & Outdoors,Fitness,Decathlon Fitness S802,Decathlon,4,2250,9000,5,8550,UPI,Delivered,5,CUST7948,Khushi Shan,Male,35,Noida,Uttar Pradesh,3.9,,15.69,2467.26
ORD101659,26-04-2024,Flipkart,Fashion,Accessories,Boat Accessories S770,Boat,2,2612,5224,30,3656.8,Credit Card,Delivered,3,CUST1796,Kashvi Sangha,Male,24,Pune,Maharashtra,2.9,,10.08,746.75
ORD100979,27-02-2024,Max,Women's Fashion,Bottoms,Sony Bottoms S188,Sony,2,1023,2046,10,1841.4,UPI,In Transit,7,CUST7199,Kabir Majumdar,Female,24,Madurai,Tamil Nadu,2.9,,9.87,446.65
ORD101298,07-03-2024,Myntra,Clothing,Kids Wear,Home Centre Kids Wear M914,Home Centre,2,446,892,15,758.2,Credit Card,In Transit,4,CUST3651,Diya Thakur,Female,61,Kochi,Kerala,2.5,,12.04,68.11
ORD103555,02-02-2024,Flipkart,Beauty & Personal Care,Makeup,Loreal Makeup X645,Loreal,3,2915,8745,10,7870.5,UPI,Delivered,5,CUST1002,Dhruv Dugar,Female,28,New Delhi,Delhi,2.9,,15.16,2188.37
ORD100082,08-01-2025,Amazon,Home & Kitchen,Kitchenware,Prestige Kitchenware X541,Prestige,4,550,2200,20,1760,UPI,Delivered,3,CUST8710,Hunar Randhawa,Female,24,Mangalore,Karnataka,4.7,,12.37,467.15
ORD104507,29-08-2023,Amazon,Home & Kitchen,Furniture,HomeTown Furniture X721,HomeTown,2,37597,75194,10,67674.6,COD,Delivered,7,CUST5106,Abram Salvi,Male,23,Ahmedabad,Gujarat,3.8,,4.44,12334.3
ORD102458,06-11-2023,Max,Women's Fashion,Dresses,Adidas Dresses M185,Adidas,3,3549,10647,5,10114.65,COD,Delivered,6,CUST7568,Vanya Mammen,Female,41,New Delhi,Delhi,2.9,,10.05,1004.9
ORD103739,06-04-2024,Amazon,Books,Stationery,H&M Stationery X836,H&M,4,2180,8720,20,6976,COD,Delivered,3,CUST6438,Farhan Chahal,Female,20,Coimbatore,Tamil Nadu,5,,6.18,563.06
ORD103781,30-11-2024,Amazon,Beauty & Personal Care,Makeup,Loreal Makeup M687,Loreal,2,2730,5460,5,5187,UPI,Delivered,3,CUST6407,Vardaniya Venkataraman,Female,23,Pune,Maharashtra,3.7,,6.2,533.3
ORD102288,14-03-2023,Flipkart,Home & Furniture,Household Essentials,Roadster Household Essentials S325,Roadster,1,3596,3596,0,3596,COD,Delivered,5,CUST2468,Aniruddh Goda,Male,15,Mumbai,Maharashtra,2.6,,7.38,556.65
ORD100423,24-05-2024,Flipkart,Beauty & Personal Care,Makeup,Maybelline Makeup S279,Maybelline,1,2199,2199,10,1979.1,Credit Card,Delivered,8,CUST1693,Indrajit Mangal,Female,45,Ahmedabad,Gujarat,3.1,,17.99,569.76
ORD104339,09-04-2023,Amazon,Beauty & Personal Care,Makeup,Maybelline Makeup M640,Maybelline,2,3346,6692,0,6692,COD,Delivered,5,CUST5927,Samiha Sarraf,Male,15,Thiruvananthapuram,Kerala,3.4,,12.95,1910.74
ORD101904,02-03-2024,Myntra,Personal Care,Skincare,Realme Skincare S601,Realme,2,3898,7796,5,7406.2,COD,In Transit,5,CUST6520,Hrishita Dada,Female,37,Kolkata,West Bengal,1.5,,17.85,1554.28
ORD104538,17-11-2023,Flipkart,Grocery,Essentials,Penguin Essentials X591,Penguin,2,540,1080,15,918,COD,Delivered,4,CUST7585,Manikya De,Female,49,Mumbai,Maharashtra,3.1,,13.78,67.99
ORD103352,26-07-2023,Flipkart,Home & Furniture,Household Essentials,Sony Household Essentials S238,Sony,2,3331,6662,0,6662,COD,Delivered,5,CUST1271,Nishith Bhavsar,Male,34,Bengaluru,Karnataka,2.8,,16.79,893.73
ORD103102,29-09-2025,Max,Accessories,Seasonal,HarperCollins Seasonal X689,HarperCollins,4,321,1284,20,1027.2,UPI,Delivered,4,CUST8422,Mishti Atwal,Female,15,New Delhi,Delhi,2.7,,14.49,197.34
ORD101565,07-03-2024,Flipkart,Fashion,Apparel,Samsung Apparel M573,Samsung,1,1123,1123,20,898.4,COD,Returned,4,CUST1682,Anahi Randhawa,Male,30,Kozhikode,Kerala,3.2,,16.93,180.55
ORD103355,06-02-2024,Amazon,Books,Books,HarperCollins Books M796,HarperCollins,2,646,1292,10,1162.8,UPI,Delivered,2,CUST8841,Yuvaan Koshy,Female,16,Ahmedabad,Gujarat,4.4,,9.53,204.59
ORD100839,14-05-2025,Max,Plus Size,Plus Tops,FabIndia Plus Tops S615,FabIndia,1,2943,2943,0,2943,Credit Card,Delivered,1,CUST3228,Tushar Shetty,Male,47,Mysuru,Karnataka,3.3,,10.43,372.23
ORD100500,21-12-2024,Amazon,Home & Kitchen,Appliances,Samsung Appliances M305,Samsung,1,43100,43100,20,34480,UPI,In Transit,7,CUST1491,Mohanlal Kalla,Male,34,Mumbai,Maharashtra,4.8,,17.12,10229.71
ORD100141,13-01-2023,Amazon,Beauty & Personal Care,Makeup,Lakme Makeup X272,Lakme,3,3184,9552,0,9552,Wallet,Delivered,5,CUST6432,Shalv Kanda,Male,17,Pune,Maharashtra,3.9,,5.29,2544.66
ORD101377,04-04-2023,Myntra,Clothing,Ethnic Wear,FabIndia Ethnic Wear S232,FabIndia,1,4067,4067,20,3253.6,Credit Card,Delivered,5,CUST4437,Khushi Chawla,Female,47,Kozhikode,Kerala,1.6,,6.91,294.4
ORD103697,14-10-2024,Max,Women's Fashion,Dresses,Zara Dresses X222,Zara,3,3655,10965,0,10965,COD,Delivered,2,CUST5745,Aradhya Karpe,Female,30,Noida,Uttar Pradesh,2.1,,13.57,2578.81
ORD102144,23-06-2025,Myntra,Footwear,Formal,Red Tape Formal M474,Red Tape,2,2795,5590,30,3913,Debit Card,Delivered,2,CUST4697,Akarsh Butala,Female,33,Ahmedabad,Gujarat,2.6,,5.08,412.83
ORD101138,09-06-2023,Amazon,Home & Kitchen,Appliances,Samsung Appliances X906,Samsung,1,24139,24139,0,24139,COD,Returned,7,CUST7897,Rhea Dhaliwal,Female,23,Noida,Uttar Pradesh,3.5,Size issue,17.82,3938.91
ORD102927,11-01-2023,Flipkart,Home & Furniture,Household Essentials,Xiaomi Household Essentials M306,Xiaomi,1,1967,1967,0,1967,COD,Delivered,4,CUST1666,Mannat Kohli,Male,35,Chennai,Tamil Nadu,3.3,,13.23,471.16
ORD101787,25-11-2023,Amazon,Sports & Outdoors,Sportswear,Adidas Sportswear Z146,Adidas,3,2173,6519,10,5867.1,Credit Card,Delivered,3,CUST1593,Piya Chatterjee,Male,59,Kolkata,West Bengal,4.3,,4.83,1417.09
ORD103484,11-04-2025,Flipkart,Automotive,Spare Parts,Decathlon Spare Parts S886,Decathlon,4,11973,47892,5,45497.4,Debit Card,Delivered,6,CUST9573,Ehsaan Sami,Male,38,Noida,Uttar Pradesh,2.8,,7.72,12272.01
ORD100550,22-07-2024,Myntra,Accessories,Bags,Baggit Bags Z711,Baggit,4,5763,23052,30,16136.4,UPI,Delivered,8,CUST7551,Reyansh Hayer,Female,30,Kolkata,West Bengal,2.5,,8.46,4611.1
ORD104906,07-11-2024,Flipkart,Home & Furniture,Decor,Ikea Decor Z748,Ikea,3,689,2067,5,1963.65,UPI,Returned,8,CUST4190,Fateh Bobal,Female,29,New Delhi,Delhi,2.9,Other,4.17,558.63
ORD102019,26-01-2024,Amazon,Sports & Outdoors,Fitness,HRX Fitness X803,HRX,4,45829,183316,0,183316,COD,Delivered,2,CUST7802,Ranbir Chaudhary,Male,26,Noida,Uttar Pradesh,3.7,,9.04,38802.37
ORD100948,28-12-2023,Amazon,Electronics,Mobiles,Realme Mobiles S465,Realme,1,78289,78289,15,66545.65,COD,Delivered,10,CUST7153,Abram Bhakta,Male,44,Bengaluru,Karnataka,4.1,,8.68,6665.11
ORD102600,17-02-2024,Myntra,Personal Care,Skincare,Biba Skincare Z753,Biba,3,1771,5313,20,4250.4,Wallet,Delivered,7,CUST1171,Aarav Dada,Female,26,Howrah,West Bengal,1.9,,6.91,501.61
ORD100532,24-02-2025,Flipkart,"Books, Sports & Gaming",Gaming,Sony Gaming X535,Sony,1,18579,18579,5,17650.05,UPI,Returned,6,CUST8913,Farhan Vora,Female,47,Chennai,Tamil Nadu,2.4,,7.3,3203.52
ORD101829,02-04-2023,Max,Accessories,Seasonal,Nikon Seasonal S231,Nikon,1,1763,1763,20,1410.4,COD,Delivered,3,CUST4553,Hansh Sibal,Female,40,Kolkata,West Bengal,3.2,,13.2,290.9
ORD102917,04-09-2023,Max,Accessories,Seasonal,Loreal Seasonal Z277,Loreal,3,538,1614,25,1210.5,Wallet,Delivered,5,CUST5335,Mamooty Ratti,Female,65,Mumbai,Maharashtra,1.9,,13.83,196.53
ORD104418,22-06-2023,Flipkart,Electronics,Home Electronics,Fastrack Home Electronics M716,Fastrack,4,1384,5536,20,4428.8,COD,Delivered,3,CUST7548,Kanav Kar,Female,21,Jaipur,Rajasthan,3.2,,13.68,505.37
ORD103871,02-06-2024,Flipkart,Grocery,Fresh,Adidas Fresh Z234,Adidas,3,2953,8859,5,8416.05,Debit Card,Delivered,4,CUST9478,Misha Wadhwa,Male,22,Ahmedabad,Gujarat,3.4,,12.71,497.56
ORD101602,25-06-2023,Amazon,Books,Stationery,Hawkins Stationery X788,Hawkins,1,1737,1737,10,1563.3,COD,Delivered,8,CUST7729,Adira Golla,Female,21,Chennai,Tamil Nadu,5,,16.93,143.73
ORD100639,28-02-2025,Max,Kids' Fashion,Accessories,Boat Accessories M519,Boat,2,2363,4726,20,3780.8,UPI,Delivered,3,CUST4737,Aaryahi Rana,Male,42,Ahmedabad,Gujarat,1.7,,11.64,922.11
ORD104832,12-03-2023,Myntra,Personal Care,Fragrances,Roadster Fragrances X729,Roadster,4,4391,17564,10,15807.6,COD,Delivered,6,CUST7712,Elakshi Hegde,Female,25,Kolkata,West Bengal,2.3,,8.01,2980.44
ORD100967,14-01-2025,Flipkart,Beauty & Personal Care,Makeup,Maybelline Makeup X103,Maybelline,1,3059,3059,10,2753.1,COD,Returned,5,CUST8429,Vanya Dhaliwal,Female,25,Bengaluru,Karnataka,3.1,Changed mind,14.41,822.33
ORD104237,01-04-2024,Flipkart,"Books, Sports & Gaming",Gaming,Sony Gaming Z142,Sony,1,39040,39040,0,39040,Credit Card,Delivered,7,CUST5999,Rania Dhingra,Male,56,Mumbai,Maharashtra,4,,17.36,7201.14
ORD102697,07-09-2023,Myntra,Footwear,Sports,Sony Sports X790,Sony,3,1520,4560,5,4332,UPI,Delivered,10,CUST5245,Badal Chaudhuri,Male,32,Surat,Gujarat,1.9,,4.08,686.07
ORD101683,16-08-2024,Amazon,Home & Kitchen,Home Decor,FabIndia Home Decor Z595,FabIndia,4,4652,18608,10,16747.2,UPI,Cancelled,6,CUST1745,Uthkarsh Rout,Male,53,Bengaluru,Karnataka,4,,6.48,1958.61
ORD104470,16-10-2025,Max,Kids' Fashion,Accessories,Boat Accessories M517,Boat,3,2675,8025,10,7222.5,Credit Card,Delivered,6,CUST9046,Sara Dara,Female,30,Pune,Maharashtra,2.4,,13.38,716.12
ORD102342,12-01-2025,Amazon,Sports & Outdoors,Outdoor Gear,HUL Outdoor Gear Z546,HUL,1,1617,1617,15,1374.45,COD,Delivered,5,CUST2833,Taimur Andra,Male,65,Mumbai,Maharashtra,5,,11.93,348.75
ORD100155,29-02-2024,Amazon,Fashion,Clothing,H&M Clothing S150,H&M,3,5090,15270,10,13743,UPI,Delivered,3,CUST7581,Neelofar Bajaj,Female,24,Mumbai,Maharashtra,4.4,,7.86,1534.37
ORD102487,16-09-2023,Amazon,Home & Kitchen,Home Decor,Home Centre Home Decor X148,Home Centre,2,6644,13288,0,13288,UPI,Delivered,12,CUST1157,Nishith Chada,Female,34,Ahmedabad,Gujarat,4.4,,11.62,3478.91
ORD104641,22-04-2025,Max,Men's Fashion,Winter Wear,Microsoft Winter Wear M258,Microsoft,1,2922,2922,10,2629.8,UPI,Delivered,1,CUST4922,Kaira Wagle,Male,21,Surat,Gujarat,2.2,,16.36,427.38
ORD101089,06-09-2024,Max,Men's Fashion,Bottoms,Loreal Bottoms M216,Loreal,1,2502,2502,25,1876.5,COD,Delivered,5,CUST9725,Ivan Keer,Male,44,Chennai,Tamil Nadu,3,,13.31,344.63
ORD102655,25-03-2023,Myntra,Accessories,Jewelry,Voylla Jewelry X548,Voylla,1,14329,14329,10,12896.1,Wallet,Delivered,7,CUST2718,Riya Ramesh,Male,45,Chennai,Tamil Nadu,2.5,,7.2,2934.18
ORD104240,01-09-2025,Flipkart,Automotive,Accessories,Portronics Accessories S392,Portronics,2,2022,4044,0,4044,UPI,In Transit,2,CUST2407,Yashvi Bava,Male,63,Mumbai,Maharashtra,3.9,,6.03,653.25
ORD100288,12-03-2024,Myntra,Home & Living,Kitchenware,Prestige Kitchenware S442,Prestige,3,5965,17895,0,17895,Wallet,Delivered,2,CUST2097,Mehul Sha,Male,32,Ahmedabad,Gujarat,1.7,,4.57,2874.21
ORD100930,23-07-2025,Amazon,Fashion,Watches,Titan Watches M532,Titan,1,2459,2459,25,1844.25,UPI,Delivered,2,CUST1708,Tiya Chatterjee,Female,16,Kochi,Kerala,3.9,,17.3,249.81
ORD102535,12-01-2023,Amazon,Books,Books,Penguin Books S551,Penguin,3,1741,5223,10,4700.7,Credit Card,Delivered,8,CUST9951,Kiara Dasgupta,Female,22,Bengaluru,Karnataka,4.8,,15.8,539.79
ORD104028,13-10-2025,Myntra,Accessories,Watches,Fastrack Watches X790,Fastrack,4,14640,58560,15,49776,UPI,Delivered,5,CUST6963,Samaira Rama,Female,17,Pune,Maharashtra,1,,14.73,8712.63
ORD103371,18-01-2025,Amazon,Home & Kitchen,Appliances,Samsung Appliances M801,Samsung,1,22357,22357,5,21239.15,Debit Card,Delivered,5,CUST8440,Aradhya Balasubramanian,Male,39,Thiruvananthapuram,Kerala,3.1,,9.69,3208.91
ORD104621,19-04-2023,Amazon,Beauty & Personal Care,Makeup,Lakme Makeup S450,Lakme,4,496,1984,15,1686.4,UPI,In Transit,3,CUST8025,Dhanush Rege,Female,22,Howrah,West Bengal,4.4,,6.1,493.85
ORD103291,30-07-2024,Max,Plus Size,Plus Tops,Voylla Plus Tops S776,Voylla,1,4910,4910,0,4910,UPI,Delivered,2,CUST2565,Riaan Dada,Male,20,Ahmedabad,Gujarat,2.6,,10.84,1115.36
ORD100942,29-08-2024,Amazon,Home & Kitchen,Furniture,Nilkamal Furniture M930,Nilkamal,1,49560,49560,0,49560,UPI,Delivered,5,CUST9669,Shaan Dhillon,Female,38,Mangalore,Karnataka,4.7,,16.97,12148.88
ORD103859,01-04-2024,Flipkart,"Books, Sports & Gaming",Books,HarperCollins Books M189,HarperCollins,3,1163,3489,10,3140.1,UPI,Delivered,5,CUST5410,Aradhya Chandran,Male,16,Chennai,Tamil Nadu,3,,11.72,728.24
ORD104662,04-12-2024,Amazon,Home & Kitchen,Furniture,Nilkamal Furniture M297,Nilkamal,3,50905,152715,0,152715,UPI,Delivered,8,CUST9432,Vardaniya Gupta,Female,33,Kolkata,West Bengal,4.8,,12.35,36364.78
ORD101698,12-01-2025,Amazon,Baby Products,Feeding Supplies,Lilliput Feeding Supplies S699,Lilliput,1,5178,5178,10,4660.2,UPI,Delivered,6,CUST5685,Kanav Chauhan,Male,23,Bengaluru,Karnataka,3.6,,14.72,666.22
ORD104708,26-05-2023,Amazon,Groceries,Essentials,OnePlus Essentials S833,OnePlus,1,4786,4786,20,3828.8,Credit Card,Returned,12,CUST7526,Jayan Rattan,Female,38,Ahmedabad,Gujarat,3.2,Late delivery,7.86,155
ORD103200,31-10-2023,Myntra,Footwear,Sports,Loreal Sports M458,Loreal,4,1653,6612,10,5950.8,Credit Card,Delivered,7,CUST4748,Miraan Ghose,Female,32,Chennai,Tamil Nadu,1.9,,9.46,898.74
ORD104601,30-07-2023,Amazon,Baby Products,Diapers,Prestige Diapers M479,Prestige,3,1064,3192,5,3032.4,Wallet,Delivered,11,CUST6511,Samaira Balasubramanian,Male,18,Thiruvananthapuram,Kerala,4.8,,5.21,814.7
ORD104608,07-07-2023,Max,Men's Fashion,Winter Wear,Nilkamal Winter Wear Z996,Nilkamal,4,3352,13408,10,12067.2,COD,Delivered,9,CUST5172,Kimaya Bahl,Female,33,Ahmedabad,Gujarat,2.1,,12.91,2681.37
ORD100985,18-08-2024,Flipkart,Automotive,Spare Parts,HRX Spare Parts X582,HRX,1,10972,10972,0,10972,Wallet,Delivered,3,CUST3727,Eva Kannan,Female,26,Ahmedabad,Gujarat,2.5,,13.89,932.39
ORD103318,21-09-2023,Flipkart,Fashion,Accessories,JBL Accessories Z342,JBL,2,2697,5394,40,3236.4,Credit Card,Cancelled,8,CUST7815,Saira Mannan,Female,20,Noida,Uttar Pradesh,3.3,,4.71,762.76
ORD102867,09-09-2024,Max,Plus Size,Plus Tops,LG Plus Tops Z314,LG,2,3249,6498,15,5523.3,Debit Card,Delivered,5,CUST4790,Navya Devan,Male,62,Mysuru,Karnataka,3.6,,4.83,1189.2
ORD104056,19-06-2025,Flipkart,Home & Furniture,Household Essentials,Lakme Household Essentials M271,Lakme,4,3471,13884,5,13189.8,Debit Card,Delivered,1,CUST5287,Hazel Hari,Female,65,Ahmedabad,Gujarat,2,,15.02,3186.22
ORD104777,13-01-2024,Myntra,Footwear,Formal,Red Tape Formal M552,Red Tape,4,1974,7896,25,5922,UPI,Delivered,3,CUST1730,Vanya Kata,Male,57,Chennai,Tamil Nadu,1.6,,13.24,903.57
ORD100981,31-05-2023,Flipkart,Electronics,Home Electronics,LocalFarm Home Electronics M986,LocalFarm,3,3049,9147,15,7774.95,Credit Card,Delivered,7,CUST1380,Shaan Sandhu,Male,25,Ludhiana,Punjab,3,,12.21,813.03
ORD102492,11-02-2023,Amazon,Home & Kitchen,Appliances,LG Appliances S687,LG,1,6098,6098,10,5488.2,Credit Card,Delivered,11,CUST7029,Rati Sem,Female,63,Noida,Uttar Pradesh,3.1,,9.4,1062.79
ORD103792,05-07-2024,Max,Accessories,Seasonal,Maybelline Seasonal S300,Maybelline,4,1525,6100,15,5185,Wallet,Delivered,3,CUST3262,Kashvi Sha,Male,29,Pune,Maharashtra,2.4,,12.89,1518.07
ORD103548,23-06-2024,Flipkart,Grocery,Essentials,HUL Essentials Z958,HUL,4,4026,16104,10,14493.6,UPI,Delivered,4,CUST3790,Ryan Rau,Female,62,Thiruvananthapuram,Kerala,4,,10.62,779.14
ORD102942,30-09-2024,Amazon,Beauty & Personal Care,Makeup,Lakme Makeup X977,Lakme,2,419,838,10,754.2,Wallet,Delivered,8,CUST6114,Urvi Amble,Female,55,Thiruvananthapuram,Kerala,3.9,,8.9,62.68
ORD103527,18-02-2023,Amazon,Sports & Outdoors,Sportswear,Nike Sportswear X334,Nike,1,5050,5050,25,3787.5,COD,Delivered,11,CUST7566,Anvi Bhasin,Male,60,Ahmedabad,Gujarat,3.8,,16.82,851.17
ORD103845,11-09-2023,Myntra,Footwear,Sports,HomeTown Sports M424,HomeTown,3,2189,6567,5,6238.65,COD,Delivered,3,CUST6024,Lakshit Vaidya,Male,50,Thiruvananthapuram,Kerala,2.1,,6.28,1790.27
ORD101457,22-06-2023,Flipkart,Electronics,Mobiles,Samsung Mobiles Z828,Samsung,1,48897,48897,5,46452.15,COD,Delivered,7,CUST4016,Anahi Som,Male,48,Bengaluru,Karnataka,3.1,,13.76,4248.52
ORD101395,19-12-2023,Myntra,Clothing,Ethnic Wear,Biba Ethnic Wear X664,Biba,3,1125,3375,10,3037.5,COD,Delivered,12,CUST7416,Charvi Ramanathan,Male,30,Pune,Maharashtra,2,,7.84,557.15
ORD100264,03-03-2024,Amazon,Home & Kitchen,Home Decor,Home Centre Home Decor Z665,Home Centre,2,6700,13400,5,12730,UPI,In Transit,7,CUST7974,Kaira Mahal,Male,15,Ahmedabad,Gujarat,4.6,,16.51,2965.91
ORD104095,03-07-2025,Flipkart,Electronics,Computers,HP Computers Z357,HP,1,94827,94827,0,94827,Credit Card,In Transit,4,CUST7406,Prerak Gour,Female,38,Kanpur,Uttar Pradesh,3.8,,11.81,14100.33
ORD100929,28-06-2025,Max,Accessories,Shoes,Nike Shoes Z838,Nike,4,3100,12400,15,10540,Credit Card,Delivered,5,CUST5820,Romil Madan,Female,26,Kozhikode,Kerala,2.2,,13.31,2923.63
ORD104871,28-03-2024,Max,Plus Size,Plus Tops,Campus Plus Tops X906,Campus,3,5510,16530,10,14877,UPI,Delivered,3,CUST3316,Rasha Kata,Female,27,Noida,Uttar Pradesh,2.2,,7.3,3214.05
ORD102692,09-07-2023,Myntra,Personal Care,Haircare,Only Haircare S558,Only,4,890,3560,10,3204,UPI,Delivered,6,CUST4623,Veer Hari,Female,40,New Delhi,Delhi,2.8,,15.88,868.33
ORD100246,25-12-2024,Amazon,Home & Kitchen,Kitchenware,Prestige Kitchenware S307,Prestige,3,5352,16056,10,14450.4,COD,Delivered,7,CUST5731,Renee Agate,Female,20,Ahmedabad,Gujarat,4.7,,14.22,4211.03
ORD103589,05-07-2025,Flipkart,Home & Furniture,Kitchen Appliances,Bata Kitchen Appliances M626,Bata,4,2309,9236,20,7388.8,UPI,Delivered,6,CUST7305,Vaibhav Guha,Male,55,Ahmedabad,Gujarat,3.8,,4.15,1073.51
ORD101758,14-03-2024,Amazon,Sports & Outdoors,Sportswear,Nike Sportswear S877,Nike,4,6131,24524,15,20845.4,UPI,Delivered,6,CUST8109,Vidur Shenoy,Female,31,New Delhi,Delhi,4,,16.03,2691.86
ORD104865,09-07-2025,Flipkart,Home & Furniture,Household Essentials,Himalaya Household Essentials Z811,Himalaya,1,4454,4454,25,3340.5,UPI,Delivered,5,CUST1743,Prisha Sahota,Male,28,Kochi,Kerala,1.9,,14.31,423.29
ORD102810,05-06-2023,Max,Women's Fashion,Dresses,HUL Dresses Z968,HUL,4,3005,12020,10,10818,COD,Delivered,4,CUST3358,Shanaya Vig,Female,57,Mumbai,Maharashtra,1,,6.95,1544.28
ORD100923,07-11-2024,Flipkart,Beauty & Personal Care,Makeup,Lakme Makeup S415,Lakme,4,1129,4516,10,4064.4,Credit Card,Delivered,6,CUST2543,Vaibhav Korpal,Female,50,Pune,Maharashtra,3.3,,16.18,839.07
ORD102880,03-01-2023,Flipkart,Automotive,Accessories,JBL Accessories Z232,JBL,2,2159,4318,20,3454.4,Credit Card,Delivered,9,CUST6892,Mahika Anne,Female,20,Bengaluru,Karnataka,3.8,,14.14,694.15
ORD100268,16-05-2023,Flipkart,Home & Furniture,Kitchen Appliances,Zara Kitchen Appliances Z870,Zara,2,4577,9154,10,8238.6,UPI,Delivered,6,CUST2382,Arhaan Singh,Male,40,Amritsar,Punjab,2.1,,16.07,1280.5
ORD100669,27-09-2023,Flipkart,Automotive,Accessories,Boat Accessories M930,Boat,2,1347,2694,5,2559.3,Credit Card,Delivered,11,CUST5356,Indrajit Krishnamurthy,Male,16,Ahmedabad,Gujarat,2.5,,15.03,268.23
ORD104475,05-12-2024,Max,Women's Fashion,Tops,Microsoft Tops S938,Microsoft,1,4201,4201,10,3780.9,Wallet,Delivered,5,CUST3126,Anaya Sant,Female,48,Kozhikode,Kerala,1.8,,13.76,1106.37
ORD101910,20-11-2023,Flipkart,Grocery,Essentials,Ikea Essentials Z467,Ikea,1,1217,1217,0,1217,UPI,In Transit,11,CUST5175,Jivin Viswanathan,Male,46,Kolkata,West Bengal,4,,4.27,40.9
ORD102985,20-03-2025,Amazon,Fashion,Jewelry,Tanishq Jewelry Z347,Tanishq,1,25750,25750,20,20600,UPI,Delivered,5,CUST9803,Yakshit Garde,Female,56,Noida,Uttar Pradesh,3.3,,10.56,4396.17
ORD101152,08-04-2023,Myntra,Clothing,Ethnic Wear,FabIndia Ethnic Wear Z832,FabIndia,3,4523,13569,15,11533.65,UPI,Cancelled,3,CUST3395,Divyansh Sankaran,Female,34,Bengaluru,Karnataka,2.3,,8.78,1175.04
ORD104817,21-09-2023,Amazon,Electronics,Accessories,Boat Accessories Z367,Boat,1,3457,3457,15,2938.45,COD,Delivered,11,CUST6950,Dishani Gera,Male,23,Kolkata,West Bengal,2.7,,17.78,163.04
ORD103455,24-04-2024,Myntra,Accessories,Bags,Baggit Bags Z681,Baggit,2,2403,4806,30,3364.2,COD,Returned,5,CUST9122,Ira Savant,Male,53,New Delhi,Delhi,1.6,,17.88,491.87
ORD104241,09-01-2025,Max,Women's Fashion,Bottoms,Asus Bottoms Z299,Asus,1,4117,4117,10,3705.3,UPI,Returned,2,CUST3803,Samiha Sama,Male,25,Pune,Maharashtra,3,Other,6.88,766.45
ORD104549,08-02-2024,Myntra,Clothing,Ethnic Wear,Biba Ethnic Wear Z369,Biba,2,1114,2228,30,1559.6,Wallet,Delivered,8,CUST3412,Ishita Reddy,Female,42,Kozhikode,Kerala,1.5,,10.53,383.28
ORD102172,01-09-2024,Max,Plus Size,Plus Bottoms,Nike Plus Bottoms S779,Nike,3,566,1698,10,1528.2,UPI,Delivered,5,CUST8712,Vardaniya Kohli,Male,47,Chennai,Tamil Nadu,2.8,,4.27,265.5
ORD104515,17-12-2024,Amazon,Beauty & Personal Care,Grooming,Philips Grooming S534,Philips,1,2813,2813,10,2531.7,Wallet,Delivered,7,CUST6478,Ranbir Bhagat,Female,45,Chennai,Tamil Nadu,4.1,,5.69,214.55
ORD101915,05-03-2024,Amazon,Home & Kitchen,Appliances,IFB Appliances M885,IFB,1,13461,13461,15,11441.85,COD,Delivered,3,CUST5454,Divyansh Dua,Female,22,Kanpur,Uttar Pradesh,4.6,,16.1,2508.02
ORD100612,02-03-2023,Myntra,Clothing,Ethnic Wear,Biba Ethnic Wear S714,Biba,1,2362,2362,10,2125.8,Credit Card,Delivered,4,CUST4577,Nirvi Sami,Male,46,Amritsar,Punjab,2.4,,12.69,255.08
ORD102406,15-12-2024,Flipkart,Automotive,Spare Parts,Decathlon Spare Parts S976,Decathlon,2,4350,8700,0,8700,COD,Returned,5,CUST8706,Hrishita Kohli,Female,25,Kolkata,West Bengal,3.4,Late delivery,15.79,2236.64
ORD104205,05-10-2024,Amazon,Beauty & Personal Care,Makeup,Loreal Makeup S894,Loreal,1,1486,1486,15,1263.1,UPI,Delivered,4,CUST5292,Taran Saha,Male,32,Mumbai,Maharashtra,5,,4.89,107.42
ORD101898,01-08-2023,Amazon,Electronics,Cameras,Canon Cameras X671,Canon,1,32612,32612,0,32612,Wallet,Delivered,7,CUST3066,Hridaan Yogi,Male,16,Nagpur,Maharashtra,3.9,,6.39,2221.74
ORD101649,25-12-2024,Flipkart,Home & Furniture,Decor,Asus Decor M211,Asus,4,2664,10656,5,10123.2,UPI,Delivered,2,CUST6923,Adira Bava,Female,26,Noida,Uttar Pradesh,2.1,,7.84,1898.98
ORD102607,05-11-2024,Flipkart,Home & Furniture,Household Essentials,Titan Household Essentials Z539,Titan,1,963,963,0,963,UPI,Delivered,4,CUST4252,Jayesh Saxena,Female,42,Kozhikode,Kerala,3.3,,7.1,222.07
ORD100258,22-07-2023,Myntra,Home & Living,Furnishings,Portico Furnishings M564,Portico,4,1910,7640,10,6876,UPI,Delivered,6,CUST4004,Oorja Chanda,Female,32,Surat,Gujarat,3,,7.61,1099.88
ORD100847,17-08-2025,Amazon,Books,Books,Penguin Books S436,Penguin,1,1570,1570,10,1413,Debit Card,In Transit,1,CUST7355,Saksham Taneja,Male,24,Pune,Maharashtra,3.8,,10.48,199.09
ORD104251,19-10-2024,Amazon,Beauty & Personal Care,Makeup,Loreal Makeup Z164,Loreal,4,269,1076,5,1022.2,UPI,Delivered,4,CUST7967,Pari Badal,Female,24,Chennai,Tamil Nadu,4.5,,15.69,244.98
ORD101233,26-12-2023,Myntra,Clothing,Ethnic Wear,Biba Ethnic Wear S578,Biba,1,6869,6869,10,6182.1,COD,Delivered,4,CUST9833,Drishya Trivedi,Female,41,Ahmedabad,Gujarat,2.4,,8.33,972.7
ORD101127,20-12-2024,Amazon,Sports & Outdoors,Fitness,Decathlon Fitness X285,Decathlon,4,8470,33880,20,27104,Debit Card,Delivered,2,CUST5296,Tarini Bava,Female,18,Chennai,Tamil Nadu,3.6,,7.01,7061.81
ORD101967,03-03-2023,Amazon,Beauty & Personal Care,Makeup,Maybelline Makeup Z842,Maybelline,4,2169,8676,10,7808.4,COD,Delivered,12,CUST5975,Indrajit Krishna,Female,31,Bengaluru,Karnataka,3.8,,16.38,1443.29
ORD100558,18-11-2024,Amazon,Sports & Outdoors,Fitness,HRX Fitness Z750,HRX,2,1640,3280,5,3116,COD,Delivered,7,CUST2044,Madhup Sibal,Male,28,Ahmedabad,Gujarat,4,,4.25,471.81
ORD103905,14-05-2025,Myntra,Personal Care,Makeup,Lakme Makeup Z901,Lakme,1,636,636,15,540.6,UPI,Delivered,5,CUST7398,Kaira Hora,Female,30,Coimbatore,Tamil Nadu,3,,12.77,113.63
ORD100484,03-12-2024,Flipkart,Beauty & Personal Care,Makeup,Loreal Makeup Z997,Loreal,2,1380,2760,0,2760,UPI,Delivered,3,CUST5487,Taran Mann,Male,22,Noida,Uttar Pradesh,3.2,,17.37,608.64
ORD101320,09-01-2024,Amazon,Fashion,Watches,Titan Watches X951,Titan,4,10204,40816,0,40816,COD,Returned,3,CUST3447,Faiyaz Sarin,Female,44,Amritsar,Punjab,3.8,Changed mind,5.77,5302.24
ORD103404,20-06-2023,Max,Women's Fashion,Winter Wear,OnePlus Winter Wear X981,OnePlus,3,4992,14976,0,14976,Credit Card,Delivered,11,CUST8636,Himmat Kant,Female,20,Surat,Gujarat,2.1,,4.29,4374.43
ORD100007,12-02-2025,Myntra,Footwear,Sports,OnePlus Sports M172,OnePlus,4,5207,20828,15,17703.8,UPI,Returned,1,CUST1964,Alia Rattan,Female,26,Bengaluru,Karnataka,1.2,Defective,4.1,4173.23
ORD103279,28-06-2024,Myntra,Home & Living,Kitchenware,Hawkins Kitchenware X728,Hawkins,3,374,1122,15,953.7,COD,Returned,8,CUST7756,Trisha Vig,Female,39,Chennai,Tamil Nadu,1.8,Size issue,13.34,176.7
ORD103189,21-08-2023,Myntra,Accessories,Watches,Fastrack Watches Z696,Fastrack,3,1556,4668,5,4434.6,Debit Card,Delivered,12,CUST4015,Kabir Deshpande,Male,30,Chennai,Tamil Nadu,1.8,,16.03,1026.8
ORD101450,07-02-2024,Amazon,Fashion,Shoes,Nike Shoes M549,Nike,3,3552,10656,5,10123.2,UPI,Delivered,4,CUST5413,Rhea Sur,Male,29,Bengaluru,Karnataka,3.9,,5.45,2478.62
ORD103980,17-02-2024,Max,Men's Fashion,Shirts,Apple Shirts M392,Apple,1,599,599,0,599,COD,Returned,2,CUST3705,Anvi Saraf,Male,64,Surat,Gujarat,1.9,Changed mind,16.47,121.04
ORD101814,21-11-2024,Amazon,Home & Kitchen,Furniture,Ikea Furniture X876,Ikea,3,37406,112218,5,106607.1,COD,Delivered,3,CUST9282,Samaira Ahluwalia,Female,18,Noida,Uttar Pradesh,3.7,,14.72,20001.73
ORD100773,28-03-2025,Flipkart,Automotive,Spare Parts,Boat Spare Parts Z674,Boat,2,9492,18984,10,17085.6,UPI,Delivered,1,CUST7273,Ranbir Deep,Male,54,Ahmedabad,Gujarat,3.6,,14.87,2033.38
ORD101011,06-07-2023,Flipkart,Automotive,Spare Parts,LocalFarm Spare Parts S533,LocalFarm,4,5325,21300,25,15975,COD,Delivered,4,CUST7101,Vardaniya Walia,Male,45,Bengaluru,Karnataka,3.1,,13.84,1629.01
ORD102818,03-02-2024,Max,Women's Fashion,Tops,Titan Tops X834,Titan,1,750,750,20,600,UPI,Delivered,7,CUST5445,Biju Jayaraman,Female,32,Bengaluru,Karnataka,2.2,,7.7,71.52
ORD103275,24-02-2024,Flipkart,Beauty & Personal Care,Grooming,HUL Grooming Z451,HUL,1,2415,2415,20,1932,UPI,Delivered,7,CUST3036,Manjari Thakur,Male,26,Pune,Maharashtra,2.8,,17.19,553.17
ORD101991,06-01-2023,Amazon,Home & Kitchen,Appliances,LG Appliances S847,LG,1,5510,5510,10,4959,COD,Delivered,8,CUST7276,Aaina Loke,Male,41,Ludhiana,Punjab,4.4,,16.6,1364.55
ORD101277,03-04-2025,Flipkart,Grocery,Essentials,Campus Sutra Essentials X454,Campus Sutra,2,5263,10526,5,9999.7,UPI,Delivered,4,CUST9634,Rania Rastogi,Female,21,Kochi,Kerala,2.8,,14.47,487.35
ORD101783,04-12-2024,Amazon,Books,Stationery,Nilkamal Stationery S132,Nilkamal,1,1667,1667,5,1583.65,Credit Card,Delivered,7,CUST8033,Aaina Vohra,Male,58,Ahmedabad,Gujarat,4.1,,10.96,294.62
ORD103105,11-04-2023,Myntra,Personal Care,Makeup,Lakme Makeup M709,Lakme,1,1149,1149,40,689.4,COD,Delivered,7,CUST3412,Shalv Mander,Female,32,Bengaluru,Karnataka,1.3,,16.94,176.03
ORD100446,27-01-2023,Myntra,Personal Care,Fragrances,Adidas Fragrances M581,Adidas,4,4871,19484,30,13638.8,COD,In Transit,4,CUST8696,Kimaya D’Alia,Male,17,Kolkata,West Bengal,3.3,,9.83,3387.77
ORD100880,29-12-2023,Amazon,Beauty & Personal Care,Grooming,Philips Grooming Z139,Philips,1,2821,2821,0,2821,COD,In Transit,5,CUST3595,Aarav Bobal,Female,26,Howrah,West Bengal,3.7,,17.43,700.14
ORD104459,26-09-2025,Flipkart,Electronics,Mobiles,Apple Mobiles X342,Apple,1,30167,30167,20,24133.6,UPI,Delivered,3,CUST2131,Uthkarsh Saran,Female,27,Surat,Gujarat,4,,11.46,2474.87
ORD100781,21-07-2024,Amazon,Fashion,Bags,Wildcraft Bags M286,Wildcraft,1,4193,4193,5,3983.35,UPI,Delivered,7,CUST4049,Hansh Buch,Male,60,Jaipur,Rajasthan,4.6,,14.2,1129.98
ORD101749,06-04-2024,Amazon,Books,Stationery,Nikon Stationery M689,Nikon,3,1706,5118,0,5118,Credit Card,Delivered,6,CUST5526,Hridaan Bhat,Female,22,Pune,Maharashtra,4.9,,12.91,429.36
ORD103388,17-07-2023,Flipkart,Automotive,Accessories,Boat Accessories S287,Boat,4,2780,11120,10,10008,COD,Delivered,3,CUST3418,Manjari Krishna,Male,54,Surat,Gujarat,3.3,,14.18,2825.62
ORD104881,18-03-2023,Amazon,Fashion,Bags,Wildcraft Bags X646,Wildcraft,4,2393,9572,15,8136.2,UPI,Delivered,3,CUST5486,Mamooty Chaudhuri,Male,46,Pune,Maharashtra,3.7,,14.42,1337.47
ORD100883,22-01-2024,Amazon,Books,Books,HarperCollins Books M207,HarperCollins,4,560,2240,15,1904,Credit Card,Delivered,2,CUST1908,Saksham Anand,Female,45,Mysuru,Karnataka,5,,15.97,178.54
ORD102944,22-06-2025,Flipkart,Automotive,Accessories,JBL Accessories X742,JBL,4,4057,16228,10,14605.2,COD,Delivered,1,CUST1105,Shaan Bhatnagar,Male,31,Kolkata,West Bengal,2.9,,8.56,3075.39
ORD101091,24-10-2024,Myntra,Footwear,Formal,Red Tape Formal Z512,Red Tape,4,6015,24060,25,18045,COD,Delivered,6,CUST8265,Tiya Bhavsar,Male,36,Bengaluru,Karnataka,1.1,,6.94,4815.26
ORD104783,18-02-2023,Flipkart,Fashion,Apparel,Samsung Apparel Z154,Samsung,3,3119,9357,15,7953.45,COD,Delivered,10,CUST4422,Darshit Lalla,Male,44,Mumbai,Maharashtra,3.2,,12.11,1279.41
ORD100531,26-08-2023,Flipkart,"Books, Sports & Gaming",Sporting Goods,FabIndia Sporting Goods S160,FabIndia,2,4105,8210,25,6157.5,COD,Delivered,10,CUST7605,Neelofar Contractor,Male,36,Ahmedabad,Gujarat,1.7,,12.31,606.24
ORD104022,10-11-2024,Flipkart,Fashion,Apparel,Ikea Apparel M781,Ikea,3,4940,14820,25,11115,Debit Card,Delivered,7,CUST4674,Gatik Ahuja,Female,23,Pune,Maharashtra,3.1,,7.85,1980.55
ORD104421,04-07-2025,Flipkart,Electronics,Mobiles,OnePlus Mobiles Z665,OnePlus,1,38251,38251,0,38251,UPI,Delivered,3,CUST4915,Parinaaz Verma,Male,45,Vadodara,Gujarat,3.5,,11.38,2927.06
ORD104098,09-08-2025,Amazon,Sports & Outdoors,Sportswear,Adidas Sportswear Z439,Adidas,4,8108,32432,0,32432,UPI,Delivered,3,CUST4838,Vihaan Swamy,Male,30,Ludhiana,Punjab,4,,5.81,6385.45
ORD101727,12-05-2023,Max,Women's Fashion,Dresses,Home Centre Dresses X864,Home Centre,4,2958,11832,20,9465.6,Credit Card,Delivered,9,CUST7776,Ishaan Lanka,Female,17,Pune,Maharashtra,1.9,,4.6,1274.09
ORD100610,03-05-2023,Myntra,Clothing,Kids Wear,HUL Kids Wear Z241,HUL,2,1689,3378,20,2702.4,Credit Card,Delivered,10,CUST7347,Hunar Dugar,Male,20,Kolkata,West Bengal,1.9,,5.32,456.12
ORD100570,27-08-2025,Amazon,Beauty & Personal Care,Grooming,Philips Grooming Z741,Philips,1,3817,3817,5,3626.15,UPI,Delivered,6,CUST4318,Arnav Vyas,Male,23,New Delhi,Delhi,4.8,,11.34,472.28
ORD102671,28-05-2023,Amazon,Electronics,Accessories,Portronics Accessories X571,Portronics,2,2145,4290,20,3432,Credit Card,Delivered,5,CUST6279,Onkar Kala,Male,24,Kolkata,West Bengal,5,,6.56,447.03
ORD103718,24-06-2025,Flipkart,Home & Furniture,Kitchen Appliances,Home Centre Kitchen Appliances M660,Home Centre,2,1024,2048,0,2048,UPI,Delivered,1,CUST3056,Rohan Chaudhuri,Male,55,Kolkata,West Bengal,3.3,,13.42,258.48
ORD100343,18-08-2023,Flipkart,Home & Furniture,Kitchen Appliances,Sony Kitchen Appliances X900,Sony,3,4512,13536,15,11505.6,Debit Card,Delivered,3,CUST8489,Alia Konda,Male,39,Jaipur,Rajasthan,4.3,,16.97,2028.69
ORD103000,28-01-2024,Amazon,Sports & Outdoors,Fitness,Decathlon Fitness M185,Decathlon,4,26736,106944,5,101596.8,UPI,Delivered,6,CUST7931,Himmat Dara,Male,28,Ahmedabad,Gujarat,3.3,,7.17,14461.72
ORD103139,04-03-2024,Flipkart,Grocery,Essentials,Roadster Essentials X934,Roadster,3,562,1686,0,1686,COD,In Transit,8,CUST8607,Kiara Roy,Male,33,Bengaluru,Karnataka,3.2,,9.82,117.6
ORD100434,14-04-2025,Amazon,Fashion,Shoes,Adidas Shoes M825,Adidas,4,3506,14024,10,12621.6,UPI,Delivered,6,CUST9602,Priyansh Madan,Female,39,Bengaluru,Karnataka,5,,11.18,2408.7
ORD101903,07-05-2024,Flipkart,Grocery,Essentials,Xiaomi Essentials Z520,Xiaomi,3,1330,3990,0,3990,UPI,Delivered,8,CUST1545,Rati Choudhry,Female,42,Chennai,Tamil Nadu,2.5,,15.3,166.55
ORD103804,23-03-2023,Flipkart,Grocery,Fresh,Realme Fresh S748,Realme,2,4946,9892,10,8902.8,COD,Delivered,10,CUST2575,Divij Shetty,Male,45,Bengaluru,Karnataka,3.3,,6.87,536.09
ORD104776,19-02-2025,Amazon,Books,Stationery,Decathlon Stationery Z824,Decathlon,3,1576,4728,15,4018.8,UPI,Delivered,3,CUST6155,Anay Sachdeva,Male,44,Ludhiana,Punjab,3.9,,16.01,782.78
ORD102069,24-10-2024,Myntra,Accessories,Wallets,Himalaya Wallets Z234,Himalaya,2,1518,3036,25,2277,UPI,Delivered,6,CUST4039,Devansh Mane,Male,32,New Delhi,Delhi,1.2,,4.43,202.66
ORD101537,15-05-2025,Myntra,Accessories,Wallets,Voylla Wallets X714,Voylla,1,796,796,10,716.4,UPI,In Transit,2,CUST7589,Emir Bhardwaj,Female,43,New Delhi,Delhi,2,,12.5,151.58
ORD102252,17-04-2025,Amazon,Groceries,Essentials,Only Essentials Z596,Only,4,345,1380,5,1311,Debit Card,In Transit,5,CUST4855,Dhruv Bahl,Female,43,Nagpur,Maharashtra,3.1,,8.48,65.09
ORD102346,21-08-2023,Amazon,Baby Products,Feeding Supplies,Adidas Feeding Supplies Z560,Adidas,4,5442,21768,15,18502.8,Wallet,Delivered,9,CUST4851,Shray Chaudry,Female,29,Pune,Maharashtra,4.5,,15.23,2010.46
ORD101517,02-10-2024,Max,Women's Fashion,Dresses,Adidas Dresses X313,Adidas,3,4650,13950,20,11160,Credit Card,Delivered,6,CUST5042,Miraya Agate,Female,40,Chennai,Tamil Nadu,3.1,,17.05,1302.62
ORD100965,25-01-2023,Flipkart,Fashion,Footwear,Portronics Footwear S904,Portronics,1,2345,2345,20,1876,UPI,Returned,7,CUST4303,Pihu Ratti,Male,49,Kochi,Kerala,2.6,,14.17,368.44
ORD104406,13-06-2024,Flipkart,Automotive,Accessories,Boat Accessories S931,Boat,1,2897,2897,10,2607.3,Debit Card,Delivered,8,CUST4402,Nayantara Walia,Male,17,Mumbai,Maharashtra,3.7,,10.97,528.47
ORD100528,15-05-2025,Amazon,Fashion,Watches,Fastrack Watches X616,Fastrack,3,5601,16803,5,15962.85,Credit Card,Delivered,1,CUST5423,Misha Chadha,Female,20,Noida,Uttar Pradesh,4.2,,9.61,4150.74
ORD100176,25-04-2025,Amazon,Beauty & Personal Care,Grooming,Philips Grooming X268,Philips,4,3639,14556,5,13828.2,UPI,Delivered,1,CUST9552,Vidur Barad,Female,40,New Delhi,Delhi,3.6,,17.5,1994.53
ORD103482,14-04-2024,Flipkart,Grocery,Essentials,Home Centre Essentials M848,Home Centre,3,3750,11250,10,10125,COD,Delivered,6,CUST6593,Madhav Manne,Male,18,Ahmedabad,Gujarat,3.5,,15.58,491.25
ORD102543,02-11-2024,Myntra,Personal Care,Haircare,MotherCare Haircare S760,MotherCare,3,2872,8616,10,7754.4,COD,Delivered,5,CUST6535,Ahana  Suresh,Female,22,Chennai,Tamil Nadu,1.2,,11.87,1310.14
ORD104935,30-05-2023,Amazon,Groceries,Gourmet Foods,Home Centre Gourmet Foods M913,Home Centre,2,4220,8440,5,8018,Debit Card,Delivered,12,CUST2860,Baiju Behl,Male,26,Amritsar,Punjab,4.2,,11.92,628.54
ORD100572,29-09-2025,Flipkart,Grocery,Fresh,Sony Fresh Z185,Sony,1,4558,4558,0,4558,UPI,Delivered,5,CUST2196,Jayesh Sule,Male,42,Bengaluru,Karnataka,2.9,,16.34,148.38
ORD102299,27-08-2024,Max,Women's Fashion,Bottoms,FabIndia Bottoms X543,FabIndia,3,2343,7029,25,5271.75,UPI,Delivered,3,CUST4719,Lavanya Sheth,Female,25,New Delhi,Delhi,2.8,,16.57,1569.83
ORD103508,02-03-2024,Myntra,Personal Care,Skincare,Roadster Skincare M875,Roadster,4,415,1660,30,1162,UPI,Delivered,2,CUST2436,Tanya Ravi,Female,41,New Delhi,Delhi,3.3,,10.41,141.35
ORD102459,03-02-2025,Max,Kids' Fashion,Kids Apparel,Bosch Kids Apparel S829,Bosch,1,1298,1298,30,908.6,UPI,Delivered,3,CUST8321,Himmat Bora,Male,41,Kolkata,West Bengal,1.8,,14.15,237.37
ORD103609,10-10-2024,Flipkart,Automotive,Spare Parts,Home Centre Spare Parts S963,Home Centre,3,15233,45699,5,43414.05,UPI,Delivered,7,CUST4631,Jivika Bhakta,Female,29,Thiruvananthapuram,Kerala,4.8,,14.67,5991.27
ORD104554,25-10-2024,Amazon,Groceries,Fresh Produce,LocalFarm Fresh Produce Z701,LocalFarm,2,736,1472,10,1324.8,UPI,Returned,4,CUST9450,Lagan Dash,Female,18,Chennai,Tamil Nadu,4.6,Other,14.29,58.74
ORD102208,04-04-2025,Flipkart,Home & Furniture,Kitchen Appliances,Tanishq Kitchen Appliances Z612,Tanishq,2,567,1134,15,963.9,Credit Card,Delivered,4,CUST9360,Vardaniya Bali,Male,21,Chennai,Tamil Nadu,3.6,,15,262.62
ORD104720,24-02-2024,Flipkart,Electronics,Home Electronics,Portronics Home Electronics M690,Portronics,4,4327,17308,0,17308,COD,Delivered,8,CUST3149,Bhamini Batra,Female,16,Surat,Gujarat,2.6,,9.5,1152.2
ORD102755,20-12-2024,Max,Women's Fashion,Winter Wear,Himalaya Winter Wear S984,Himalaya,4,2552,10208,30,7145.6,UPI,Delivered,7,CUST4779,Darshit Kapoor,Female,64,Ahmedabad,Gujarat,2.7,,10.86,1872.87
ORD100383,13-01-2024,Flipkart,Fashion,Footwear,3M Footwear M701,3M,2,3244,6488,15,5514.8,COD,Delivered,3,CUST8778,Abram Sharma,Female,18,Pune,Maharashtra,3.2,,16.19,817
ORD100852,11-10-2025,Myntra,Home & Living,Kitchenware,Hawkins Kitchenware Z944,Hawkins,3,5536,16608,5,15777.6,UPI,Delivered,3,CUST1213,Yasmin Lad,Male,57,Surat,Gujarat,2.1,,9.71,2952.25
ORD101880,10-07-2023,Myntra,Home & Living,Decor,Philips Decor Z187,Philips,4,2022,8088,20,6470.4,COD,Delivered,6,CUST5931,Vidur Sha,Female,47,Ahmedabad,Gujarat,1.8,,10.21,633.15
ORD100370,21-05-2023,Myntra,Clothing,Ethnic Wear,Biba Ethnic Wear Z452,Biba,3,4937,14811,15,12589.35,COD,Delivered,7,CUST1939,Divit Gulati,Female,26,Bengaluru,Karnataka,1.9,,12.21,2885.81
ORD102378,01-02-2025,Amazon,Baby Products,Diapers,Philips Diapers Z946,Philips,1,1579,1579,0,1579,UPI,Delivered,6,CUST2429,Divyansh Mangat,Female,30,Mumbai,Maharashtra,5,,7.48,426.43
ORD104323,29-01-2023,Amazon,Groceries,Snacks,OnePlus Snacks S482,OnePlus,2,1817,3634,0,3634,COD,Delivered,12,CUST4717,Arhaan Dugar,Female,46,Kolkata,West Bengal,3.8,,9.2,150.85
ORD101105,28-01-2025,Max,Accessories,Bags,Wildcraft Bags S906,Wildcraft,1,7657,7657,30,5359.9,UPI,Delivered,5,CUST5696,Ranbir Dash,Female,25,Noida,Uttar Pradesh,1.7,,5.01,1412.38
ORD103413,11-05-2024,Amazon,Groceries,Fresh Produce,BigBasket Fresh Produce Z175,BigBasket,1,782,782,5,742.9,Debit Card,Delivered,6,CUST9221,Purab Lala,Male,23,Coimbatore,Tamil Nadu,5,,6.05,24.37
ORD103946,10-04-2024,Amazon,Groceries,Snacks,Apple Snacks S713,Apple,4,2569,10276,15,8734.6,COD,Delivered,6,CUST1504,Samar Walia,Female,39,Mumbai,Maharashtra,3.6,,6.62,644.37
ORD101336,10-05-2025,Myntra,Clothing,Kids Wear,Microsoft Kids Wear Z612,Microsoft,3,4042,12126,20,9700.8,UPI,Delivered,1,CUST1896,Samiha Sehgal,Female,48,New Delhi,Delhi,1,,8.38,1393.19
ORD102189,11-12-2023,Amazon,Beauty & Personal Care,Healthcare,Patanjali Healthcare M330,Patanjali,3,938,2814,20,2251.2,COD,Delivered,7,CUST1713,Raghav Ramesh,Female,21,Pune,Maharashtra,5,,8.12,443.11
ORD104594,01-06-2023,Amazon,Electronics,Televisions,Samsung Televisions M251,Samsung,1,47846,47846,20,38276.8,COD,Delivered,6,CUST8907,Mishti Koshy,Male,39,Mumbai,Maharashtra,4.5,,17.48,6323.51
ORD102319,31-03-2024,Amazon,Fashion,Watches,Fastrack Watches S481,Fastrack,1,16298,16298,0,16298,UPI,Delivered,6,CUST9020,Nayantara Yohannan,Female,30,Kanpur,Uttar Pradesh,3.6,,11.8,3552.04
ORD104705,27-09-2023,Flipkart,Home & Furniture,Decor,Philips Decor X517,Philips,3,1249,3747,20,2997.6,UPI,Delivered,4,CUST9373,Adah Jain,Female,41,Bengaluru,Karnataka,3.2,,8.35,413.44
ORD103710,29-01-2023,Amazon,Home & Kitchen,Furniture,HomeTown Furniture S471,HomeTown,3,42075,126225,5,119913.75,UPI,Delivered,12,CUST9366,Zara Hari,Female,44,Ahmedabad,Gujarat,3.8,,13.74,12015.35
ORD104848,24-02-2025,Amazon,Electronics,Cameras,Canon Cameras Z999,Canon,1,77731,77731,10,69957.9,UPI,Delivered,1,CUST9968,Zeeshan Khosla,Female,28,Ahmedabad,Gujarat,3.9,,17.48,8004.27
ORD101171,23-07-2023,Amazon,Fashion,Bags,Wildcraft Bags M352,Wildcraft,1,2596,2596,40,1557.6,COD,Delivered,11,CUST6360,Purab Sanghvi,Female,44,Chennai,Tamil Nadu,4.4,,4.94,243.78
ORD104325,28-09-2025,Myntra,Clothing,Ethnic Wear,Biba Ethnic Wear X436,Biba,3,1265,3795,40,2277,UPI,Delivered,5,CUST5373,Hridaan Mahajan,Male,52,New Delhi,Delhi,2,,16.28,207.78
ORD102694,18-07-2025,Amazon,Groceries,Fresh Produce,LocalFarm Fresh Produce S199,LocalFarm,2,1667,3334,25,2500.5,UPI,Delivered,6,CUST6880,Aniruddh Anne,Male,23,Lucknow,Uttar Pradesh,4.3,,16.87,180.47
ORD101422,14-05-2023,Flipkart,Home & Furniture,Decor,Asus Decor X233,Asus,2,4714,9428,20,7542.4,Credit Card,In Transit,9,CUST6769,Tiya Buch,Male,29,Kozhikode,Kerala,3,,8.18,2050.67
ORD102341,22-11-2024,Myntra,Personal Care,Makeup,Maybelline Makeup S235,Maybelline,4,531,2124,15,1805.4,UPI,Delivered,2,CUST2642,Rohan Wali,Female,15,Mumbai,Maharashtra,2.2,,10.99,473.84
ORD102651,20-07-2025,Amazon,Beauty & Personal Care,Healthcare,Patanjali Healthcare M658,Patanjali,2,1921,3842,0,3842,UPI,Delivered,3,CUST5051,Nehmat Buch,Male,45,Surat,Gujarat,4,,17.01,835.8
ORD104155,26-01-2023,Amazon,Fashion,Watches,Titan Watches Z478,Titan,2,7785,15570,15,13234.5,COD,Delivered,12,CUST7187,Dhanuk Bedi,Female,27,Pune,Maharashtra,3.3,,4.61,2935.72
ORD101464,20-01-2023,Amazon,Sports & Outdoors,Sportswear,Adidas Sportswear X951,Adidas,2,6045,12090,10,10881,COD,Delivered,11,CUST4095,Vedika Bandi,Female,63,Surat,Gujarat,4.4,,14.04,2855.22
ORD100874,23-10-2024,Myntra,Clothing,Western Wear,Roadster Western Wear Z617,Roadster,2,5056,10112,0,10112,Credit Card,Delivered,6,CUST5577,Keya Rout,Female,51,Kolkata,West Bengal,1.9,,9.08,2965.66
ORD103339,07-05-2023,Amazon,Sports & Outdoors,Fitness,Decathlon Fitness X317,Decathlon,1,7992,7992,10,7192.8,COD,Delivered,5,CUST3741,Nishith Basak,Male,40,Ahmedabad,Gujarat,4.5,,11.26,1996.86
ORD104340,26-09-2023,Amazon,Groceries,Essentials,HUL Essentials Z926,HUL,3,366,1098,0,1098,UPI,Delivered,8,CUST9444,Saanvi Bumb,Male,19,Kozhikode,Kerala,4.4,,16.7,85.74
ORD101251,17-12-2023,Max,Men's Fashion,T-Shirts,Loreal T-Shirts Z179,Loreal,1,5002,5002,0,5002,UPI,Delivered,4,CUST6040,Hansh Chhabra,Female,16,Ahmedabad,Gujarat,1.8,,4.98,1209.66
ORD102348,04-08-2024,Amazon,Home & Kitchen,Kitchenware,Hawkins Kitchenware M516,Hawkins,1,6554,6554,10,5898.6,UPI,Delivered,5,CUST6254,Arnav Barman,Female,65,Surat,Gujarat,3.6,,8.59,805.44
ORD100840,16-06-2023,Max,Accessories,Shoes,Puma Shoes X593,Puma,1,844,844,15,717.4,UPI,Delivered,5,CUST7876,Adah Vig,Female,54,Mumbai,Maharashtra,1.9,,7.37,78.9
ORD104568,05-12-2023,Flipkart,Electronics,Mobiles,Apple Mobiles M648,Apple,1,71568,71568,5,67989.6,COD,Delivered,4,CUST2565,Zeeshan Varughese,Male,20,Vadodara,Gujarat,3.4,,11.92,3440.44
ORD100581,25-06-2024,Amazon,Books,Books,Penguin Books Z724,Penguin,3,1441,4323,5,4106.85,UPI,Delivered,6,CUST2840,Fateh Jayaraman,Female,62,Coimbatore,Tamil Nadu,5,,5.29,603.69
ORD100204,13-09-2025,Flipkart,Automotive,Accessories,Portronics Accessories Z515,Portronics,3,1305,3915,10,3523.5,UPI,Delivered,6,CUST5520,Shamik Zachariah,Male,21,Kolkata,West Bengal,3.6,,4,403.93
ORD101641,23-03-2025,Max,Men's Fashion,Bottoms,HUL Bottoms Z362,HUL,3,5245,15735,5,14948.25,UPI,Delivered,3,CUST5694,Anay Sawhney,Female,16,Pune,Maharashtra,2.9,,12.47,1857.5
ORD102014,24-01-2024,Amazon,Books,Stationery,JBL Stationery S528,JBL,4,144,576,5,547.2,Credit Card,Delivered,6,CUST7016,Arnav Rajagopal,Male,44,New Delhi,Delhi,5,,9.33,78.16
ORD100905,21-02-2023,Amazon,Beauty & Personal Care,Healthcare,Patanjali Healthcare M619,Patanjali,2,856,1712,15,1455.2,COD,Delivered,12,CUST7458,Dhruv Sha,Female,30,Kolkata,West Bengal,3.6,,14.95,226.3
ORD100631,03-05-2024,Amazon,Electronics,Accessories,JBL Accessories M793,JBL,2,2112,4224,0,4224,UPI,Delivered,4,CUST2128,Samiha Master,Male,60,Nagpur,Maharashtra,4.1,,17.83,697.99
ORD103364,16-08-2023,Flipkart,Fashion,Accessories,Portronics Accessories X292,Portronics,1,499,499,10,449.1,COD,Delivered,8,CUST7640,Rati Goel,Female,19,Bengaluru,Karnataka,2.7,,9.15,91.99
ORD101974,01-03-2025,Flipkart,"Books, Sports & Gaming",Books,Penguin Books X106,Penguin,1,1529,1529,0,1529,Credit Card,Delivered,3,CUST2236,Abram Lalla,Female,26,Mangalore,Karnataka,3.7,,4.51,391.21
ORD100162,06-02-2023,Flipkart,Grocery,Essentials,Prestige Essentials X327,Prestige,4,4560,18240,10,16416,UPI,Delivered,11,CUST3999,Kismat Khatri,Female,34,Kanpur,Uttar Pradesh,3.3,,5.79,704.78
ORD103172,03-07-2024,Flipkart,Home & Furniture,Decor,Boat Decor Z418,Boat,3,4947,14841,0,14841,UPI,Delivered,6,CUST5983,Keya Yogi,Female,41,Ahmedabad,Gujarat,2.9,,14.86,1783.7
ORD103612,11-08-2025,Flipkart,Fashion,Apparel,Roadster Apparel M860,Roadster,1,4084,4084,0,4084,Credit Card,Delivered,2,CUST3137,Ivan Karnik,Male,53,Mysuru,Karnataka,3.3,,4.57,1080.85
ORD104675,09-09-2024,Amazon,Electronics,Cameras,Nikon Cameras M716,Nikon,1,89119,89119,0,89119,UPI,Cancelled,7,CUST5381,Keya Lata,Male,41,Bengaluru,Karnataka,5,,12.83,8896.4
ORD100617,14-09-2025,Flipkart,Automotive,Spare Parts,3M Spare Parts X146,3M,3,10312,30936,0,30936,UPI,Delivered,2,CUST4335,Vaibhav Bahri,Female,33,Chennai,Tamil Nadu,3,,13.97,2971.46
ORD104068,07-03-2023,Amazon,Books,Stationery,Only Stationery Z593,Only,1,410,410,5,389.5,COD,Delivered,11,CUST6414,Dhruv Chakrabarti,Male,51,Kolkata,West Bengal,3.9,,16.66,75.72
ORD101431,03-02-2025,Amazon,Home & Kitchen,Home Decor,Home Centre Home Decor M696,Home Centre,3,4001,12003,5,11402.85,UPI,Delivered,1,CUST3648,Shayak Mallick,Male,51,Bengaluru,Karnataka,4.9,,13.23,1973.98
ORD100547,19-12-2024,Amazon,Books,Books,HarperCollins Books Z584,HarperCollins,3,1530,4590,0,4590,Debit Card,Delivered,3,CUST8478,Arhaan Golla,Male,25,Ahmedabad,Gujarat,4.1,,14.53,609.01
ORD103334,08-08-2024,Amazon,Baby Products,Apparel,Nike Apparel X925,Nike,3,3972,11916,5,11320.2,Credit Card,Delivered,4,CUST9725,Neelofar Guha,Male,16,Mumbai,Maharashtra,3.9,,8.17,2036.51
ORD104546,01-08-2023,Myntra,Home & Living,Kitchenware,Hawkins Kitchenware Z456,Hawkins,4,1543,6172,15,5246.2,UPI,Delivered,9,CUST2960,Ivan Viswanathan,Female,37,Kolkata,West Bengal,2.3,,12.02,1167.99
ORD104223,19-04-2025,Amazon,Sports & Outdoors,Sportswear,Nike Sportswear S126,Nike,1,3126,3126,15,2657.1,UPI,Returned,6,CUST3485,Jayant Sekhon,Female,41,Mangalore,Karnataka,3.4,Size issue,17.27,742.52
ORD102387,30-09-2025,Max,Men's Fashion,Shirts,Baggit Shirts Z840,Baggit,1,1765,1765,40,1059,COD,Delivered,6,CUST5121,Umang Lal,Male,40,Nagpur,Maharashtra,2.3,,10.32,134.79
ORD104243,11-01-2023,Amazon,Fashion,Clothing,Roadster Clothing X650,Roadster,1,3950,3950,10,3555,UPI,Delivered,8,CUST1971,Vivaan Bath,Male,24,Chennai,Tamil Nadu,3.2,,11.06,605.86
ORD103995,09-09-2025,Myntra,Personal Care,Skincare,HomeTown Skincare M314,HomeTown,3,1794,5382,40,3229.2,UPI,Cancelled,6,CUST2476,Onkar Sundaram,Female,17,Kochi,Kerala,3.2,,4.52,952.79
ORD104065,13-03-2025,Myntra,Footwear,Sports,HUL Sports S227,HUL,3,2536,7608,15,6466.8,Wallet,Delivered,5,CUST2088,Zaina Divan,Female,27,Mumbai,Maharashtra,2.2,,14,981.92
ORD101861,18-06-2023,Amazon,Home & Kitchen,Kitchenware,Prestige Kitchenware M258,Prestige,3,6188,18564,0,18564,COD,Delivered,3,CUST3031,Taran Dash,Female,30,Bengaluru,Karnataka,4.8,,15.15,3263.04
ORD100640,21-04-2024,Max,Kids' Fashion,Kids Shoes,W Kids Shoes S707,W,2,915,1830,20,1464,UPI,Delivered,8,CUST1228,Adah Bhagat,Female,60,Chennai,Tamil Nadu,1.8,,12.85,245.76
ORD103902,15-09-2023,Flipkart,Grocery,Fresh,Prestige Fresh S915,Prestige,4,3103,12412,5,11791.4,UPI,Delivered,4,CUST8684,Nayantara Som,Male,35,Bengaluru,Karnataka,3.5,,6.29,727.05
ORD100637,03-06-2024,Amazon,Home & Kitchen,Home Decor,Home Centre Home Decor S536,Home Centre,1,6534,6534,0,6534,COD,Delivered,3,CUST5861,Vivaan Randhawa,Female,21,Ahmedabad,Gujarat,5,,9.53,1724.51
ORD104262,19-03-2025,Flipkart,Home & Furniture,Decor,Patanjali Decor S375,Patanjali,1,2681,2681,5,2546.95,Credit Card,Delivered,5,CUST9325,Ehsaan Batta,Male,53,New Delhi,Delhi,3.5,,9.87,366.9
ORD103910,19-09-2025,Flipkart,Grocery,Fresh,LocalFarm Fresh S559,LocalFarm,2,2323,4646,25,3484.5,Wallet,Delivered,4,CUST4314,Zain Gill,Female,56,Chennai,Tamil Nadu,2.9,,8.25,193.11
ORD102986,23-01-2023,Myntra,Home & Living,Kitchenware,Prestige Kitchenware Z368,Prestige,2,6823,13646,25,10234.5,UPI,In Transit,7,CUST9549,Misha Gole,Male,23,Pune,Maharashtra,3.3,,17.15,2984.89
ORD102096,06-01-2023,Amazon,Sports & Outdoors,Fitness,Decathlon Fitness Z124,Decathlon,1,16861,16861,25,12645.75,Wallet,Delivered,7,CUST5387,Indrans Bora,Male,33,Bengaluru,Karnataka,5,,16.27,2990.66
ORD104611,21-12-2024,Myntra,Home & Living,Furnishings,Home Centre Furnishings Z502,Home Centre,4,16924,67696,40,40617.6,Debit Card,Returned,5,CUST8532,Shlok Ganesan,Male,21,Howrah,West Bengal,2,Other,13.28,4620.8
ORD103075,15-03-2025,Max,Men's Fashion,Bottoms,Maybelline Bottoms X212,Maybelline,2,2635,5270,30,3689,UPI,Delivered,5,CUST4449,Urvi Khatri,Male,29,Pune,Maharashtra,1.6,,7.65,860.23
ORD103674,21-06-2024,Max,Women's Fashion,Bottoms,Samsung Bottoms S444,Samsung,2,1898,3796,5,3606.2,COD,Delivered,7,CUST6627,Pari Ramachandran,Female,51,Kanpur,Uttar Pradesh,2.3,,8.35,972.51
ORD102841,07-09-2023,Max,Men's Fashion,Shirts,IFB Shirts M512,IFB,4,5475,21900,15,18615,Credit Card,Delivered,9,CUST6322,Hridaan Lall,Male,29,Chennai,Tamil Nadu,2.4,,15.18,4882.08
ORD100921,20-11-2024,Flipkart,Grocery,Essentials,HP Essentials Z873,HP,1,2504,2504,5,2378.8,Wallet,Delivered,5,CUST7318,Vaibhav Wali,Female,60,Pune,Maharashtra,3.2,,17.34,128.73
ORD100546,20-03-2024,Amazon,Groceries,Gourmet Foods,HUL Gourmet Foods X430,HUL,3,726,2178,10,1960.2,UPI,In Transit,2,CUST6291,Jayant Krishnan,Female,39,New Delhi,Delhi,3.4,,10.65,104.6
ORD103666,10-03-2023,Amazon,Books,Stationery,Home Centre Stationery X730,Home Centre,2,1216,2432,25,1824,COD,Delivered,8,CUST2895,Pari Bhavsar,Male,22,Mumbai,Maharashtra,3.7,,12.6,323.28
ORD101900,30-08-2025,Max,Plus Size,Plus Tops,Adidas Plus Tops Z753,Adidas,1,3681,3681,15,3128.85,UPI,Returned,1,CUST5036,Jivin Ahluwalia,Male,16,Madurai,Tamil Nadu,1.3,Changed mind,14,625.09
ORD102028,10-09-2025,Amazon,Electronics,Mobiles,Xiaomi Mobiles X311,Xiaomi,1,16639,16639,25,12479.25,COD,Delivered,4,CUST2222,Vanya Raju,Female,37,Kolkata,West Bengal,4.8,,4.5,2074.89
ORD102301,09-03-2024,Max,Accessories,Seasonal,Ikea Seasonal X128,Ikea,3,3072,9216,10,8294.4,Wallet,Delivered,7,CUST8410,Elakshi Halder,Male,47,Noida,Uttar Pradesh,2.8,,15.89,1792.08
ORD101885,04-09-2025,Myntra,Accessories,Bags,Wildcraft Bags M776,Wildcraft,3,2319,6957,5,6609.15,UPI,Returned,4,CUST5590,Gokul Divan,Male,41,Bengaluru,Karnataka,1,Changed mind,5.05,1141.08
ORD101642,18-09-2025,Amazon,Sports & Outdoors,Outdoor Gear,Wildcraft Outdoor Gear Z650,Wildcraft,3,3216,9648,20,7718.4,UPI,Delivered,4,CUST9257,Vardaniya Borra,Female,38,Chennai,Tamil Nadu,3.9,,10,2229.97
ORD103509,10-11-2024,Amazon,Fashion,Shoes,Bata Shoes M209,Bata,3,2653,7959,30,5571.3,COD,Delivered,6,CUST6763,Abram Bhagat,Female,16,Kolkata,West Bengal,4.2,,17.74,1517.34
ORD104809,30-11-2024,Flipkart,Automotive,Accessories,Portronics Accessories S221,Portronics,2,4550,9100,0,9100,UPI,Delivered,3,CUST2268,Madhup Tata,Male,32,Kolkata,West Bengal,2.6,,14.78,906.3
ORD102097,02-04-2025,Amazon,Beauty & Personal Care,Makeup,Maybelline Makeup Z564,Maybelline,3,1459,4377,10,3939.3,Wallet,In Transit,1,CUST8441,Zain Balakrishnan,Female,19,Jaipur,Rajasthan,4.6,,15.07,368.28
ORD104357,29-01-2024,Max,Women's Fashion,Bottoms,Titan Bottoms S897,Titan,4,4510,18040,15,15334,UPI,Delivered,8,CUST3182,Seher Jaggi,Female,25,Ahmedabad,Gujarat,2.1,,5.09,4106.53
ORD103788,06-10-2023,Max,Kids' Fashion,Accessories,JBL Accessories X668,JBL,1,3134,3134,5,2977.3,COD,Delivered,6,CUST4349,Gatik Warrior,Female,16,Ahmedabad,Gujarat,1.3,,17.44,286.4
ORD104494,24-10-2024,Amazon,Fashion,Shoes,Bata Shoes X684,Bata,4,2604,10416,10,9374.4,UPI,Delivered,7,CUST1522,Urvi Brar,Female,49,Surat,Gujarat,3.7,,6.36,1062.66
ORD104967,13-01-2024,Amazon,Baby Products,Feeding Supplies,LG Feeding Supplies X583,LG,2,1142,2284,0,2284,Credit Card,Delivered,2,CUST6057,Rohan Banerjee,Female,23,Chennai,Tamil Nadu,3.7,,5.39,372.2
ORD100836,19-05-2025,Max,Accessories,Seasonal,Lilliput Seasonal M823,Lilliput,1,3284,3284,0,3284,Debit Card,Delivered,2,CUST2929,Armaan Kurian,Male,24,Chennai,Tamil Nadu,3.3,,9.06,631.54
ORD100601,18-03-2025,Flipkart,"Books, Sports & Gaming",Sporting Goods,Maybelline Sporting Goods M354,Maybelline,1,1183,1183,0,1183,UPI,Delivered,4,CUST5153,Vivaan Rout,Male,59,New Delhi,Delhi,3.9,,15.23,284.38
ORD102184,18-04-2023,Amazon,Groceries,Fresh Produce,BigBasket Fresh Produce S970,BigBasket,2,808,1616,5,1535.2,Credit Card,Delivered,5,CUST9309,Neelofar Butala,Male,31,Kolkata,West Bengal,5,,12.23,75.46
ORD103865,18-09-2024,Amazon,Fashion,Clothing,Levis Clothing Z646,Levis,4,551,2204,5,2093.8,UPI,Delivered,7,CUST5107,Samar Agate,Female,56,Chennai,Tamil Nadu,3.6,,8.88,244.04
ORD102481,26-03-2025,Myntra,Footwear,Sports,Nilkamal Sports M362,Nilkamal,4,805,3220,10,2898,UPI,In Transit,1,CUST3288,Tara Wali,Male,62,Bengaluru,Karnataka,2,,11.48,597.86
ORD104307,23-05-2025,Amazon,Sports & Outdoors,Outdoor Gear,Titan Outdoor Gear Z398,Titan,2,3277,6554,0,6554,UPI,Returned,5,CUST4818,Hazel Andra,Female,25,Nagpur,Maharashtra,3.5,Defective,12.65,917.37
ORD101582,15-09-2025,Flipkart,Beauty & Personal Care,Grooming,HUL Grooming M132,HUL,1,2401,2401,0,2401,Debit Card,Delivered,6,CUST2125,Kavya Vyas,Female,40,Surat,Gujarat,3,,11.04,559.55
ORD104266,30-05-2023,Amazon,Baby Products,Apparel,Apple Apparel M891,Apple,3,2318,6954,15,5910.9,UPI,Delivered,6,CUST8626,Shanaya Dhingra,Male,29,New Delhi,Delhi,3.3,,17.29,1157.64
ORD102533,05-01-2024,Flipkart,Fashion,Apparel,LocalFarm Apparel X775,LocalFarm,4,1416,5664,40,3398.4,UPI,Delivered,7,CUST2547,Zeeshan Iyengar,Female,21,Chennai,Tamil Nadu,2.9,,12.28,1010.92
ORD102725,23-01-2023,Max,Plus Size,Plus Bottoms,Sony Plus Bottoms X320,Sony,2,951,1902,15,1616.7,UPI,Delivered,6,CUST1892,Drishya Ray,Female,58,Noida,Uttar Pradesh,2.7,,13.5,243.72
ORD101070,18-01-2025,Amazon,Groceries,Gourmet Foods,LocalFarm Gourmet Foods M365,LocalFarm,2,963,1926,10,1733.4,UPI,Delivered,2,CUST3183,Sana Chokshi,Male,49,Bengaluru,Karnataka,3.9,,10.71,120.14
ORD101775,19-08-2023,Max,Accessories,Shoes,Bata Shoes X442,Bata,4,4873,19492,25,14619,UPI,Returned,8,CUST5462,Sumer Majumdar,Female,55,Kanpur,Uttar Pradesh,2.4,Changed mind,17.64,3594.36
ORD104808,31-05-2023,Myntra,Personal Care,Makeup,Loreal Makeup Z215,Loreal,3,3002,9006,10,8105.4,COD,Delivered,12,CUST3601,Misha Singh,Female,23,Chennai,Tamil Nadu,2.4,,8.02,1721.99
ORD101283,18-03-2024,Flipkart,Beauty & Personal Care,Grooming,Philips Grooming M315,Philips,2,5478,10956,10,9860.4,Credit Card,Delivered,2,CUST4948,Sahil Dhillon,Male,28,Mangalore,Karnataka,3.3,,10.82,2842.3
ORD103050,02-08-2025,Flipkart,Fashion,Accessories,Portronics Accessories Z170,Portronics,3,423,1269,5,1205.55,Debit Card,Delivered,4,CUST7229,Neelofar Suresh,Female,28,Ahmedabad,Gujarat,2.7,,15.71,336.51
ORD104753,13-11-2023,Max,Kids' Fashion,Accessories,Boat Accessories M461,Boat,2,353,706,0,706,Credit Card,Delivered,10,CUST7417,Mishti Sampath,Male,16,Amritsar,Punjab,2.7,,17.41,82.66
ORD101836,23-03-2025,Max,Plus Size,Plus Tops,Samsung Plus Tops M584,Samsung,3,302,906,0,906,UPI,Delivered,2,CUST5747,Indrans Gour,Male,32,Mumbai,Maharashtra,2.4,,8.52,105.29
ORD104242,01-10-2023,Flipkart,Electronics,Computers,HP Computers Z322,HP,1,36039,36039,0,36039,UPI,Delivered,6,CUST7663,Ishaan Bahl,Female,54,Surat,Gujarat,2.4,,17.86,4024.19
ORD101019,01-05-2025,Myntra,Clothing,Ethnic Wear,Biba Ethnic Wear S351,Biba,1,7772,7772,10,6994.8,UPI,Returned,3,CUST1817,Zain Wable,Female,25,Kolkata,West Bengal,1.6,Size issue,14.04,1505.25
ORD104133,05-10-2023,Myntra,Clothing,Western Wear,Campus Sutra Western Wear M689,Campus Sutra,1,1643,1643,40,985.8,COD,Returned,3,CUST9281,Aarav Kara,Female,64,Amritsar,Punjab,1.4,,11.64,277.65
ORD101326,05-09-2024,Amazon,Fashion,Jewelry,Tanishq Jewelry Z685,Tanishq,1,27311,27311,5,25945.45,UPI,Delivered,5,CUST9050,Prisha Thaman,Female,31,Jaipur,Rajasthan,4.2,,8.35,2451.41
ORD100475,07-06-2025,Amazon,Electronics,Mobiles,OnePlus Mobiles Z752,OnePlus,1,35697,35697,10,32127.3,Credit Card,Delivered,2,CUST6231,Emir Venkataraman,Male,23,Noida,Uttar Pradesh,4.3,,12.17,2107.14
ORD104271,09-09-2023,Amazon,Home & Kitchen,Furniture,Ikea Furniture M894,Ikea,1,23457,23457,0,23457,COD,Delivered,7,CUST4196,Urvi Barad,Female,51,Bengaluru,Karnataka,3.4,,16.09,4520.15
ORD101651,16-12-2024,Myntra,Footwear,Casual,Campus Casual Z107,Campus,3,4272,12816,10,11534.4,UPI,In Transit,8,CUST8612,Saanvi Goda,Male,23,Surat,Gujarat,1.2,,15.59,1597.54
ORD103998,09-09-2024,Max,Men's Fashion,Shirts,Prestige Shirts X196,Prestige,2,5031,10062,10,9055.8,UPI,Delivered,4,CUST5885,Anvi Raman,Male,26,Kozhikode,Kerala,1.8,,17.15,1435.91
ORD104467,23-01-2023,Flipkart,Fashion,Footwear,Portronics Footwear X260,Portronics,3,2862,8586,25,6439.5,COD,Delivered,8,CUST6033,Rania Vasa,Female,30,Surat,Gujarat,2.5,,15.56,1017.73
ORD102610,12-06-2023,Amazon,Groceries,Gourmet Foods,Adidas Gourmet Foods X421,Adidas,4,4419,17676,5,16792.2,UPI,Delivered,8,CUST5671,Mahika Krish,Male,44,Jaipur,Rajasthan,5,,14.13,948.96
ORD102476,29-01-2024,Amazon,Beauty & Personal Care,Healthcare,Patanjali Healthcare Z150,Patanjali,4,1227,4908,5,4662.6,COD,Delivered,6,CUST2336,Hunar Sankar,Female,25,Kochi,Kerala,4.4,,7.39,812.86
ORD102583,10-12-2024,Max,Women's Fashion,Bottoms,Bata Bottoms X568,Bata,4,1098,4392,20,3513.6,UPI,Delivered,3,CUST8483,Samiha Chaudhari,Female,35,Howrah,West Bengal,2.9,,11.72,918.87
ORD101373,23-05-2025,Flipkart,Automotive,Spare Parts,HarperCollins Spare Parts S463,HarperCollins,3,9793,29379,0,29379,UPI,Delivered,4,CUST4578,Lavanya Banik,Male,50,Surat,Gujarat,3.9,,17.48,5297.94
ORD100739,22-09-2025,Amazon,Electronics,Televisions,Sony Televisions Z845,Sony,1,119278,119278,0,119278,UPI,Delivered,3,CUST6162,Kanav Saxena,Male,31,Noida,Uttar Pradesh,3.6,,6.72,14123.43
ORD103618,07-03-2025,Amazon,Home & Kitchen,Furniture,HomeTown Furniture M397,HomeTown,2,36874,73748,10,66373.2,UPI,Returned,4,CUST4743,Samaira Dara,Female,30,Surat,Gujarat,3.2,Other,14.78,15553.49
ORD102440,16-01-2024,Max,Men's Fashion,Shirts,3M Shirts S866,3M,2,5382,10764,10,9687.6,Wallet,Delivered,7,CUST8086,Miraya Walla,Male,25,Jaipur,Rajasthan,3.4,,9.88,2586.24
ORD100867,14-07-2023,Amazon,Home & Kitchen,Kitchenware,Prestige Kitchenware X795,Prestige,1,2961,2961,0,2961,COD,Delivered,8,CUST6252,Myra Lala,Male,18,Bengaluru,Karnataka,4.4,,17.17,598.29
ORD101140,26-12-2023,Max,Men's Fashion,T-Shirts,OnePlus T-Shirts M563,OnePlus,2,2913,5826,10,5243.4,UPI,Delivered,11,CUST1021,Ahana  Jhaveri,Male,33,Mysuru,Karnataka,3.2,,12.27,762.26
ORD100997,17-03-2024,Myntra,Personal Care,Skincare,Maybelline Skincare X803,Maybelline,3,2729,8187,30,5730.9,Wallet,Delivered,2,CUST4855,Jivika Bhatnagar,Female,31,Bengaluru,Karnataka,1,,13.71,1442.11
ORD101337,08-04-2025,Amazon,Sports & Outdoors,Outdoor Gear,Penguin Outdoor Gear X969,Penguin,3,1371,4113,0,4113,Wallet,Returned,5,CUST5661,Nirvi De,Female,17,Kolkata,West Bengal,3.3,Size issue,5.53,400.2
ORD100541,27-06-2023,Flipkart,Automotive,Accessories,Boat Accessories X440,Boat,2,5037,10074,0,10074,COD,In Transit,3,CUST5546,Seher Subramanian,Male,19,Ludhiana,Punjab,3.5,,8.4,2707.25
ORD101099,04-04-2025,Myntra,Footwear,Casual,Campus Casual M145,Campus,3,2217,6651,30,4655.7,UPI,Delivered,5,CUST4647,Sana Chaudry,Female,16,Chennai,Tamil Nadu,2,,12.45,1270.91
ORD101132,05-07-2025,Myntra,Accessories,Watches,Fastrack Watches M906,Fastrack,2,4616,9232,0,9232,UPI,Delivered,1,CUST9905,Yuvraj  Borah,Female,47,New Delhi,Delhi,1,,12.28,1155.75
ORD104064,04-08-2023,Myntra,Personal Care,Makeup,Loreal Makeup S825,Loreal,1,2722,2722,25,2041.5,COD,Delivered,9,CUST2120,Emir Chandra,Female,32,Chennai,Tamil Nadu,2.9,,16.22,428.82
ORD102715,08-01-2023,Amazon,Home & Kitchen,Home Decor,Home Centre Home Decor M716,Home Centre,2,1648,3296,0,3296,COD,Delivered,3,CUST1808,Emir Sane,Male,48,Noida,Uttar Pradesh,4.6,,13.27,908.25
ORD102258,16-06-2025,Amazon,Beauty & Personal Care,Healthcare,Himalaya Healthcare X714,Himalaya,2,331,662,5,628.9,UPI,Delivered,1,CUST7823,Onkar Sem,Male,64,Noida,Uttar Pradesh,4.4,,8.84,119.82
ORD104750,06-07-2024,Flipkart,Automotive,Accessories,Boat Accessories M323,Boat,2,3519,7038,0,7038,Wallet,Delivered,4,CUST7628,Rasha Hayer,Male,62,Surat,Gujarat,3.1,,13.8,769.84
ORD100059,17-10-2024,Flipkart,Electronics,Computers,Dell Computers M897,Dell,1,148353,148353,20,118682.4,COD,Delivered,6,CUST6083,Tarini Bhalla,Male,29,Kolkata,West Bengal,3.7,,9.61,7147.54
ORD102883,22-09-2024,Flipkart,Electronics,Mobiles,OnePlus Mobiles Z587,OnePlus,1,6400,6400,10,5760,UPI,Delivered,3,CUST8998,Manjari Dass,Male,50,Mumbai,Maharashtra,3.8,,12.1,709.2
ORD101938,03-02-2023,Max,Kids' Fashion,Kids Apparel,Nilkamal Kids Apparel Z596,Nilkamal,1,3263,3263,15,2773.55,COD,Delivered,9,CUST4121,Lakshay Vala,Male,53,Kolkata,West Bengal,3.9,,10.75,588.25
ORD102576,08-09-2024,Myntra,Home & Living,Kitchenware,Prestige Kitchenware X507,Prestige,3,782,2346,0,2346,Debit Card,Returned,2,CUST4083,Aarna Gola,Male,24,Kanpur,Uttar Pradesh,1.7,Size issue,12.44,549.75
ORD104936,22-02-2023,Max,Men's Fashion,Bottoms,Biba Bottoms S651,Biba,3,2694,8082,40,4849.2,UPI,Delivered,11,CUST4527,Gatik Arya,Male,21,Chennai,Tamil Nadu,2.6,,17.17,812
ORD101078,24-07-2025,Myntra,Personal Care,Skincare,Fastrack Skincare Z203,Fastrack,3,366,1098,10,988.2,Credit Card,Delivered,4,CUST4644,Raunak Chandra,Female,36,Amritsar,Punjab,2.3,,7.03,107.71
ORD103249,06-07-2024,Amazon,Electronics,Cameras,Nikon Cameras M965,Nikon,1,78507,78507,0,78507,UPI,Delivered,7,CUST3760,Nitara Kannan,Female,43,Kochi,Kerala,4.7,,4.37,8715.73
ORD103127,20-12-2023,Max,Women's Fashion,Dresses,Adidas Dresses S486,Adidas,2,1780,3560,15,3026,COD,Delivered,4,CUST3020,Ehsaan Suri,Female,28,Bengaluru,Karnataka,2.7,,16.75,618.71
ORD102488,11-09-2023,Flipkart,Automotive,Spare Parts,Lenovo Spare Parts S798,Lenovo,1,15419,15419,0,15419,COD,Cancelled,8,CUST1760,Advika Kale,Male,15,Ahmedabad,Gujarat,2.5,,13.42,4004.47
ORD100940,06-10-2024,Myntra,Accessories,Watches,Fastrack Watches Z779,Fastrack,1,10497,10497,5,9972.15,UPI,Delivered,6,CUST6576,Mahika Bali,Male,40,Pune,Maharashtra,3.3,,15.66,2297.85
ORD101080,26-06-2023,Myntra,Footwear,Formal,Red Tape Formal X497,Red Tape,4,1449,5796,15,4926.6,UPI,Delivered,6,CUST9956,Keya Chaudhari,Female,42,Amritsar,Punjab,1.2,,13.09,456.78
ORD100187,04-07-2024,Myntra,Personal Care,Skincare,LocalFarm Skincare Z423,LocalFarm,3,549,1647,0,1647,COD,In Transit,8,CUST7357,Kashvi D’Alia,Female,29,Chennai,Tamil Nadu,2,,7.19,225.48
ORD102634,08-08-2023,Amazon,Fashion,Watches,Fastrack Watches Z853,Fastrack,3,10759,32277,0,32277,Credit Card,Delivered,6,CUST5415,Vardaniya Thakur,Female,56,Bengaluru,Karnataka,2.8,,4.14,7918.53
ORD102085,16-06-2025,Myntra,Accessories,Wallets,Baggit Wallets M828,Baggit,4,801,3204,40,1922.4,UPI,Delivered,1,CUST2387,Ahana  Ganesan,Female,44,Lucknow,Uttar Pradesh,3.5,,10.95,572.38
ORD102249,01-06-2023,Amazon,Baby Products,Diapers,Roadster Diapers Z207,Roadster,4,3874,15496,10,13946.4,COD,Delivered,11,CUST2796,Hunar Lanka,Male,15,Noida,Uttar Pradesh,4.1,,7.5,1222.01
ORD104890,23-09-2025,Amazon,Sports & Outdoors,Sportswear,Nike Sportswear X503,Nike,1,1182,1182,5,1122.9,UPI,Delivered,3,CUST1007,Kavya Tripathi,Male,20,Surat,Gujarat,3.9,,9.69,131.11
ORD102023,22-07-2024,Amazon,Electronics,Mobiles,Realme Mobiles M496,Realme,1,24648,24648,0,24648,COD,Delivered,2,CUST6845,Devansh Sarkar,Female,61,Ahmedabad,Gujarat,4.1,,5.72,4322.97
ORD103539,18-05-2024,Myntra,Personal Care,Fragrances,Dell Fragrances Z504,Dell,2,1694,3388,30,2371.6,UPI,Delivered,5,CUST2980,Veer Sagar,Female,33,New Delhi,Delhi,1.5,,9.59,309.3
ORD104048,08-12-2024,Myntra,Clothing,Western Wear,Roadster Western Wear M310,Roadster,3,1504,4512,10,4060.8,Credit Card,Delivered,7,CUST8304,Badal Savant,Male,24,Pune,Maharashtra,2,,10.5,622.75
ORD103606,04-05-2025,Amazon,Books,Stationery,Fastrack Stationery S990,Fastrack,4,1629,6516,15,5538.6,UPI,Delivered,1,CUST7170,Shalv Jain,Male,65,Bengaluru,Karnataka,2.8,,12.88,902.94
ORD100226,18-07-2024,Amazon,Groceries,Snacks,Adidas Snacks M150,Adidas,1,2759,2759,0,2759,Credit Card,Delivered,3,CUST7366,Ranbir Sarin,Female,32,Surat,Gujarat,4.5,,4.45,171.3
ORD104847,28-11-2024,Amazon,Books,Stationery,Bosch Stationery S804,Bosch,1,1020,1020,25,765,COD,In Transit,3,CUST2357,Uthkarsh Bahri,Female,33,Nagpur,Maharashtra,5,,5.38,118.93
ORD101929,09-09-2024,Max,Plus Size,Plus Bottoms,FabIndia Plus Bottoms Z347,FabIndia,2,3358,6716,0,6716,UPI,Delivered,4,CUST5913,Bhavin Lad,Female,24,Kochi,Kerala,2.4,,16.41,1320.22
ORD103055,11-07-2023,Flipkart,Beauty & Personal Care,Makeup,Loreal Makeup S264,Loreal,4,2898,11592,5,11012.4,UPI,Delivered,7,CUST1107,Ira Kunda,Male,26,Mumbai,Maharashtra,2,,5.4,2818.82
ORD104489,05-04-2023,Amazon,Baby Products,Apparel,Red Tape Apparel Z141,Red Tape,3,2895,8685,0,8685,UPI,Delivered,11,CUST2222,Pihu Dara,Female,41,Ahmedabad,Gujarat,3.2,,15.67,1804.39
ORD101404,21-04-2024,Myntra,Personal Care,Makeup,Lakme Makeup S658,Lakme,4,210,840,20,672,UPI,Delivered,5,CUST9420,Kismat Dyal,Female,31,Chennai,Tamil Nadu,2.2,,10.08,74.79
ORD102179,24-02-2025,Flipkart,"Books, Sports & Gaming",Gaming,Microsoft Gaming X833,Microsoft,1,16367,16367,15,13911.95,UPI,Delivered,1,CUST3167,Romil Goswami,Male,47,Noida,Uttar Pradesh,3.6,,8.65,2477.31
ORD100697,03-02-2023,Amazon,Books,Stationery,FabIndia Stationery X951,FabIndia,3,333,999,25,749.25,COD,Returned,3,CUST9034,Lakshay Koshy,Male,24,Pune,Maharashtra,4.7,Defective,15.05,140.59
ORD101124,15-07-2024,Amazon,Sports & Outdoors,Fitness,Decathlon Fitness X203,Decathlon,4,42171,168684,0,168684,UPI,Delivered,6,CUST2575,Sara Chatterjee,Male,18,New Delhi,Delhi,4.2,,15.02,16358.31
ORD103361,09-09-2023,Amazon,Beauty & Personal Care,Grooming,Philips Grooming Z495,Philips,4,1534,6136,0,6136,UPI,Delivered,6,CUST6329,Rhea Gola,Female,30,Pune,Maharashtra,5,,17.02,1347.51
ORD104135,15-06-2023,Amazon,Sports & Outdoors,Outdoor Gear,Baggit Outdoor Gear M462,Baggit,2,3523,7046,5,6693.7,UPI,Delivered,4,CUST1854,Tanya Ramaswamy,Male,29,Coimbatore,Tamil Nadu,4.1,,6.6,1464.85
ORD101778,17-01-2025,Amazon,Groceries,Essentials,Bata Essentials S892,Bata,1,3281,3281,0,3281,UPI,Delivered,3,CUST5620,Abram Khatri,Female,15,Mumbai,Maharashtra,4.4,,11.47,253.31
ORD102858,03-09-2024,Flipkart,Fashion,Accessories,Portronics Accessories Z772,Portronics,2,3984,7968,20,6374.4,COD,Delivered,4,CUST9465,Parinaaz Chowdhury,Male,38,Ahmedabad,Gujarat,2.3,,7.22,1038.09
ORD101037,27-04-2023,Amazon,Electronics,Mobiles,Samsung Mobiles S522,Samsung,1,66810,66810,10,60129,Debit Card,In Transit,3,CUST1759,Urvi Rao,Male,64,Pune,Maharashtra,4.6,,6.8,6514.37
ORD104456,29-11-2024,Amazon,Groceries,Snacks,Samsung Snacks Z920,Samsung,3,5254,15762,5,14973.9,Debit Card,Delivered,5,CUST3381,Sana Raju,Male,28,Chennai,Tamil Nadu,3.8,,14.14,932.45
ORD102256,25-08-2024,Amazon,Books,Books,HarperCollins Books X371,HarperCollins,2,1173,2346,5,2228.7,UPI,Delivered,2,CUST4847,Alia Kala,Male,20,Noida,Uttar Pradesh,4,,12.66,328.15
ORD100313,03-06-2025,Flipkart,Grocery,Fresh,Hawkins Fresh S729,Hawkins,1,5673,5673,5,5389.35,UPI,Delivered,1,CUST9138,Kiara Mall,Female,30,Chennai,Tamil Nadu,3.1,,13.67,217.17
ORD102281,09-06-2024,Amazon,Home & Kitchen,Home Decor,Home Centre Home Decor S731,Home Centre,3,886,2658,10,2392.2,UPI,Returned,6,CUST5978,Alisha Kunda,Male,44,Chennai,Tamil Nadu,4,Size issue,4.9,578.77
ORD101416,16-02-2025,Amazon,Home & Kitchen,Home Decor,FabIndia Home Decor X974,FabIndia,4,6174,24696,0,24696,UPI,Delivered,2,CUST9979,Rohan Comar,Female,26,Noida,Uttar Pradesh,4.5,,16.38,4606.78
ORD101036,23-07-2025,Flipkart,Automotive,Spare Parts,Ikea Spare Parts S794,Ikea,2,13578,27156,10,24440.4,Credit Card,Delivered,1,CUST7175,Purab Chaudry,Male,16,Jaipur,Rajasthan,2.6,,16.98,4032.67
ORD102159,26-09-2024,Amazon,Beauty & Personal Care,Healthcare,Patanjali Healthcare S793,Patanjali,3,160,480,10,432,UPI,Delivered,5,CUST1011,Charvi Goel,Female,58,Kolkata,West Bengal,3.9,,15.82,116.72
ORD104163,21-05-2025,Myntra,Personal Care,Fragrances,Himalaya Fragrances M198,Himalaya,3,2056,6168,15,5242.8,UPI,Delivered,6,CUST2805,Zoya Venkataraman,Male,20,Pune,Maharashtra,1.3,,5.96,667.25
ORD101754,06-05-2023,Amazon,Groceries,Fresh Produce,LocalFarm Fresh Produce X259,LocalFarm,1,187,187,5,177.65,COD,Delivered,9,CUST3208,Mohanlal Behl,Female,22,Kolkata,West Bengal,4.6,,12.3,14.1
ORD103112,13-03-2025,Myntra,Personal Care,Haircare,Red Tape Haircare X106,Red Tape,4,957,3828,25,2871,UPI,Delivered,5,CUST2675,Shamik Ram,Female,52,Howrah,West Bengal,2.2,,5.67,750.34
ORD102813,18-02-2025,Max,Women's Fashion,Winter Wear,Adidas Winter Wear X811,Adidas,1,1416,1416,0,1416,UPI,Returned,5,CUST4181,Yuvraj  Randhawa,Female,33,Noida,Uttar Pradesh,2.6,Defective,12.43,194.35
ORD102698,12-08-2025,Myntra,Clothing,Western Wear,Roadster Western Wear S366,Roadster,4,2735,10940,40,6564,Debit Card,Delivered,6,CUST4696,Oorja Bajaj,Female,30,New Delhi,Delhi,1.7,,16.48,1186.54
ORD103207,13-03-2023,Amazon,Electronics,Mobiles,Realme Mobiles M617,Realme,1,38720,38720,20,30976,UPI,Delivered,7,CUST4667,Ritvik Karnik,Female,30,Noida,Uttar Pradesh,3.7,,11.18,3935.62
ORD104350,23-08-2024,Flipkart,Automotive,Spare Parts,Adidas Spare Parts Z173,Adidas,4,15949,63796,0,63796,COD,Delivered,2,CUST2019,Jayesh Sule,Female,21,Bengaluru,Karnataka,4.1,,12.53,14549.51
ORD103431,25-08-2025,Amazon,Electronics,Cameras,Nikon Cameras M905,Nikon,1,83768,83768,5,79579.6,Debit Card,In Transit,4,CUST7637,Eshani Issac,Male,41,Bengaluru,Karnataka,3.9,,9.39,12552.75
ORD101506,07-08-2023,Myntra,Accessories,Wallets,Prestige Wallets X355,Prestige,2,1709,3418,10,3076.2,COD,Delivered,4,CUST4056,Lagan Brahmbhatt,Male,38,Ahmedabad,Gujarat,2.6,,11.37,623.12
ORD101923,11-01-2023,Myntra,Footwear,Formal,Red Tape Formal Z123,Red Tape,4,4282,17128,10,15415.2,UPI,In Transit,11,CUST3581,Advika Bhasin,Female,19,Kolkata,West Bengal,1,,12.13,2158.04
ORD100448,06-10-2023,Max,Accessories,Shoes,Puma Shoes Z299,Puma,4,5914,23656,5,22473.2,COD,Delivered,4,CUST7233,Ehsaan Bansal,Female,21,Pune,Maharashtra,2.6,,8.38,4971.43
ORD104128,29-04-2025,Flipkart,Fashion,Accessories,JBL Accessories M124,JBL,4,693,2772,5,2633.4,UPI,In Transit,3,CUST8442,Rati Tella,Male,41,Kolkata,West Bengal,2.3,,8.07,567.74
ORD102528,04-09-2025,Amazon,Groceries,Fresh Produce,BigBasket Fresh Produce Z436,BigBasket,4,1664,6656,15,5657.6,UPI,Delivered,6,CUST7070,Yuvaan Shankar,Female,27,Chennai,Tamil Nadu,3.8,,13.08,312.12
ORD104969,24-08-2024,Amazon,Fashion,Jewelry,Tanishq Jewelry Z331,Tanishq,2,29211,58422,10,52579.8,COD,Delivered,3,CUST4913,Aaryahi Ramaswamy,Male,19,Chennai,Tamil Nadu,4.3,,16.75,4462.98
ORD102789,01-11-2023,Amazon,Home & Kitchen,Appliances,Samsung Appliances Z502,Samsung,1,20481,20481,0,20481,COD,Delivered,7,CUST1443,Nitara Mani,Male,28,Chennai,Tamil Nadu,5,,7.45,5597.59
ORD100361,25-12-2024,Flipkart,Fashion,Accessories,JBL Accessories X906,JBL,3,317,951,20,760.8,UPI,Returned,5,CUST9011,Taimur Rout,Female,29,Kolkata,West Bengal,1.7,Defective,9.78,210.71
ORD102183,16-11-2023,Amazon,Electronics,Televisions,LG Televisions S541,LG,1,85496,85496,15,72671.6,COD,Delivered,5,CUST8638,Nakul Buch,Male,42,Surat,Gujarat,4,,5.75,5229.25
ORD101134,03-05-2023,Amazon,Baby Products,Feeding Supplies,Sparx Feeding Supplies M729,Sparx,1,4520,4520,10,4068,Wallet,Delivered,10,CUST2305,Neelofar Chopra,Female,30,Mumbai,Maharashtra,3.3,,6.63,389.65
ORD103880,09-04-2023,Amazon,Home & Kitchen,Kitchenware,Prestige Kitchenware X695,Prestige,2,3202,6404,10,5763.6,COD,Delivered,7,CUST7435,Sahil Char,Female,27,Bengaluru,Karnataka,4.4,,5.62,1190.25
ORD102155,19-08-2025,Max,Men's Fashion,T-Shirts,Roadster T-Shirts M446,Roadster,4,979,3916,20,3132.8,Credit Card,Delivered,1,CUST5553,Kanav Baral,Male,31,Mangalore,Karnataka,2.6,,16.28,724.42
ORD101830,05-02-2024,Flipkart,Fashion,Footwear,Philips Footwear X839,Philips,1,1694,1694,25,1270.5,Credit Card,Delivered,5,CUST5356,Advika Halder,Female,20,Nagpur,Maharashtra,3.3,,12.51,120.48
ORD101053,09-05-2024,Myntra,Footwear,Sports,MotherCare Sports M377,MotherCare,4,1385,5540,10,4986,UPI,Returned,8,CUST2563,Kiaan Chowdhury,Female,26,New Delhi,Delhi,1.6,Changed mind,11.62,485.6
ORD100022,31-01-2025,Max,Plus Size,Plus Bottoms,Asus Plus Bottoms Z517,Asus,4,2921,11684,0,11684,UPI,Delivered,3,CUST3503,Ivan Krish,Male,54,Surat,Gujarat,2.7,,6.11,1919.3
ORD102066,23-01-2024,Flipkart,Automotive,Accessories,Boat Accessories Z669,Boat,4,3571,14284,0,14284,COD,Delivered,8,CUST6930,Romil Konda,Male,37,Bengaluru,Karnataka,2.6,,10.32,2582.51
ORD101653,17-02-2023,Flipkart,Fashion,Apparel,Levis Apparel Z469,Levis,4,1584,6336,30,4435.2,Debit Card,Returned,8,CUST9212,Mishti Dubey,Female,50,Chennai,Tamil Nadu,1.3,Other,11.27,871.2
ORD102587,24-04-2025,Flipkart,Automotive,Accessories,JBL Accessories Z582,JBL,2,1103,2206,10,1985.4,Credit Card,Delivered,1,CUST4649,Drishya Bansal,Male,63,Mumbai,Maharashtra,3.2,,6.32,535.45
ORD103210,22-09-2024,Amazon,Baby Products,Apparel,Bosch Apparel M224,Bosch,2,2377,4754,10,4278.6,UPI,Delivered,4,CUST5805,Pranay Brar,Male,28,New Delhi,Delhi,3.5,,10.86,1219.98
ORD104302,01-03-2025,Amazon,Home & Kitchen,Home Decor,FabIndia Home Decor S291,FabIndia,2,1325,2650,0,2650,UPI,Cancelled,1,CUST4897,Rasha Sandal,Female,18,Chennai,Tamil Nadu,3.4,,7.15,409.73
ORD104036,15-10-2025,Myntra,Accessories,Jewelry,Tanishq Jewelry M223,Tanishq,3,12657,37971,5,36072.45,UPI,Delivered,1,CUST6487,Drishya Vig,Male,64,Mysuru,Karnataka,1.7,,9.74,8572.45
ORD102325,03-04-2023,Max,Accessories,Shoes,Bata Shoes Z499,Bata,4,3542,14168,30,9917.6,COD,Delivered,3,CUST1341,Prerak Trivedi,Female,32,Kolkata,West Bengal,2,,9.21,1440.9
ORD100460,13-08-2024,Max,Kids' Fashion,Kids Shoes,Lilliput Kids Shoes Z482,Lilliput,3,4771,14313,5,13597.35,UPI,Delivered,4,CUST2857,Pari Dubey,Male,24,Noida,Uttar Pradesh,2.1,,11.32,3376.46
ORD101067,28-11-2024,Amazon,Baby Products,Apparel,Bosch Apparel M157,Bosch,3,2632,7896,5,7501.2,UPI,Delivered,4,CUST6347,Saanvi Kadakia,Male,18,New Delhi,Delhi,4.2,,8.23,945.31
ORD100087,29-11-2023,Max,Plus Size,Plus Bottoms,Home Centre Plus Bottoms S404,Home Centre,3,2580,7740,10,6966,Debit Card,Delivered,7,CUST5038,Yashvi Ahuja,Female,60,Mysuru,Karnataka,1.9,,12.54,851.93
ORD101430,01-03-2024,Flipkart,Grocery,Essentials,Titan Essentials Z611,Titan,3,2178,6534,10,5880.6,UPI,Delivered,8,CUST9436,Ranbir Bawa,Female,37,Surat,Gujarat,2.7,,8.16,460.26
ORD102647,18-09-2023,Amazon,Fashion,Shoes,Bata Shoes Z625,Bata,1,2490,2490,5,2365.5,UPI,Returned,5,CUST7509,Shlok Varkey,Female,31,Surat,Gujarat,3.9,Defective,8.08,665.03
ORD100282,02-06-2023,Myntra,Personal Care,Makeup,Maybelline Makeup X340,Maybelline,1,2005,2005,10,1804.5,COD,Delivered,10,CUST1476,Purab Brar,Male,31,Chennai,Tamil Nadu,3.1,,16.95,214.19
ORD100462,30-03-2024,Flipkart,Automotive,Accessories,Portronics Accessories S619,Portronics,2,3536,7072,5,6718.4,COD,Delivered,4,CUST7484,Aarush Kuruvilla,Male,52,Mumbai,Maharashtra,4.5,,9.78,1750.09
ORD100212,14-09-2023,Flipkart,Grocery,Essentials,Maybelline Essentials S690,Maybelline,1,1509,1509,0,1509,Credit Card,Delivered,7,CUST1324,Arnav Bhatti,Female,20,Thiruvananthapuram,Kerala,2.7,,17.05,64.71
ORD102499,13-10-2023,Flipkart,Grocery,Essentials,FabIndia Essentials M259,FabIndia,4,5299,21196,5,20136.2,UPI,Delivered,9,CUST4051,Vritika Dara,Male,29,Mysuru,Karnataka,3.3,,16.11,931.49
ORD101368,26-09-2023,Myntra,Personal Care,Haircare,Home Centre Haircare S750,Home Centre,4,4926,19704,10,17733.6,COD,Delivered,12,CUST6624,Dhruv Ramanathan,Female,17,Pune,Maharashtra,1.7,,14.28,3988.1
ORD100234,28-05-2024,Flipkart,Beauty & Personal Care,Makeup,Lakme Makeup Z474,Lakme,4,1502,6008,5,5707.6,UPI,Delivered,3,CUST2467,Divit Barman,Female,21,Pune,Maharashtra,4.1,,8.53,1617.02
ORD102770,01-10-2025,Flipkart,Beauty & Personal Care,Grooming,HUL Grooming M369,HUL,2,2037,4074,10,3666.6,Credit Card,Returned,3,CUST7406,Ishita Walla,Male,16,Ahmedabad,Gujarat,2.4,Defective,10.85,511.95
ORD100597,24-05-2023,Max,Women's Fashion,Tops,Lilliput Tops S172,Lilliput,3,403,1209,5,1148.55,COD,Delivered,10,CUST3045,Uthkarsh Khurana,Male,23,Madurai,Tamil Nadu,2.5,,7.25,202.63
ORD104420,05-10-2023,Flipkart,Electronics,Computers,Lenovo Computers S886,Lenovo,1,131344,131344,0,131344,UPI,Delivered,10,CUST9196,Yasmin Dugar,Male,36,Mumbai,Maharashtra,2.6,,14.13,19436.14
ORD102250,10-02-2024,Myntra,Accessories,Watches,Titan Watches X151,Titan,2,11558,23116,15,19648.6,COD,Delivered,7,CUST1570,Vaibhav Reddy,Female,22,New Delhi,Delhi,1.3,,12.58,4789.13
ORD104031,12-10-2023,Max,Accessories,Seasonal,Loreal Seasonal M671,Loreal,2,1184,2368,10,2131.2,COD,Delivered,4,CUST3603,Manjari Lad,Male,20,Amritsar,Punjab,2.3,,8.46,328.69
ORD102283,23-04-2025,Max,Accessories,Seasonal,HarperCollins Seasonal X515,HarperCollins,3,466,1398,30,978.6,UPI,Delivered,1,CUST4415,Anya Rout,Female,59,Mumbai,Maharashtra,1.8,,11.83,141.71
ORD100662,11-12-2024,Max,Men's Fashion,Shirts,Boat Shirts S290,Boat,4,880,3520,0,3520,Wallet,Delivered,8,CUST1265,Aarav Bawa,Female,49,Mumbai,Maharashtra,2.5,,17.32,429.52
ORD104963,18-09-2024,Amazon,Groceries,Fresh Produce,BigBasket Fresh Produce Z914,BigBasket,4,745,2980,5,2831,Credit Card,Delivered,2,CUST3402,Stuvan Acharya,Female,36,Pune,Maharashtra,5,,12.53,94.43
ORD102285,14-07-2024,Myntra,Footwear,Casual,Sparx Casual X657,Sparx,1,4108,4108,20,3286.4,UPI,In Transit,5,CUST9536,Advika Rau,Male,27,Pune,Maharashtra,1,,10.46,721.85
ORD104716,22-03-2025,Flipkart,Grocery,Essentials,Patanjali Essentials Z140,Patanjali,1,412,412,0,412,Credit Card,Delivered,1,CUST6345,Aarav Bail,Male,53,Ahmedabad,Gujarat,2.9,,13.39,29.01
ORD103193,14-08-2024,Flipkart,Electronics,Computers,Lenovo Computers X244,Lenovo,1,70494,70494,0,70494,COD,Delivered,6,CUST8039,Myra Chokshi,Male,36,Bengaluru,Karnataka,3.4,,10,8484.43
ORD102503,14-06-2025,Flipkart,Grocery,Fresh,Asus Fresh Z314,Asus,3,3733,11199,0,11199,COD,In Transit,3,CUST7609,Ritvik Sama,Female,43,Nagpur,Maharashtra,3.9,,10.59,877.95
ORD104043,01-09-2025,Amazon,Baby Products,Feeding Supplies,OnePlus Feeding Supplies M648,OnePlus,3,1359,4077,5,3873.15,UPI,Delivered,1,CUST6561,Ritvik Varughese,Male,31,Howrah,West Bengal,3.5,,8.04,1158.37
ORD100779,06-05-2025,Amazon,Beauty & Personal Care,Healthcare,Himalaya Healthcare Z513,Himalaya,3,1157,3471,0,3471,Credit Card,Delivered,4,CUST8588,Kanav Ratta,Male,46,New Delhi,Delhi,5,,7.67,399.97
ORD104019,22-08-2025,Amazon,Sports & Outdoors,Fitness,HRX Fitness S262,HRX,3,29777,89331,5,84864.45,UPI,Delivered,5,CUST8330,Rati Bhandari,Male,21,Ahmedabad,Gujarat,4.1,,16.51,16860.85
ORD103426,26-03-2024,Myntra,Personal Care,Skincare,Bata Skincare S738,Bata,3,4117,12351,0,12351,Wallet,Delivered,4,CUST4536,Stuvan Warrior,Female,19,Amritsar,Punjab,2.5,,5.68,1880.29
ORD104306,07-08-2025,Myntra,Footwear,Formal,Red Tape Formal X672,Red Tape,2,4887,9774,20,7819.2,UPI,Delivered,5,CUST8878,Pranay Seth,Female,43,Kolkata,West Bengal,3,,13.16,639.63
ORD103196,20-05-2023,Flipkart,Grocery,Essentials,Nike Essentials X875,Nike,1,3970,3970,0,3970,UPI,Delivered,10,CUST5680,Anahita Gade,Male,23,New Delhi,Delhi,2.8,,5.84,219.17
ORD104835,23-09-2023,Amazon,Groceries,Fresh Produce,LocalFarm Fresh Produce X702,LocalFarm,3,311,933,5,886.35,COD,Returned,7,CUST4371,Pihu Sanghvi,Female,45,Surat,Gujarat,2.6,Other,6.27,32.93
ORD100685,03-07-2023,Amazon,Home & Kitchen,Home Decor,Home Centre Home Decor M573,Home Centre,3,4833,14499,0,14499,UPI,Delivered,3,CUST4963,Ishaan Sarma,Male,20,Noida,Uttar Pradesh,4.1,,10.57,3860.19
ORD103169,24-09-2023,Myntra,Clothing,Western Wear,Campus Sutra Western Wear M122,Campus Sutra,3,6033,18099,25,13574.25,COD,Returned,6,CUST3811,Stuvan Deshpande,Female,28,Amritsar,Punjab,2.3,Defective,13.55,1525.38
ORD103926,03-02-2023,Amazon,Fashion,Bags,Baggit Bags M536,Baggit,4,1869,7476,20,5980.8,COD,Delivered,4,CUST3502,Aarna Subramanian,Female,34,Bengaluru,Karnataka,3.7,,4.59,1311.01
ORD103434,03-02-2025,Myntra,Personal Care,Makeup,Lakme Makeup X915,Lakme,2,1628,3256,20,2604.8,UPI,Delivered,3,CUST1269,Ojas Dhar,Male,27,New Delhi,Delhi,1.7,,11.28,480.31
ORD102171,17-06-2024,Flipkart,Home & Furniture,Household Essentials,Home Centre Household Essentials Z740,Home Centre,2,4671,9342,0,9342,COD,Delivered,3,CUST3846,Hazel Kata,Male,23,Chennai,Tamil Nadu,2.4,,9.67,1282.95
ORD103689,05-03-2023,Amazon,Groceries,Fresh Produce,LocalFarm Fresh Produce M124,LocalFarm,4,1598,6392,0,6392,COD,Delivered,5,CUST1406,Sahil Mand,Female,20,Surat,Gujarat,3.7,,5.44,252.36
ORD101850,24-07-2025,Myntra,Accessories,Watches,Titan Watches M641,Titan,4,15585,62340,5,59223,Wallet,Delivered,6,CUST9980,Ivan Chana,Male,29,Mumbai,Maharashtra,2.5,,13.11,14345.32
ORD100487,18-10-2023,Myntra,Home & Living,Kitchenware,Prestige Kitchenware M409,Prestige,2,7171,14342,5,13624.9,UPI,Returned,6,CUST7923,Nitara Bava,Male,54,Kochi,Kerala,1.9,Defective,15.36,2999.52
ORD101688,14-08-2023,Amazon,Sports & Outdoors,Sportswear,Adidas Sportswear S712,Adidas,2,1755,3510,5,3334.5,UPI,Delivered,9,CUST8672,Ojas Grewal,Male,33,Kolkata,West Bengal,3.9,,15.24,990.97
ORD102230,17-01-2024,Amazon,Beauty & Personal Care,Makeup,Lakme Makeup M779,Lakme,2,280,560,0,560,UPI,Delivered,4,CUST1455,Emir Deshpande,Female,17,Jaipur,Rajasthan,4.4,,10.51,103.71
ORD103264,04-12-2024,Flipkart,Home & Furniture,Decor,Roadster Decor X932,Roadster,2,3937,7874,5,7480.3,UPI,Delivered,2,CUST8721,Reyansh Devi,Male,27,Pune,Maharashtra,2.7,,17.85,2004.82
ORD102320,13-06-2023,Amazon,Electronics,Accessories,JBL Accessories X670,JBL,4,1955,7820,10,7038,UPI,Delivered,9,CUST7054,Khushi Tara,Male,41,Noida,Uttar Pradesh,4.5,,5.23,904.17
ORD100782,26-06-2023,Amazon,Beauty & Personal Care,Healthcare,Himalaya Healthcare M669,Himalaya,4,1456,5824,10,5241.6,UPI,Delivered,11,CUST5006,Aarush Rattan,Female,49,Kolkata,West Bengal,5,,8.55,838.72
ORD100521,29-07-2025,Amazon,Fashion,Bags,Baggit Bags X823,Baggit,2,7997,15994,20,12795.2,UPI,In Transit,2,CUST9307,Reyansh Dixit,Female,17,New Delhi,Delhi,4.1,,14.18,1944.43
ORD100522,05-12-2024,Amazon,Electronics,Cameras,Nikon Cameras Z255,Nikon,1,38814,38814,15,32991.9,UPI,In Transit,7,CUST4607,Pihu Suresh,Male,39,Surat,Gujarat,3.9,,12.21,5390.05
ORD102837,10-07-2024,Myntra,Clothing,Ethnic Wear,FabIndia Ethnic Wear X695,FabIndia,4,5262,21048,10,18943.2,Debit Card,Delivered,5,CUST1781,Mamooty Keer,Male,26,Mumbai,Maharashtra,1.5,,13.34,3215.78
ORD104539,05-09-2023,Flipkart,Electronics,Mobiles,Samsung Mobiles M798,Samsung,1,63970,63970,25,47977.5,Credit Card,Delivered,8,CUST1143,Dhruv Borde,Male,54,Thiruvananthapuram,Kerala,4.3,,13.91,3411.22
ORD102398,01-04-2024,Myntra,Home & Living,Kitchenware,Prestige Kitchenware S440,Prestige,4,4319,17276,25,12957,COD,Delivered,3,CUST7207,Damini Mallick,Male,43,New Delhi,Delhi,1.3,,17.53,1328.73
ORD102207,08-09-2023,Amazon,Home & Kitchen,Furniture,Ikea Furniture X819,Ikea,3,48863,146589,5,139259.55,Credit Card,Delivered,12,CUST8356,Anaya Kaur,Male,25,Chennai,Tamil Nadu,4.9,,13.36,22113.91
ORD103477,10-04-2023,Flipkart,Home & Furniture,Kitchen Appliances,Apple Kitchen Appliances S163,Apple,1,2317,2317,5,2201.15,Credit Card,Delivered,11,CUST6735,Farhan Bhavsar,Male,24,New Delhi,Delhi,2.3,,13.16,189.22
ORD103552,26-12-2023,Flipkart,Electronics,Mobiles,Samsung Mobiles Z137,Samsung,1,48146,48146,0,48146,UPI,Delivered,3,CUST6865,Kismat Ghosh,Male,45,Ahmedabad,Gujarat,3.7,,16.08,5784.25
ORD104087,01-06-2023,Myntra,Home & Living,Decor,Campus Decor S279,Campus,1,389,389,0,389,COD,Delivered,9,CUST6788,Charvi Mane,Male,44,Mysuru,Karnataka,1.5,,12.35,48.85
ORD102822,19-05-2024,Myntra,Personal Care,Haircare,Tanishq Haircare Z152,Tanishq,4,3805,15220,40,9132,UPI,Delivered,2,CUST2407,Ranbir Raju,Female,42,Surat,Gujarat,3.2,,4.97,1609.55
ORD101511,18-07-2024,Myntra,Clothing,Kids Wear,Bata Kids Wear Z547,Bata,4,2705,10820,0,10820,Credit Card,Delivered,2,CUST9177,Renee Chowdhury,Female,44,Ahmedabad,Gujarat,1,,9.13,2271.85
ORD101882,16-01-2025,Flipkart,Fashion,Apparel,Puma Apparel Z176,Puma,1,665,665,10,598.5,Credit Card,Delivered,5,CUST4552,Shamik Saraf,Female,56,Mumbai,Maharashtra,2.8,,8.27,102.72
ORD100651,11-10-2024,Myntra,Clothing,Kids Wear,Roadster Kids Wear Z317,Roadster,1,561,561,15,476.85,UPI,Cancelled,7,CUST9341,Kimaya Bhasin,Female,28,Noida,Uttar Pradesh,2,,5.13,130.64
ORD104930,13-06-2024,Max,Plus Size,Plus Bottoms,Sony Plus Bottoms S268,Sony,3,738,2214,0,2214,UPI,Delivered,8,CUST8505,Alisha Datta,Female,55,Chennai,Tamil Nadu,3.2,,12.86,242.46
ORD103089,30-09-2025,Amazon,Electronics,Televisions,Samsung Televisions X961,Samsung,1,87740,87740,10,78966,Credit Card,Delivered,3,CUST2888,Urvi Bhalla,Male,18,Mumbai,Maharashtra,4.6,,13.56,13047.92
ORD100369,18-08-2025,Myntra,Clothing,Western Wear,Campus Sutra Western Wear S348,Campus Sutra,1,468,468,20,374.4,UPI,Delivered,2,CUST7897,Urvi Loke,Female,32,Chennai,Tamil Nadu,1.2,,12.92,51.06
ORD104997,23-06-2025,Amazon,Sports & Outdoors,Sportswear,Nike Sportswear Z290,Nike,3,7246,21738,10,19564.2,UPI,Delivered,6,CUST5241,Lavanya Chaudhuri,Male,40,New Delhi,Delhi,3.5,,11.49,3927.52
ORD100118,27-07-2024,Flipkart,"Books, Sports & Gaming",Books,Penguin Books M433,Penguin,4,851,3404,10,3063.6,Debit Card,Delivered,2,CUST2025,Veer Tailor,Female,33,Ahmedabad,Gujarat,3.1,,14.53,790.17
ORD103320,13-06-2023,Myntra,Home & Living,Kitchenware,Prestige Kitchenware Z984,Prestige,2,1120,2240,20,1792,COD,Delivered,8,CUST5134,Urvi Bhatt,Male,59,Madurai,Tamil Nadu,2.7,,10.16,446.88
ORD103034,03-07-2023,Flipkart,"Books, Sports & Gaming",Gaming,Sony Gaming S600,Sony,1,17474,17474,5,16600.3,COD,Delivered,8,CUST6024,Abram Wali,Male,25,Kolkata,West Bengal,3.6,,12.28,1803.19
ORD102216,19-05-2024,Amazon,Electronics,Mobiles,OnePlus Mobiles X984,OnePlus,1,39246,39246,5,37283.7,Credit Card,Delivered,4,CUST3830,Zoya Vala,Female,18,Noida,Uttar Pradesh,4.4,,8.81,3958.27
ORD103542,28-04-2023,Amazon,Baby Products,Diapers,Ikea Diapers Z483,Ikea,3,1282,3846,20,3076.8,COD,Cancelled,12,CUST2054,Kabir Magar,Male,28,Ahmedabad,Gujarat,3.3,,6.71,840.49
ORD101613,15-07-2023,Myntra,Home & Living,Furnishings,Home Centre Furnishings M301,Home Centre,3,1093,3279,10,2951.1,UPI,Delivered,3,CUST8671,Alisha Shah,Female,25,Jaipur,Rajasthan,1.5,,5.96,271.5
ORD103151,01-06-2025,Max,Accessories,Bags,Wildcraft Bags S265,Wildcraft,3,6894,20682,5,19647.9,UPI,Delivered,2,CUST3265,Taimur Bhakta,Female,23,Bengaluru,Karnataka,2.1,,7.84,5087.01
ORD100962,28-05-2023,Amazon,Beauty & Personal Care,Healthcare,Himalaya Healthcare S581,Himalaya,1,1208,1208,5,1147.6,Credit Card,Delivered,5,CUST6785,Pranay Master,Female,33,New Delhi,Delhi,4.1,,13.44,198.01
ORD102510,02-10-2024,Amazon,Groceries,Essentials,Home Centre Essentials Z281,Home Centre,1,2396,2396,20,1916.8,COD,Delivered,2,CUST6432,Onkar Saxena,Female,15,Chennai,Tamil Nadu,4.3,,15.82,85.39
ORD103831,08-08-2023,Max,Women's Fashion,Tops,H&M Tops X563,H&M,4,3186,12744,25,9558,UPI,In Transit,3,CUST4973,Divit Badami,Female,23,Jaipur,Rajasthan,1.4,,16.19,2572.55
ORD102823,05-07-2023,Myntra,Clothing,Western Wear,Roadster Western Wear S119,Roadster,2,5723,11446,0,11446,COD,In Transit,5,CUST9757,Saira Banerjee,Female,30,Bengaluru,Karnataka,1.2,,9.85,1161.26
ORD104343,08-04-2024,Flipkart,Automotive,Spare Parts,Nilkamal Spare Parts Z256,Nilkamal,4,1415,5660,10,5094,Debit Card,In Transit,4,CUST1648,Anaya Iyengar,Female,47,Noida,Uttar Pradesh,3.9,,8.68,1207.46
ORD103032,24-03-2025,Flipkart,Beauty & Personal Care,Grooming,Philips Grooming S440,Philips,1,2419,2419,5,2298.05,UPI,Delivered,3,CUST3139,Tejas Wason,Female,49,Chennai,Tamil Nadu,3.4,,13.58,202.38
ORD102415,05-10-2025,Amazon,Electronics,Accessories,Portronics Accessories Z372,Portronics,4,2255,9020,5,8569,Debit Card,Delivered,5,CUST2576,Badal Dey,Female,42,Noida,Uttar Pradesh,4.1,,13.79,705.44
ORD104654,08-08-2023,Flipkart,Home & Furniture,Household Essentials,Sony Household Essentials S769,Sony,2,2231,4462,5,4238.9,COD,Delivered,4,CUST9575,Lakshit Dhawan,Male,34,Kolkata,West Bengal,2.4,,5.83,1101.23
ORD104236,14-08-2023,Amazon,Baby Products,Diapers,Apple Diapers S143,Apple,1,2769,2769,0,2769,COD,Delivered,6,CUST4989,Arhaan Sen,Male,35,Noida,Uttar Pradesh,4.4,,9.72,271.94
ORD102185,16-07-2023,Myntra,Personal Care,Fragrances,HRX Fragrances S486,HRX,1,1015,1015,15,862.75,UPI,Delivered,7,CUST4679,Eva Ramakrishnan,Female,48,Surat,Gujarat,1.7,,8.25,111.51
ORD103669,24-04-2023,Flipkart,"Books, Sports & Gaming",Books,HarperCollins Books X825,HarperCollins,2,2060,4120,20,3296,UPI,Delivered,8,CUST7827,Drishya Batta,Female,23,Madurai,Tamil Nadu,2.5,,14.57,554.77
ORD102037,26-03-2024,Amazon,Baby Products,Apparel,Portico Apparel X689,Portico,3,1262,3786,5,3596.7,Debit Card,In Transit,4,CUST4055,Anahi Shere,Female,20,Ludhiana,Punjab,4,,14.4,643.89
ORD104362,27-04-2023,Myntra,Home & Living,Furnishings,Portico Furnishings M848,Portico,4,5274,21096,5,20041.2,COD,Cancelled,7,CUST4115,Shayak Gandhi,Male,58,Thiruvananthapuram,Kerala,2.1,,5.34,2809.64
ORD100772,18-06-2024,Myntra,Accessories,Wallets,FabIndia Wallets X343,FabIndia,3,1208,3624,10,3261.6,UPI,Delivered,4,CUST4513,Rasha Mammen,Female,32,Howrah,West Bengal,2.1,,6.43,705.37
ORD101284,04-01-2024,Flipkart,"Books, Sports & Gaming",Books,HarperCollins Books S277,HarperCollins,1,1904,1904,10,1713.6,UPI,Delivered,6,CUST5299,Aarav Andra,Male,32,Surat,Gujarat,3.6,,5,474.28
ORD104603,23-03-2025,Amazon,Home & Kitchen,Kitchenware,Prestige Kitchenware X422,Prestige,1,4676,4676,15,3974.6,UPI,In Transit,3,CUST1630,Zaina Ahuja,Male,27,Kolkata,West Bengal,4.1,,12.94,464.04
ORD104794,22-04-2023,Flipkart,Grocery,Essentials,Penguin Essentials X179,Penguin,3,1587,4761,0,4761,Credit Card,Delivered,4,CUST1247,Miraya Vala,Female,61,Madurai,Tamil Nadu,3.1,,10.96,239.97
ORD101414,16-02-2023,Myntra,Personal Care,Fragrances,Sony Fragrances M520,Sony,2,1332,2664,10,2397.6,COD,Delivered,12,CUST9488,Riya Rama,Male,28,New Delhi,Delhi,3.2,,5.27,699.66
ORD101234,09-02-2023,Amazon,Home & Kitchen,Appliances,IFB Appliances S136,IFB,1,5060,5060,20,4048,COD,Delivered,4,CUST3969,Damini Choudhary,Female,65,Kolkata,West Bengal,4.6,,9.37,872.87
ORD102699,16-08-2025,Amazon,Home & Kitchen,Home Decor,FabIndia Home Decor M681,FabIndia,4,7816,31264,0,31264,UPI,Delivered,2,CUST5904,Aradhya Uppal,Male,25,Chennai,Tamil Nadu,2.6,,15.84,6586.18
ORD100435,02-10-2023,Flipkart,Fashion,Apparel,Samsung Apparel M747,Samsung,1,3306,3306,30,2314.2,COD,Delivered,3,CUST4440,Rhea Iyengar,Male,35,Madurai,Tamil Nadu,3.1,,12.99,311.91
ORD101674,06-05-2024,Max,Kids' Fashion,Accessories,Portronics Accessories S283,Portronics,1,2905,2905,10,2614.5,UPI,Delivered,4,CUST2269,Neysa Raj,Male,19,Bengaluru,Karnataka,2.6,,15.85,235.76
ORD100365,18-10-2024,Myntra,Clothing,Western Wear,Roadster Western Wear Z299,Roadster,1,3788,3788,15,3219.8,UPI,Delivered,3,CUST9723,Pihu Kalita,Female,54,Chennai,Tamil Nadu,1,,4.66,908.13
ORD102649,21-09-2024,Max,Women's Fashion,Bottoms,LocalFarm Bottoms M871,LocalFarm,1,3094,3094,40,1856.4,Wallet,Delivered,8,CUST5298,Priyansh Kadakia,Female,19,Mumbai,Maharashtra,2.1,,11.18,185.75
ORD100231,16-04-2024,Amazon,Home & Kitchen,Appliances,IFB Appliances X709,IFB,1,12555,12555,15,10671.75,COD,Delivered,7,CUST8905,Zeeshan Chaudhari,Female,53,Nagpur,Maharashtra,4.2,,5.08,1616.05
ORD104267,24-03-2025,Myntra,Home & Living,Furnishings,Portico Furnishings M227,Portico,2,4923,9846,25,7384.5,UPI,Delivered,3,CUST4550,Saksham Kota,Male,63,Surat,Gujarat,1.9,,9.34,1293.44
ORD104041,01-04-2025,Amazon,Home & Kitchen,Furniture,HomeTown Furniture X362,HomeTown,2,37466,74932,5,71185.4,UPI,Delivered,5,CUST6676,Jayan Konda,Female,15,Howrah,West Bengal,4.3,,9.75,17045.28
ORD104399,16-03-2025,Amazon,Beauty & Personal Care,Healthcare,Patanjali Healthcare M901,Patanjali,2,1695,3390,0,3390,UPI,Delivered,6,CUST3532,Pranay Chakrabarti,Female,39,Coimbatore,Tamil Nadu,3.8,,15.44,610.38
ORD100407,07-05-2023,Myntra,Home & Living,Kitchenware,Prestige Kitchenware M218,Prestige,2,8595,17190,25,12892.5,UPI,Delivered,9,CUST8159,Biju Sarraf,Female,25,Kolkata,West Bengal,2.5,,13.15,3258.17
ORD102090,05-11-2023,Flipkart,Home & Furniture,Kitchen Appliances,HRX Kitchen Appliances Z643,HRX,2,4221,8442,15,7175.7,UPI,Delivered,6,CUST9267,Ahana  Chadha,Female,38,Chennai,Tamil Nadu,3.9,,8.92,2107.08
ORD100086,22-02-2023,Flipkart,Fashion,Accessories,JBL Accessories S674,JBL,1,3390,3390,20,2712,COD,Delivered,9,CUST2020,Rasha Hans,Female,22,Surat,Gujarat,2.8,,14.85,766.18
ORD100844,15-11-2023,Myntra,Clothing,Ethnic Wear,Biba Ethnic Wear M992,Biba,1,2175,2175,0,2175,COD,Delivered,6,CUST6897,Jayant Shankar,Female,32,Chennai,Tamil Nadu,1.9,,16.49,276.08
ORD101031,17-01-2023,Myntra,Personal Care,Makeup,Lakme Makeup X859,Lakme,1,1284,1284,25,963,UPI,Delivered,5,CUST9252,Ryan Sidhu,Female,36,Kolkata,West Bengal,2.1,,13.75,223.99
ORD102855,27-09-2024,Flipkart,Automotive,Spare Parts,FabIndia Spare Parts S526,FabIndia,4,6700,26800,0,26800,Credit Card,Delivered,8,CUST6878,Indranil Sura,Female,18,New Delhi,Delhi,2.3,,14.1,2379.39
ORD104109,05-06-2024,Amazon,Books,Books,Penguin Books S455,Penguin,4,621,2484,20,1987.2,Wallet,Delivered,6,CUST9668,Gokul Bose,Female,25,Chennai,Tamil Nadu,5,,16.75,301.09
ORD104396,27-01-2025,Max,Plus Size,Plus Bottoms,Baggit Plus Bottoms X673,Baggit,1,3707,3707,5,3521.65,UPI,Delivered,5,CUST1238,Samarth Bahri,Male,20,Pune,Maharashtra,2.1,,6.02,450.27
ORD103893,14-03-2024,Flipkart,Beauty & Personal Care,Makeup,Loreal Makeup X892,Loreal,1,1974,1974,5,1875.3,Credit Card,Delivered,5,CUST7274,Hunar Atwal,Female,34,New Delhi,Delhi,3.1,,16.92,339.31
ORD102658,21-10-2024,Amazon,Baby Products,Apparel,LG Apparel M982,LG,3,1930,5790,5,5500.5,Debit Card,Delivered,5,CUST9315,Ira Sachar,Male,29,Surat,Gujarat,5,,15.13,1332.65
ORD100855,27-08-2025,Flipkart,Automotive,Accessories,Portronics Accessories M348,Portronics,1,614,614,10,552.6,COD,Returned,4,CUST9863,Vardaniya Bajwa,Male,25,Ahmedabad,Gujarat,4.5,Size issue,8.99,44.89
ORD100078,24-02-2024,Myntra,Clothing,Ethnic Wear,FabIndia Ethnic Wear S265,FabIndia,4,4920,19680,10,17712,Debit Card,Delivered,3,CUST3034,Ivan Aggarwal,Female,38,Coimbatore,Tamil Nadu,2,,11.04,4800.07
ORD102247,22-05-2024,Myntra,Accessories,Wallets,Campus Sutra Wallets M268,Campus Sutra,4,2395,9580,5,9101,UPI,Delivered,6,CUST4153,Anahita Barman,Male,31,Kolkata,West Bengal,2.5,,16.19,2555.18
ORD104570,10-01-2024,Max,Women's Fashion,Tops,Puma Tops S825,Puma,1,788,788,10,709.2,UPI,Delivered,4,CUST7476,Oorja Bhattacharyya,Female,16,Pune,Maharashtra,2,,11.82,212.55
ORD103656,25-10-2023,Amazon,Electronics,Televisions,Samsung Televisions M146,Samsung,1,116250,116250,10,104625,COD,Delivered,12,CUST4247,Saira Goswami,Male,22,Kochi,Kerala,5,,16.92,8691.93
ORD104151,18-03-2024,Flipkart,Grocery,Fresh,Xiaomi Fresh X663,Xiaomi,4,2355,9420,5,8949,UPI,Delivered,5,CUST5095,Anaya Vora,Female,27,Kolkata,West Bengal,3.2,,8.29,706.69
ORD103378,07-12-2024,Myntra,Clothing,Western Wear,Roadster Western Wear M301,Roadster,3,5996,17988,10,16189.2,UPI,Returned,8,CUST3562,Ela Buch,Male,24,Chennai,Tamil Nadu,1.2,,11.53,4525.05
ORD102279,03-02-2023,Amazon,Books,Books,HarperCollins Books M178,HarperCollins,1,482,482,0,482,UPI,Delivered,6,CUST8234,Aarna Shetty,Female,38,Ahmedabad,Gujarat,3.9,,4.7,64.75
ORD102598,05-06-2024,Amazon,Baby Products,Feeding Supplies,Patanjali Feeding Supplies M408,Patanjali,2,1303,2606,10,2345.4,UPI,Delivered,4,CUST9605,Ishaan Swamy,Male,33,New Delhi,Delhi,3.2,,15.15,464.13
ORD104159,07-02-2024,Myntra,Personal Care,Makeup,Loreal Makeup S680,Loreal,1,2322,2322,15,1973.7,Wallet,Delivered,3,CUST7899,Lagan Viswanathan,Female,35,Kozhikode,Kerala,2.3,,6.07,313.16
ORD103870,03-03-2025,Myntra,Clothing,Western Wear,Campus Sutra Western Wear M529,Campus Sutra,1,538,538,30,376.6,UPI,Delivered,2,CUST4666,Urvi Sarraf,Male,24,Kanpur,Uttar Pradesh,2.2,,6.62,51.73
ORD103428,14-05-2025,Max,Women's Fashion,Winter Wear,LocalFarm Winter Wear S561,LocalFarm,2,3547,7094,10,6384.6,UPI,Delivered,4,CUST6769,Hazel Saraf,Male,25,Surat,Gujarat,2,,6.14,603.16
ORD102176,20-08-2024,Flipkart,Home & Furniture,Decor,Only Decor M149,Only,4,2659,10636,10,9572.4,UPI,Returned,7,CUST4573,Ivana Agarwal,Female,27,Mumbai,Maharashtra,3.4,Size issue,13.5,878.12
ORD100424,18-03-2023,Amazon,Home & Kitchen,Appliances,Samsung Appliances X574,Samsung,1,12664,12664,20,10131.2,COD,Delivered,4,CUST7449,Kiara Sachdeva,Male,27,Bengaluru,Karnataka,4,,7.71,815.48
ORD100392,19-01-2023,Flipkart,Grocery,Fresh,Zara Fresh Z309,Zara,2,2666,5332,10,4798.8,COD,Returned,4,CUST9171,Arnav Jayaraman,Female,42,Mangalore,Karnataka,2.8,Other,5.11,176.97
ORD104726,25-04-2025,Flipkart,"Books, Sports & Gaming",Books,Penguin Books X237,Penguin,4,311,1244,10,1119.6,UPI,Delivered,4,CUST3078,Ojas Gole,Female,29,Chennai,Tamil Nadu,2.7,,7.41,102.19
ORD103693,22-02-2025,Max,Women's Fashion,Bottoms,Penguin Bottoms Z487,Penguin,1,2223,2223,20,1778.4,UPI,Delivered,5,CUST3076,Adira Wagle,Female,35,Surat,Gujarat,2.3,,17.45,281.37
ORD100104,07-01-2025,Flipkart,Fashion,Accessories,JBL Accessories Z775,JBL,1,4736,4736,20,3788.8,Credit Card,Delivered,2,CUST1990,Elakshi De,Male,44,Ahmedabad,Gujarat,3.3,,7.06,683.2
ORD103994,01-06-2023,Amazon,Fashion,Watches,Titan Watches M452,Titan,4,5803,23212,30,16248.4,UPI,Delivered,9,CUST9762,Vedika Dasgupta,Male,21,Kochi,Kerala,3,,8.2,1518.83
ORD104412,24-12-2023,Amazon,Groceries,Essentials,Zara Essentials S555,Zara,3,4621,13863,0,13863,UPI,Delivered,4,CUST4154,Jivika Viswanathan,Female,31,Bengaluru,Karnataka,4.5,,4.49,750.9
ORD101948,09-04-2023,Myntra,Home & Living,Kitchenware,Prestige Kitchenware M226,Prestige,1,7359,7359,25,5519.25,Debit Card,In Transit,9,CUST6522,Urvi Varghese,Male,30,Ahmedabad,Gujarat,2.1,,7.17,892.82
ORD101459,01-09-2025,Amazon,Beauty & Personal Care,Makeup,Maybelline Makeup S755,Maybelline,3,1589,4767,0,4767,Debit Card,Delivered,6,CUST6134,Baiju Magar,Female,64,Surat,Gujarat,4.4,,15.87,1220.79
ORD103257,16-07-2023,Amazon,Beauty & Personal Care,Makeup,Loreal Makeup X528,Loreal,3,593,1779,5,1690.05,COD,In Transit,10,CUST6698,Divyansh Grewal,Female,38,Mumbai,Maharashtra,3.6,,10.69,238.47
ORD102803,06-02-2024,Max,Kids' Fashion,Kids Apparel,FabIndia Kids Apparel S642,FabIndia,2,5465,10930,25,8197.5,Credit Card,Delivered,8,CUST8405,Charvi Chahal,Female,26,Ahmedabad,Gujarat,2.4,,4.92,1797.85
ORD102706,14-02-2024,Myntra,Footwear,Casual,Sparx Casual Z377,Sparx,1,2700,2700,10,2430,Credit Card,Delivered,3,CUST4488,Diya Grover,Female,17,New Delhi,Delhi,2,,13.62,514.5
ORD104789,18-06-2024,Amazon,Fashion,Shoes,Bata Shoes M211,Bata,2,8412,16824,5,15982.8,Credit Card,Delivered,6,CUST1033,Shalv Tata,Male,18,Surat,Gujarat,4.2,,16.66,4709.17
ORD101587,04-01-2023,Max,Women's Fashion,Tops,Lenovo Tops M953,Lenovo,2,1123,2246,5,2133.7,COD,Delivered,10,CUST5525,Sara Gandhi,Female,27,Kochi,Kerala,3.7,,7.45,309.22
ORD103659,07-12-2023,Amazon,Home & Kitchen,Furniture,Ikea Furniture S873,Ikea,3,59571,178713,10,160841.7,Credit Card,Delivered,12,CUST3854,Samar Bumb,Female,24,Kochi,Kerala,4.4,,15.47,33303.78
ORD101731,02-06-2023,Amazon,Sports & Outdoors,Fitness,HRX Fitness S187,HRX,4,52009,208036,5,197634.2,Credit Card,Delivered,9,CUST9611,Umang Kakar,Male,19,Chennai,Tamil Nadu,5,,12.12,39874.3
ORD104764,20-06-2023,Amazon,Sports & Outdoors,Outdoor Gear,Voylla Outdoor Gear Z542,Voylla,1,2085,2085,0,2085,COD,Returned,5,CUST9828,Kaira Ben,Male,41,Mysuru,Karnataka,1.8,Late delivery,5.8,320.35
ORD104224,01-05-2024,Max,Men's Fashion,Shirts,Wildcraft Shirts M747,Wildcraft,3,3426,10278,5,9764.1,Wallet,Delivered,6,CUST7761,Oorja Krishnamurthy,Male,56,Kolkata,West Bengal,2,,10.6,2159.16
ORD103681,13-12-2024,Amazon,Beauty & Personal Care,Grooming,Philips Grooming M412,Philips,4,802,3208,15,2726.8,UPI,Delivered,3,CUST9511,Aaina Kanda,Female,40,Chennai,Tamil Nadu,4.1,,7.92,277.64
ORD101791,12-10-2024,Amazon,Groceries,Gourmet Foods,Roadster Gourmet Foods X548,Roadster,3,2382,7146,10,6431.4,COD,Delivered,5,CUST8616,Tarini Dugar,Male,20,New Delhi,Delhi,3.3,,13.55,465.22
ORD102355,22-05-2023,Myntra,Personal Care,Fragrances,Voylla Fragrances X189,Voylla,4,3742,14968,15,12722.8,Credit Card,Delivered,6,CUST8295,Darshit Kara,Female,29,Kozhikode,Kerala,2.5,,17.08,3456.71
ORD101940,16-01-2025,Myntra,Accessories,Watches,Titan Watches M601,Titan,4,11769,47076,5,44722.2,UPI,Delivered,1,CUST9179,Dhanuk Goswami,Female,33,Surat,Gujarat,1.6,,11.79,12897.66
ORD100702,03-01-2023,Amazon,Beauty & Personal Care,Makeup,Lakme Makeup X391,Lakme,3,1686,5058,15,4299.3,Wallet,Delivered,9,CUST9964,Gokul Johal,Male,44,Mangalore,Karnataka,4.3,,4.55,1255.87
ORD102442,03-07-2023,Amazon,Sports & Outdoors,Outdoor Gear,Adidas Outdoor Gear Z208,Adidas,3,5270,15810,0,15810,Wallet,Delivered,6,CUST5832,Amani Dyal,Male,19,Bengaluru,Karnataka,3.8,,17.99,1708.67
ORD104375,06-02-2023,Myntra,Accessories,Bags,Wildcraft Bags Z348,Wildcraft,1,3388,3388,15,2879.8,Debit Card,Delivered,5,CUST2988,Divij Badami,Female,60,Mumbai,Maharashtra,2.6,,7.03,821.79
ORD100496,24-09-2024,Myntra,Clothing,Ethnic Wear,FabIndia Ethnic Wear Z165,FabIndia,1,4824,4824,15,4100.4,UPI,Delivered,8,CUST3850,Samiha Sahni,Male,34,Vadodara,Gujarat,2.4,,7.31,1139.73
ORD100464,21-10-2024,Amazon,Electronics,Accessories,Boat Accessories M308,Boat,2,1921,3842,5,3649.9,COD,Delivered,3,CUST5263,Kiaan Varughese,Male,58,Lucknow,Uttar Pradesh,3.4,,14.98,582.5
ORD104071,18-08-2024,Amazon,Books,Books,Penguin Books S657,Penguin,4,2009,8036,5,7634.2,UPI,Delivered,5,CUST3397,Onkar Bhavsar,Male,30,Ahmedabad,Gujarat,3.8,,9.7,1196.91
ORD104333,10-09-2024,Myntra,Footwear,Casual,Campus Casual Z375,Campus,3,2231,6693,10,6023.7,COD,Delivered,6,CUST5893,Armaan Gola,Female,39,Kolkata,West Bengal,1.1,,9.82,1224.78
ORD100172,26-06-2025,Myntra,Clothing,Ethnic Wear,FabIndia Ethnic Wear X521,FabIndia,1,3684,3684,15,3131.4,Credit Card,Delivered,4,CUST3140,Ritvik Kapoor,Female,20,Chennai,Tamil Nadu,2.2,,16.08,856.72
ORD104943,13-01-2023,Amazon,Electronics,Accessories,JBL Accessories S913,JBL,2,430,860,5,817,UPI,Delivered,4,CUST9199,Eva Sandhu,Male,45,Thiruvananthapuram,Kerala,4.4,,5.84,123.08
ORD104796,03-10-2025,Amazon,Electronics,Mobiles,Apple Mobiles X115,Apple,1,63562,63562,0,63562,UPI,Delivered,6,CUST3711,Kashvi Johal,Female,38,Coimbatore,Tamil Nadu,4,,18,7679.51
ORD102540,24-08-2025,Amazon,Baby Products,Diapers,HUL Diapers M532,HUL,1,1503,1503,5,1427.85,Wallet,Delivered,6,CUST9555,Uthkarsh Karan,Female,64,Noida,Uttar Pradesh,4.1,,11.15,184.66
ORD103262,10-08-2025,Amazon,Beauty & Personal Care,Healthcare,Patanjali Healthcare X773,Patanjali,3,1580,4740,0,4740,UPI,Delivered,1,CUST3367,Rati Gupta,Male,61,Bengaluru,Karnataka,4.6,,5.91,572.7
ORD104680,27-06-2023,Amazon,Electronics,Mobiles,Xiaomi Mobiles S740,Xiaomi,1,14278,14278,15,12136.3,Credit Card,Delivered,4,CUST1153,Yashvi Ganesh,Male,52,Kolkata,West Bengal,5,,13.45,744.58
ORD102260,18-05-2023,Myntra,Personal Care,Haircare,Patanjali Haircare M934,Patanjali,3,1631,4893,10,4403.7,Credit Card,Delivered,6,CUST6922,Suhana Baria,Male,25,Pune,Maharashtra,2.3,,17.05,781.08
ORD102112,16-11-2023,Amazon,Home & Kitchen,Kitchenware,Hawkins Kitchenware M367,Hawkins,2,1248,2496,20,1996.8,COD,Delivered,11,CUST5196,Madhup Raja,Male,21,Kolkata,West Bengal,4.7,,9.63,276.58
ORD100900,31-10-2024,Amazon,Baby Products,Diapers,Hawkins Diapers S559,Hawkins,2,5715,11430,5,10858.5,Credit Card,Delivered,8,CUST5592,Dhruv Varma,Female,23,Kozhikode,Kerala,4.3,,4.66,1255.65
ORD101446,11-09-2023,Amazon,Baby Products,Apparel,LocalFarm Apparel M647,LocalFarm,1,4568,4568,5,4339.6,Debit Card,Delivered,11,CUST1501,Khushi Kari,Male,25,Kolkata,West Bengal,3.8,,7.03,552.9
ORD103573,09-09-2023,Max,Kids' Fashion,Kids Apparel,Philips Kids Apparel X722,Philips,1,958,958,0,958,UPI,Returned,3,CUST8402,Lakshit Din,Male,56,Kolkata,West Bengal,2.4,,7.99,88.62
ORD100741,05-02-2023,Myntra,Clothing,Kids Wear,Realme Kids Wear X700,Realme,4,860,3440,40,2064,Debit Card,Delivered,11,CUST4028,Kaira Babu,Female,25,Bengaluru,Karnataka,2.5,,16.49,169.97
ORD102293,24-01-2023,Myntra,Footwear,Formal,Red Tape Formal S754,Red Tape,4,7877,31508,20,25206.4,COD,Delivered,9,CUST4507,Adira Chatterjee,Male,28,New Delhi,Delhi,2.3,,6.25,6748.3
ORD102452,17-03-2025,Amazon,Books,Books,Penguin Books M808,Penguin,3,1010,3030,0,3030,UPI,Delivered,2,CUST7749,Tara Batra,Male,41,New Delhi,Delhi,4.3,,16.45,304.85
ORD102622,27-05-2025,Flipkart,Electronics,Mobiles,Realme Mobiles X370,Realme,1,45889,45889,0,45889,UPI,Delivered,6,CUST5805,Alisha Zacharia,Male,19,Kolkata,West Bengal,3.9,,8.15,6378.79
ORD104078,23-04-2024,Myntra,Personal Care,Fragrances,Ikea Fragrances S174,Ikea,1,4918,4918,10,4426.2,UPI,Returned,6,CUST7230,Romil Garg,Female,19,Chennai,Tamil Nadu,1.1,Other,9.51,390.1
ORD101206,16-08-2025,Amazon,Groceries,Gourmet Foods,Only Gourmet Foods X212,Only,4,1954,7816,0,7816,UPI,Delivered,2,CUST8234,Sumer Bhandari,Male,22,New Delhi,Delhi,4.6,,10.6,534.27
ORD100509,07-08-2024,Amazon,Groceries,Snacks,Roadster Snacks S518,Roadster,1,884,884,5,839.8,UPI,Delivered,5,CUST1606,Nirvi Basu,Female,43,Jaipur,Rajasthan,2.8,,4.24,25.57
ORD102620,31-01-2024,Flipkart,Electronics,Home Electronics,Nike Home Electronics Z126,Nike,4,2206,8824,10,7941.6,COD,Delivered,7,CUST4858,Parinaaz Ram,Male,35,Surat,Gujarat,3.5,,5.84,1175.4
ORD102802,19-03-2025,Max,Kids' Fashion,Kids Shoes,Voylla Kids Shoes X783,Voylla,1,796,796,10,716.4,UPI,Delivered,6,CUST5847,Baiju Ahuja,Female,43,Howrah,West Bengal,2,,15.24,124.09
ORD103313,19-12-2023,Flipkart,Automotive,Accessories,Portronics Accessories M528,Portronics,3,3303,9909,5,9413.55,UPI,Delivered,12,CUST2192,Yakshit Tara,Female,33,Bengaluru,Karnataka,3.1,,10.2,2496.96
ORD101549,29-05-2024,Flipkart,Beauty & Personal Care,Makeup,Lakme Makeup X897,Lakme,3,3162,9486,10,8537.4,UPI,In Transit,7,CUST4654,Lavanya Contractor,Male,17,Kochi,Kerala,2.1,,12.11,1778.13
ORD104563,07-04-2023,Max,Plus Size,Plus Tops,HarperCollins Plus Tops X220,HarperCollins,1,2642,2642,15,2245.7,COD,Delivered,7,CUST2534,Anay Saini,Female,54,Mangalore,Karnataka,2.8,,11.73,540.8
ORD102202,28-01-2025,Flipkart,"Books, Sports & Gaming",Gaming,Microsoft Gaming Z732,Microsoft,1,15472,15472,0,15472,UPI,Delivered,5,CUST2970,Adira Majumdar,Female,30,Kozhikode,Kerala,3.1,,9.95,4189.34
ORD102566,25-03-2025,Myntra,Footwear,Casual,Sparx Casual Z908,Sparx,2,3422,6844,25,5133,UPI,Delivered,5,CUST5106,Ivan Lalla,Female,45,Noida,Uttar Pradesh,2,,13.68,1245.38
ORD103892,11-03-2025,Myntra,Footwear,Casual,Campus Casual Z981,Campus,2,1902,3804,10,3423.6,UPI,Delivered,5,CUST9172,Zeeshan Bawa,Female,56,Surat,Gujarat,1.8,,4.72,334
ORD102044,22-03-2024,Flipkart,Electronics,Computers,Asus Computers S676,Asus,1,96431,96431,5,91609.45,UPI,Delivered,7,CUST6152,Vritika Banerjee,Male,28,Ahmedabad,Gujarat,2.8,,9.78,9637.26
ORD100767,15-05-2025,Amazon,Home & Kitchen,Appliances,Samsung Appliances Z490,Samsung,1,46178,46178,5,43869.1,UPI,Returned,6,CUST1489,Zain Ben,Male,16,Surat,Gujarat,1.9,Defective,9.16,10221.95
ORD104872,12-08-2023,Amazon,Groceries,Fresh Produce,BigBasket Fresh Produce Z451,BigBasket,2,230,460,5,437,COD,Delivered,5,CUST5640,Kiara Wable,Male,62,Chennai,Tamil Nadu,4.1,,11.79,22.47
ORD103738,26-03-2024,Myntra,Accessories,Watches,Fastrack Watches S261,Fastrack,3,13672,41016,10,36914.4,UPI,Delivered,4,CUST4889,Charvi Apte,Female,26,Kolkata,West Bengal,2.4,,14.77,6749.04
ORD100421,11-05-2023,Amazon,Home & Kitchen,Home Decor,Home Centre Home Decor M538,Home Centre,1,8468,8468,10,7621.2,COD,Delivered,9,CUST6799,Jivika Sarna,Male,23,Kolkata,West Bengal,5,,13.9,916.7
ORD100123,14-10-2025,Amazon,Beauty & Personal Care,Makeup,Loreal Makeup M396,Loreal,4,664,2656,0,2656,UPI,In Transit,3,CUST3758,Advika Gopal,Female,36,New Delhi,Delhi,3.7,,11.45,561.24
ORD104162,03-07-2025,Max,Women's Fashion,Dresses,Sparx Dresses S843,Sparx,4,910,3640,0,3640,Credit Card,Delivered,5,CUST3995,Advika Doctor,Female,48,Mumbai,Maharashtra,2.9,,15.83,365.58
ORD102628,27-09-2023,Myntra,Footwear,Casual,Sparx Casual X509,Sparx,4,1042,4168,5,3959.6,COD,Delivered,3,CUST4642,Shalv Sandhu,Female,44,Pune,Maharashtra,1,,10.13,550.95
ORD100819,28-03-2025,Flipkart,"Books, Sports & Gaming",Sporting Goods,Fastrack Sporting Goods Z161,Fastrack,3,3659,10977,5,10428.15,UPI,Delivered,1,CUST9247,Dishani Krishnamurthy,Female,19,Kolkata,West Bengal,3.3,,5.29,2923.62
ORD101403,16-08-2024,Amazon,Groceries,Essentials,Bata Essentials Z663,Bata,1,3840,3840,15,3264,Wallet,Delivered,4,CUST3898,Faiyaz Lal,Female,28,New Delhi,Delhi,4.2,,16.84,261.01
ORD101382,25-10-2024,Flipkart,Home & Furniture,Decor,Samsung Decor Z954,Samsung,3,2372,7116,5,6760.2,Wallet,Delivered,6,CUST3607,Anika Atwal,Female,47,Howrah,West Bengal,2.5,,5.22,1901.1
ORD102148,12-02-2024,Amazon,Sports & Outdoors,Outdoor Gear,Canon Outdoor Gear S490,Canon,2,1124,2248,0,2248,COD,In Transit,3,CUST8689,Hunar Sama,Female,50,Lucknow,Uttar Pradesh,3.9,,16.14,588.65
ORD101575,25-01-2023,Amazon,Baby Products,Diapers,Realme Diapers Z560,Realme,1,1443,1443,5,1370.85,COD,Delivered,4,CUST7573,Shalv Solanki,Female,47,New Delhi,Delhi,3.9,,5.47,210.96
ORD101638,27-09-2024,Max,Accessories,Seasonal,Biba Seasonal M112,Biba,4,1738,6952,25,5214,COD,Cancelled,6,CUST5636,Hunar Dubey,Female,49,Kanpur,Uttar Pradesh,2.1,,10.08,420.59
ORD101795,06-04-2023,Max,Men's Fashion,Shirts,BigBasket Shirts M326,BigBasket,4,2346,9384,40,5630.4,COD,Returned,6,CUST2866,Zeeshan Sethi,Female,37,Surat,Gujarat,2.5,Defective,7.89,1227.35
ORD104815,24-08-2024,Flipkart,Grocery,Essentials,Portico Essentials M367,Portico,2,3332,6664,10,5997.6,UPI,Delivered,8,CUST2723,Advik Sastry,Female,35,Noida,Uttar Pradesh,3.1,,13.59,427.69
ORD100399,23-08-2024,Max,Women's Fashion,Tops,3M Tops M933,3M,3,4084,12252,15,10414.2,UPI,Delivered,7,CUST2456,Bhavin Sabharwal,Female,28,Pune,Maharashtra,3.1,,9.76,2841.08
ORD102310,28-10-2023,Myntra,Footwear,Formal,Red Tape Formal M268,Red Tape,1,3907,3907,10,3516.3,COD,Delivered,7,CUST1279,Anahi Khanna,Male,39,Mumbai,Maharashtra,2.9,,8.77,762.6
ORD100882,26-09-2023,Amazon,Beauty & Personal Care,Makeup,Lakme Makeup Z158,Lakme,2,2497,4994,5,4744.3,UPI,Delivered,5,CUST4016,Pihu Tailor,Female,50,Nagpur,Maharashtra,3.2,,16.01,970.38
ORD104973,17-09-2023,Flipkart,Fashion,Apparel,Samsung Apparel S608,Samsung,3,5507,16521,15,14042.85,COD,Returned,9,CUST3853,Dharmajan Bahl,Female,26,Surat,Gujarat,3.7,Changed mind,4.36,1831.68
ORD102897,13-02-2024,Amazon,Electronics,Televisions,Sony Televisions M709,Sony,1,118274,118274,5,112360.3,UPI,Delivered,3,CUST5797,Anya Chahal,Male,16,Thiruvananthapuram,Kerala,4.5,,9.91,6721.53
ORD101352,22-03-2023,Amazon,Beauty & Personal Care,Makeup,Loreal Makeup M524,Loreal,3,261,783,25,587.25,Debit Card,Delivered,8,CUST6108,Romil Vig,Female,18,Chennai,Tamil Nadu,3.8,,12.22,47.27
ORD102742,08-01-2025,Myntra,Clothing,Ethnic Wear,FabIndia Ethnic Wear X700,FabIndia,3,5185,15555,20,12444,Credit Card,Delivered,3,CUST8996,Yasmin Bir,Female,41,Surat,Gujarat,2.1,,13.95,2292.48
ORD104550,03-03-2023,Amazon,Baby Products,Feeding Supplies,Sony Feeding Supplies X300,Sony,1,3270,3270,0,3270,COD,In Transit,10,CUST8338,Dishani Sandhu,Male,45,Mumbai,Maharashtra,3.7,,16.51,270
ORD102130,24-08-2025,Myntra,Footwear,Formal,Red Tape Formal X794,Red Tape,1,8062,8062,20,6449.6,COD,Delivered,3,CUST1235,Khushi Vyas,Female,15,Howrah,West Bengal,1.7,,14.78,630.19
ORD100982,03-03-2025,Amazon,Fashion,Clothing,Zara Clothing Z245,Zara,3,2025,6075,20,4860,UPI,Delivered,1,CUST9648,Tejas Lala,Female,20,Kozhikode,Kerala,4.4,,8.35,1184.26
ORD100456,17-12-2023,Max,Plus Size,Plus Tops,Bata Plus Tops X876,Bata,1,3291,3291,20,2632.8,COD,Delivered,12,CUST8756,Stuvan Savant,Female,29,Bengaluru,Karnataka,2.5,,15.32,667.95
ORD104119,09-12-2023,Amazon,Sports & Outdoors,Fitness,Decathlon Fitness M861,Decathlon,2,33453,66906,5,63560.7,UPI,In Transit,3,CUST4892,Siya Tak,Female,21,Vadodara,Gujarat,4.1,,10.54,5763.3
ORD101079,14-05-2023,Amazon,Fashion,Clothing,H&M Clothing Z407,H&M,2,1704,3408,0,3408,COD,Delivered,5,CUST9700,Mahika Shankar,Female,25,Surat,Gujarat,3.4,,5.92,417.43
ORD101950,14-05-2024,Amazon,Home & Kitchen,Furniture,HomeTown Furniture S751,HomeTown,3,5368,16104,5,15298.8,Wallet,Returned,6,CUST9159,Taran Sur,Male,23,Noida,Uttar Pradesh,2.7,Defective,15.51,4273.3
ORD104314,31-03-2025,Amazon,Fashion,Jewelry,Tanishq Jewelry Z189,Tanishq,3,35007,105021,15,89267.85,Wallet,Delivered,1,CUST1021,Alia Barad,Female,49,Bengaluru,Karnataka,3.6,,9.3,9964.79
ORD100689,19-01-2024,Amazon,Baby Products,Diapers,Canon Diapers S862,Canon,3,4783,14349,5,13631.55,COD,Delivered,2,CUST9302,Taran Chakrabarti,Female,24,Pune,Maharashtra,3.6,,8.93,1670.76
ORD102429,22-04-2023,Amazon,Groceries,Fresh Produce,BigBasket Fresh Produce Z757,BigBasket,2,665,1330,15,1130.5,UPI,Returned,12,CUST1094,Samar Jain,Female,53,Chennai,Tamil Nadu,3.1,,10.88,37.8
ORD100641,26-08-2025,Amazon,Fashion,Clothing,Zara Clothing Z781,Zara,2,462,924,10,831.6,UPI,Delivered,2,CUST9177,Vidur Agrawal,Female,25,Kozhikode,Kerala,5,,6.66,177.55
ORD102392,02-06-2025,Myntra,Personal Care,Skincare,HP Skincare Z901,HP,4,4533,18132,20,14505.6,UPI,Delivered,3,CUST9930,Damini Bahri,Male,29,Chennai,Tamil Nadu,2.2,,17.57,1860.65
ORD101953,27-09-2023,Flipkart,Fashion,Footwear,Portico Footwear M602,Portico,4,1765,7060,5,6707,COD,Delivered,8,CUST2937,Samaira Mallick,Male,29,Noida,Uttar Pradesh,3,,16.9,1709.72
ORD102748,16-10-2023,Flipkart,Beauty & Personal Care,Grooming,Philips Grooming M727,Philips,2,2028,4056,0,4056,COD,Delivered,5,CUST1061,Romil Yogi,Male,30,Ahmedabad,Gujarat,3.8,,10.39,573.74
ORD104313,21-11-2023,Amazon,Groceries,Fresh Produce,BigBasket Fresh Produce M718,BigBasket,2,255,510,5,484.5,COD,Delivered,12,CUST5892,Rati Ganesan,Female,48,Vadodara,Gujarat,4.4,,8.75,29.25
ORD103435,03-08-2023,Amazon,Baby Products,Apparel,BigBasket Apparel X455,BigBasket,4,851,3404,0,3404,COD,Delivered,7,CUST8655,Devansh Kade,Female,44,Bengaluru,Karnataka,3.7,,17.51,816.97
ORD103336,09-06-2025,Max,Men's Fashion,Shirts,Ikea Shirts S990,Ikea,4,2744,10976,10,9878.4,UPI,Delivered,1,CUST8058,Eva Bhagat,Male,28,Chennai,Tamil Nadu,2.2,,6.84,2244.1
ORD104766,12-12-2024,Flipkart,Home & Furniture,Decor,HomeTown Decor S458,HomeTown,1,3756,3756,0,3756,Debit Card,Delivered,7,CUST3122,Aarush Sem,Female,41,Kolkata,West Bengal,3.8,,11.51,714.96
ORD103370,04-11-2023,Flipkart,Grocery,Fresh,Microsoft Fresh S902,Microsoft,3,1532,4596,10,4136.4,COD,Delivered,5,CUST2349,Prerak Varughese,Female,44,Bengaluru,Karnataka,1.7,,4.83,282.5
ORD101884,17-02-2024,Max,Women's Fashion,Winter Wear,FabIndia Winter Wear Z466,FabIndia,1,904,904,5,858.8,UPI,In Transit,6,CUST5004,Sahil Contractor,Male,16,Jaipur,Rajasthan,1.7,,10.37,74.3
ORD100389,22-01-2024,Myntra,Footwear,Formal,Red Tape Formal Z624,Red Tape,4,1374,5496,0,5496,Credit Card,In Transit,2,CUST3750,Mahika Balasubramanian,Male,15,Vadodara,Gujarat,1.3,,15.16,1443.79
ORD102494,27-10-2023,Amazon,Groceries,Essentials,LG Essentials Z771,LG,3,4251,12753,20,10202.4,COD,Delivered,6,CUST6218,Fateh Mander,Female,34,Kolkata,West Bengal,4.3,,11.99,429.47
ORD103878,24-06-2023,Max,Accessories,Bags,Baggit Bags Z181,Baggit,3,5030,15090,30,10563,UPI,Delivered,9,CUST3164,Ranbir Viswanathan,Female,42,New Delhi,Delhi,2,,15.61,2208.62
ORD103856,24-05-2024,Flipkart,Home & Furniture,Kitchen Appliances,Nike Kitchen Appliances X211,Nike,2,2780,5560,10,5004,UPI,Delivered,3,CUST5127,Advik Date,Male,56,Kolkata,West Bengal,3.4,,10.4,838.62
ORD100845,29-07-2025,Amazon,Electronics,Cameras,Nikon Cameras S425,Nikon,1,16126,16126,5,15319.7,UPI,Delivered,3,CUST9247,Jayesh Vig,Female,59,Bengaluru,Karnataka,4,,16.47,2620.03
ORD100542,07-05-2025,Myntra,Accessories,Wallets,BigBasket Wallets S750,BigBasket,4,2198,8792,20,7033.6,UPI,Delivered,2,CUST4255,Alisha Jayaraman,Female,41,Surat,Gujarat,2,,10.21,989.03
ORD100091,22-05-2024,Amazon,Groceries,Fresh Produce,BigBasket Fresh Produce M835,BigBasket,3,532,1596,25,1197,UPI,Delivered,8,CUST2845,Dhanuk Sachdev,Male,18,New Delhi,Delhi,2.8,,11.06,52.24
ORD103889,01-01-2024,Amazon,Groceries,Snacks,Maybelline Snacks Z581,Maybelline,4,3323,13292,5,12627.4,UPI,Delivered,2,CUST7079,Aaryahi Lad,Male,24,Bengaluru,Karnataka,3.8,,16.87,383.61
ORD101979,03-01-2024,Flipkart,Grocery,Fresh,Dell Fresh X508,Dell,2,578,1156,10,1040.4,UPI,Delivered,8,CUST3698,Saira Edwin,Female,42,Kolkata,West Bengal,4.2,,17.5,69.59
ORD102812,22-04-2023,Amazon,Electronics,Televisions,LG Televisions S271,LG,1,135563,135563,5,128784.85,COD,Cancelled,4,CUST4680,Priyansh Borde,Male,22,Kozhikode,Kerala,3.7,,11.64,17887.82
ORD104082,12-12-2024,Flipkart,"Books, Sports & Gaming",Gaming,Microsoft Gaming Z316,Microsoft,1,20511,20511,20,16408.8,UPI,Returned,6,CUST1777,Sumer Sarkar,Male,60,Surat,Gujarat,3,Changed mind,14.06,4294.69
ORD102902,16-11-2023,Myntra,Home & Living,Furnishings,Home Centre Furnishings M433,Home Centre,4,9796,39184,40,23510.4,COD,Delivered,3,CUST5217,Mahika Kari,Male,24,New Delhi,Delhi,2.5,,11.63,5832.48
ORD102529,11-04-2023,Max,Men's Fashion,Shirts,Adidas Shirts X350,Adidas,2,4707,9414,15,8001.9,UPI,Delivered,9,CUST1270,Anya Kakar,Male,42,Pune,Maharashtra,2.9,,11.5,1763.66
ORD101676,16-04-2024,Myntra,Home & Living,Decor,LocalFarm Decor Z501,LocalFarm,4,2830,11320,5,10754,Wallet,Delivered,5,CUST3553,Pihu Sood,Male,45,New Delhi,Delhi,2.1,,17.31,1897.29
ORD101048,04-12-2023,Flipkart,Beauty & Personal Care,Makeup,Maybelline Makeup M511,Maybelline,2,329,658,20,526.4,Wallet,Delivered,4,CUST9932,Myra Yogi,Male,25,Noida,Uttar Pradesh,2.9,,16.68,88.51
ORD101960,27-07-2025,Amazon,Beauty & Personal Care,Healthcare,Himalaya Healthcare X777,Himalaya,4,1767,7068,10,6361.2,UPI,In Transit,2,CUST4637,Gatik Krishna,Male,40,Surat,Gujarat,4.5,,15.55,845.71
ORD102530,02-06-2024,Amazon,Groceries,Fresh Produce,LocalFarm Fresh Produce X532,LocalFarm,2,1643,3286,10,2957.4,Wallet,In Transit,8,CUST8981,Mahika Gokhale,Female,22,Surat,Gujarat,4.8,,10.28,122.52
ORD103992,07-10-2025,Amazon,Sports & Outdoors,Outdoor Gear,Samsung Outdoor Gear Z837,Samsung,3,1545,4635,10,4171.5,Debit Card,Delivered,6,CUST5126,Arhaan Halder,Female,45,Ahmedabad,Gujarat,4.4,,12.3,935.67
ORD100237,03-03-2023,Amazon,Groceries,Fresh Produce,BigBasket Fresh Produce X423,BigBasket,1,613,613,0,613,Debit Card,Delivered,3,CUST7332,Farhan Ramachandran,Female,31,Bengaluru,Karnataka,3.9,,8.09,45.47
ORD103097,01-02-2023,Myntra,Footwear,Sports,Hawkins Sports M888,Hawkins,1,4142,4142,25,3106.5,UPI,Delivered,10,CUST5515,Gokul Bhatti,Female,40,Kanpur,Uttar Pradesh,1,,11.47,816.04
ORD103488,05-01-2023,Myntra,Home & Living,Decor,Home Centre Decor Z860,Home Centre,4,2941,11764,20,9411.2,UPI,Delivered,3,CUST7943,Renee Krish,Male,30,Kolkata,West Bengal,2,,4.61,1878.46
ORD101133,07-05-2024,Amazon,Fashion,Bags,Wildcraft Bags M194,Wildcraft,3,5861,17583,25,13187.25,Wallet,Delivered,8,CUST9532,Chirag Balasubramanian,Male,49,Ahmedabad,Gujarat,4.1,,4.06,3871.02
ORD101805,18-03-2023,Myntra,Personal Care,Skincare,Patanjali Skincare M602,Patanjali,2,772,1544,25,1158,Credit Card,Delivered,8,CUST2965,Dharmajan Chada,Female,22,Kolkata,West Bengal,2.4,,10.94,322.31
ORD104317,27-12-2023,Myntra,Clothing,Ethnic Wear,Biba Ethnic Wear Z205,Biba,2,1303,2606,5,2475.7,Credit Card,Returned,4,CUST3502,Hazel Sampath,Female,23,Pune,Maharashtra,1.5,Size issue,14.06,631.01
ORD100163,30-12-2023,Amazon,Groceries,Essentials,HUL Essentials M523,HUL,4,4945,19780,5,18791,Debit Card,Delivered,4,CUST2963,Uthkarsh Sangha,Female,24,Noida,Uttar Pradesh,4.4,,10.61,746.51
ORD103492,07-05-2023,Flipkart,"Books, Sports & Gaming",Gaming,Sony Gaming M620,Sony,1,64933,64933,20,51946.4,UPI,Delivered,5,CUST2843,Anay Bora,Male,23,Coimbatore,Tamil Nadu,2.7,,9.65,6853.13
ORD104709,16-01-2024,Myntra,Home & Living,Decor,Bosch Decor S361,Bosch,3,534,1602,10,1441.8,COD,Delivered,4,CUST7052,Ayesha Chandra,Female,51,New Delhi,Delhi,1,,4.39,258.55
ORD104630,28-03-2025,Amazon,Sports & Outdoors,Outdoor Gear,Roadster Outdoor Gear Z269,Roadster,1,1801,1801,10,1620.9,UPI,Delivered,3,CUST9645,Darshit Goswami,Female,58,Kozhikode,Kerala,4.3,,4.64,197.62
ORD103453,24-09-2024,Amazon,Groceries,Gourmet Foods,Tanishq Gourmet Foods M140,Tanishq,3,629,1887,5,1792.65,UPI,Delivered,5,CUST7753,Nakul Goyal,Female,44,Surat,Gujarat,3.7,,16.53,132.42
ORD103199,11-10-2024,Amazon,Books,Books,HarperCollins Books Z761,HarperCollins,2,678,1356,5,1288.2,UPI,Delivered,7,CUST6228,Tarini Dave,Male,45,Bengaluru,Karnataka,4.5,,16.58,126.44
ORD103634,31-05-2025,Flipkart,Automotive,Accessories,JBL Accessories Z178,JBL,1,2143,2143,5,2035.85,UPI,Delivered,1,CUST6061,Yakshit Taneja,Female,27,Surat,Gujarat,3.2,,6.88,212.56
ORD103939,04-01-2025,Amazon,Baby Products,Apparel,Decathlon Apparel Z276,Decathlon,2,3588,7176,5,6817.2,UPI,In Transit,2,CUST6572,Zara Singhal,Female,15,Surat,Gujarat,4,,12.01,1083.99
ORD101811,07-08-2023,Amazon,Groceries,Gourmet Foods,HarperCollins Gourmet Foods Z862,HarperCollins,2,5478,10956,10,9860.4,COD,Delivered,9,CUST1818,Mahika Tandon,Male,21,Noida,Uttar Pradesh,5,,17.53,718.2
ORD103649,01-08-2024,Flipkart,Home & Furniture,Household Essentials,Lakme Household Essentials S146,Lakme,1,2561,2561,0,2561,UPI,Delivered,7,CUST6957,Lakshit Bir,Female,45,Ahmedabad,Gujarat,3.4,,13.45,536.04
ORD104049,29-08-2023,Myntra,Footwear,Casual,Campus Casual Z369,Campus,3,1491,4473,25,3354.75,Wallet,Delivered,12,CUST6103,Riaan Sandal,Female,18,Kolkata,West Bengal,1.7,,10.81,655.5
ORD101428,17-07-2023,Max,Men's Fashion,Winter Wear,Maybelline Winter Wear Z123,Maybelline,1,1497,1497,5,1422.15,UPI,Delivered,3,CUST3073,Ivana Ahuja,Male,31,Nagpur,Maharashtra,3.3,,7.09,312.77
ORD103613,24-06-2024,Flipkart,Electronics,Computers,HP Computers M422,HP,1,79169,79169,0,79169,UPI,In Transit,8,CUST3865,Keya Sundaram,Male,62,Chennai,Tamil Nadu,3.5,,17.51,10050.34
ORD103131,12-05-2025,Amazon,Baby Products,Feeding Supplies,Decathlon Feeding Supplies Z237,Decathlon,3,3638,10914,5,10368.3,UPI,Delivered,1,CUST2136,Tara Tandon,Female,59,Pune,Maharashtra,4.5,,5.15,1607.94
ORD103396,17-02-2024,Myntra,Accessories,Wallets,Only Wallets M969,Only,2,625,1250,0,1250,COD,Delivered,3,CUST1531,Tarini Ganesh,Male,62,Mumbai,Maharashtra,2.1,,13.85,161.61
ORD104460,05-12-2024,Amazon,Books,Stationery,Decathlon Stationery S816,Decathlon,1,1115,1115,5,1059.25,UPI,Delivered,2,CUST8387,Seher Ramaswamy,Male,57,New Delhi,Delhi,4.3,,10.07,181.06
ORD104649,15-05-2023,Amazon,Home & Kitchen,Appliances,LG Appliances S251,LG,1,21916,21916,10,19724.4,COD,Delivered,11,CUST1226,Indrajit Yadav,Male,65,New Delhi,Delhi,4.1,,7.51,1692.52
ORD102820,13-08-2023,Amazon,Fashion,Clothing,Levis Clothing S448,Levis,4,4322,17288,25,12966,COD,Delivered,3,CUST1034,Shaan Tiwari,Female,26,Coimbatore,Tamil Nadu,3.7,,17.37,3717.95
ORD101452,07-12-2023,Amazon,Groceries,Essentials,Ikea Essentials M387,Ikea,4,2388,9552,0,9552,UPI,Delivered,6,CUST5752,Siya Sibal,Female,51,Noida,Uttar Pradesh,3.9,,7.74,299.6
ORD100593,09-04-2023,Myntra,Accessories,Watches,Fastrack Watches S507,Fastrack,2,2152,4304,40,2582.4,Credit Card,Delivered,5,CUST8146,Jivika Chacko,Male,15,Ahmedabad,Gujarat,1,,16.23,381.02
ORD100041,15-09-2025,Flipkart,Automotive,Accessories,JBL Accessories Z424,JBL,1,4217,4217,5,4006.15,UPI,Delivered,3,CUST2315,Zoya Dhingra,Female,29,Noida,Uttar Pradesh,4.4,,8.74,931.01
ORD100560,05-10-2025,Amazon,Beauty & Personal Care,Healthcare,Patanjali Healthcare S487,Patanjali,4,1588,6352,0,6352,UPI,Delivered,4,CUST9040,Zaina Aggarwal,Female,25,Ludhiana,Punjab,3.3,,14.52,904.88
ORD103273,13-03-2024,Amazon,Home & Kitchen,Home Decor,FabIndia Home Decor S406,FabIndia,3,7316,21948,0,21948,COD,Delivered,5,CUST8457,Madhav Salvi,Male,28,New Delhi,Delhi,4.1,,12.03,6379.58
ORD103244,03-09-2023,Amazon,Baby Products,Apparel,Bata Apparel S750,Bata,1,1512,1512,0,1512,Debit Card,Returned,7,CUST5425,Raunak Bhavsar,Female,61,Chennai,Tamil Nadu,4.9,Size issue,12.45,327.37
ORD100243,29-11-2023,Max,Men's Fashion,Winter Wear,Baggit Winter Wear Z852,Baggit,3,2475,7425,30,5197.5,UPI,Delivered,3,CUST1694,Vihaan Sharaf,Male,27,Noida,Uttar Pradesh,2.2,,11.29,932.19
ORD101339,16-04-2025,Myntra,Personal Care,Skincare,H&M Skincare X841,H&M,4,1870,7480,10,6732,UPI,Delivered,2,CUST3557,Diya Banik,Female,41,Surat,Gujarat,2.5,,11.34,556.38
ORD102780,22-10-2024,Myntra,Clothing,Western Wear,Roadster Western Wear S793,Roadster,3,1602,4806,0,4806,UPI,Delivered,8,CUST9425,Shanaya Kakar,Female,30,Kolkata,West Bengal,2.3,,13.12,712.29
ORD103187,01-10-2024,Myntra,Home & Living,Kitchenware,Prestige Kitchenware M888,Prestige,3,991,2973,15,2527.05,Wallet,Delivered,2,CUST8108,Veer Gala,Female,37,Chennai,Tamil Nadu,1.8,,10.58,288.93
ORD103799,25-02-2023,Max,Kids' Fashion,Kids Apparel,Sony Kids Apparel M624,Sony,1,3762,3762,10,3385.8,UPI,Delivered,3,CUST7626,Tarini Deo,Male,62,Ahmedabad,Gujarat,2.6,,5.95,514.36
ORD101442,25-11-2023,Amazon,Beauty & Personal Care,Makeup,Maybelline Makeup X618,Maybelline,4,1804,7216,25,5412,Wallet,Delivered,4,CUST9976,Shamik Sani,Female,28,Noida,Uttar Pradesh,4.4,,16.02,692.11
ORD100261,10-04-2023,Myntra,Footwear,Formal,Red Tape Formal Z644,Red Tape,4,3785,15140,20,12112,COD,Delivered,12,CUST1003,Jhanvi Shroff,Female,18,Kolkata,West Bengal,2.8,,16.65,2664.02
ORD102764,07-06-2024,Max,Plus Size,Plus Bottoms,Xiaomi Plus Bottoms Z712,Xiaomi,1,1894,1894,0,1894,COD,Delivered,3,CUST5751,Myra Wagle,Female,21,Chennai,Tamil Nadu,1,,17.18,392.15
ORD101689,08-01-2023,Amazon,Fashion,Jewelry,Voylla Jewelry M789,Voylla,2,20212,40424,5,38402.8,COD,Delivered,7,CUST6537,Damini Chawla,Male,23,Bengaluru,Karnataka,4.1,,5.17,8866.03
ORD101725,16-04-2025,Amazon,Groceries,Snacks,Home Centre Snacks M438,Home Centre,2,1632,3264,5,3100.8,COD,Delivered,3,CUST9623,Pihu Doctor,Female,25,New Delhi,Delhi,4.4,,16.22,244.7
ORD104792,29-08-2023,Flipkart,Fashion,Footwear,Dell Footwear Z784,Dell,3,3689,11067,10,9960.3,UPI,Delivered,5,CUST9169,Suhana Gill,Male,51,Howrah,West Bengal,2.8,,8.2,894.12
ORD100834,29-07-2024,Myntra,Personal Care,Makeup,Loreal Makeup Z900,Loreal,4,1950,7800,15,6630,UPI,Delivered,8,CUST2938,Sana Wason,Female,19,Chennai,Tamil Nadu,2.6,,10.07,1340.54
ORD101866,26-10-2024,Flipkart,"Books, Sports & Gaming",Sporting Goods,Home Centre Sporting Goods S293,Home Centre,2,655,1310,0,1310,Credit Card,Delivered,5,CUST4397,Keya Dugar,Male,31,Ahmedabad,Gujarat,3.1,,7.41,116.68
ORD102496,10-06-2025,Myntra,Home & Living,Kitchenware,Prestige Kitchenware S639,Prestige,1,4465,4465,15,3795.25,UPI,Returned,1,CUST2129,Samarth Kurian,Female,28,Mumbai,Maharashtra,1,Changed mind,10.75,635.79
ORD102010,17-02-2025,Flipkart,Grocery,Fresh,Boat Fresh X420,Boat,4,2411,9644,0,9644,UPI,Delivered,2,CUST9562,Adira Dugar,Female,51,Surat,Gujarat,3,,15.03,333.39
ORD100340,28-08-2024,Myntra,Personal Care,Haircare,FabIndia Haircare M548,FabIndia,3,2900,8700,10,7830,UPI,Delivered,6,CUST5718,Aarav Kanda,Female,37,Vadodara,Gujarat,2.7,,13.77,662.24
ORD102988,31-01-2025,Max,Kids' Fashion,Kids Shoes,Canon Kids Shoes S122,Canon,3,4219,12657,30,8859.9,UPI,In Transit,2,CUST5440,Tarini Tak,Female,29,Surat,Gujarat,1.4,,16.46,1314.42
ORD101601,12-03-2025,Amazon,Sports & Outdoors,Outdoor Gear,Lakme Outdoor Gear M866,Lakme,2,3912,7824,0,7824,Debit Card,Delivered,3,CUST5214,Nitara Deshmukh,Female,37,Ahmedabad,Gujarat,4.9,,5.02,1970.48
ORD103875,08-08-2025,Flipkart,Home & Furniture,Decor,Samsung Decor Z408,Samsung,4,2778,11112,10,10000.8,Credit Card,Delivered,2,CUST4541,Priyansh Sangha,Female,23,Mangalore,Karnataka,4.4,,9.26,1423.99
ORD104694,29-05-2024,Flipkart,Automotive,Spare Parts,Roadster Spare Parts Z448,Roadster,1,693,693,20,554.4,Credit Card,Delivered,2,CUST2891,Hrishita Bali,Male,50,New Delhi,Delhi,3.6,,9.48,126.55
ORD100480,31-08-2024,Amazon,Baby Products,Feeding Supplies,Ikea Feeding Supplies Z310,Ikea,2,5528,11056,0,11056,COD,Returned,4,CUST2659,Tiya Ramachandran,Female,16,Bengaluru,Karnataka,2.9,,14.02,1837.73
ORD102825,21-04-2025,Amazon,Beauty & Personal Care,Healthcare,Patanjali Healthcare X859,Patanjali,2,1271,2542,20,2033.6,UPI,Delivered,1,CUST9314,Ojas Desai,Female,30,Chennai,Tamil Nadu,3.8,,8.24,544.5
ORD104329,20-12-2023,Flipkart,Grocery,Fresh,Baggit Fresh M411,Baggit,1,2001,2001,10,1800.9,Credit Card,Delivered,6,CUST5337,Jivin Chandran,Female,63,Pune,Maharashtra,3.3,,5.63,117.09
ORD103540,05-08-2024,Amazon,Sports & Outdoors,Sportswear,Adidas Sportswear S126,Adidas,3,1661,4983,10,4484.7,COD,Delivered,8,CUST8101,Shanaya Joshi,Male,17,Chennai,Tamil Nadu,4.1,,17.62,1288.33
ORD104638,03-07-2023,Flipkart,Grocery,Fresh,Roadster Fresh S650,Roadster,1,4918,4918,5,4672.1,COD,Delivered,4,CUST7385,Umang Sandhu,Female,34,New Delhi,Delhi,3.5,,15.3,307.95
ORD103046,17-12-2024,Myntra,Accessories,Watches,Fastrack Watches S842,Fastrack,1,6785,6785,10,6106.5,Credit Card,Returned,4,CUST1664,Aayush Dey,Male,30,Kolkata,West Bengal,1,Size issue,16.89,1054.13
ORD103990,03-07-2025,Amazon,Baby Products,Apparel,Home Centre Apparel S946,Home Centre,4,1050,4200,10,3780,Wallet,Delivered,2,CUST8305,Farhan Bhakta,Male,24,New Delhi,Delhi,3.9,,6.53,768.92
ORD101766,08-02-2024,Max,Men's Fashion,Shirts,Voylla Shirts X334,Voylla,3,3634,10902,15,9266.7,Credit Card,Delivered,4,CUST5163,Prisha Kalla,Male,27,Noida,Uttar Pradesh,1.5,,10.06,2777.44
ORD104473,28-05-2023,Myntra,Home & Living,Furnishings,Portico Furnishings X158,Portico,4,16460,65840,0,65840,Debit Card,Delivered,8,CUST1890,Pari Soman,Female,26,Mangalore,Karnataka,2.4,,9.66,19299.93
ORD102453,01-10-2023,Myntra,Home & Living,Kitchenware,Hawkins Kitchenware M869,Hawkins,4,461,1844,10,1659.6,COD,In Transit,7,CUST7019,Jayan Mahal,Male,21,Surat,Gujarat,1.8,,13.91,233.7
ORD102877,25-11-2024,Myntra,Personal Care,Makeup,Lakme Makeup X243,Lakme,3,526,1578,10,1420.2,Debit Card,Delivered,5,CUST7236,Kimaya Gera,Male,31,Ahmedabad,Gujarat,2,,13.22,331.02
ORD103815,12-10-2023,Amazon,Beauty & Personal Care,Healthcare,Himalaya Healthcare Z678,Himalaya,2,187,374,20,299.2,Credit Card,Delivered,11,CUST1642,Armaan Ganesh,Male,21,New Delhi,Delhi,3.8,,12.47,29.8
ORD104016,25-09-2025,Flipkart,Electronics,Home Electronics,OnePlus Home Electronics S405,OnePlus,3,2738,8214,10,7392.6,Credit Card,Delivered,2,CUST1751,Advik Bhatti,Male,33,Kolkata,West Bengal,2.3,,13.68,610.16
ORD104677,27-03-2025,Amazon,Books,Books,HarperCollins Books Z885,HarperCollins,4,303,1212,5,1151.4,UPI,Delivered,2,CUST7501,Shalv Khatri,Male,28,Bengaluru,Karnataka,3.6,,16.19,216.6
ORD103679,25-04-2025,Amazon,Fashion,Jewelry,Tanishq Jewelry M846,Tanishq,2,39752,79504,0,79504,UPI,Delivered,5,CUST2956,Indranil Bedi,Female,26,Pune,Maharashtra,3.7,,12.31,9228.15
ORD101271,03-10-2024,Flipkart,Automotive,Spare Parts,Sony Spare Parts S257,Sony,2,6558,13116,10,11804.4,UPI,Delivered,3,CUST9790,Zoya Wali,Female,19,Noida,Uttar Pradesh,2.7,,11.36,1372.2
ORD103077,22-01-2024,Max,Plus Size,Plus Tops,Penguin Plus Tops M159,Penguin,3,4068,12204,15,10373.4,UPI,Delivered,2,CUST9775,Sahil Wable,Female,26,Pune,Maharashtra,1.9,,15.24,1922.25
ORD104501,13-12-2024,Amazon,Books,Stationery,Campus Stationery Z433,Campus,2,1687,3374,0,3374,UPI,Delivered,8,CUST2019,Jhanvi Hari,Male,34,Mumbai,Maharashtra,4.9,,16.22,479.44
ORD103094,08-10-2024,Max,Kids' Fashion,Kids Shoes,Wildcraft Kids Shoes S747,Wildcraft,2,1426,2852,5,2709.4,Credit Card,Delivered,5,CUST5013,Nirvaan Kulkarni,Female,64,Bengaluru,Karnataka,2.3,,11.02,364.24
ORD104653,23-03-2025,Flipkart,Beauty & Personal Care,Grooming,HUL Grooming S229,HUL,1,510,510,10,459,UPI,Delivered,3,CUST7653,Rania Vaidya,Male,16,Mumbai,Maharashtra,3.8,,8.67,42.29
ORD100347,16-02-2024,Max,Accessories,Shoes,Bata Shoes S408,Bata,1,7707,7707,30,5394.9,UPI,Delivered,7,CUST8244,Hridaan Srivastava,Female,26,Surat,Gujarat,2.3,,6.87,1077.76
ORD103881,09-02-2023,Max,Kids' Fashion,Accessories,JBL Accessories Z992,JBL,1,265,265,25,198.75,COD,Delivered,11,CUST6202,Tarini Samra,Male,22,Ahmedabad,Gujarat,1.9,,9.84,41.39
ORD104623,01-09-2025,Flipkart,Home & Furniture,Household Essentials,Lilliput Household Essentials X278,Lilliput,4,2769,11076,10,9968.4,UPI,In Transit,5,CUST9078,Kimaya Wadhwa,Female,16,Vadodara,Gujarat,3.1,,6.77,2130.15
ORD102562,14-01-2025,Amazon,Books,Stationery,Samsung Stationery X822,Samsung,4,1017,4068,20,3254.4,UPI,Delivered,1,CUST3915,Inaaya  Devi,Male,41,New Delhi,Delhi,4.2,,4.39,427.47
ORD104590,13-02-2023,Max,Women's Fashion,Winter Wear,H&M Winter Wear Z641,H&M,3,4118,12354,15,10500.9,COD,Returned,6,CUST7357,Zaina Devi,Female,27,Chennai,Tamil Nadu,2.2,Changed mind,17.48,2434.94
ORD101423,02-10-2024,Amazon,Electronics,Cameras,Nikon Cameras S462,Nikon,1,63789,63789,10,57410.1,Debit Card,Delivered,4,CUST6428,Tarini Maharaj,Male,30,Chennai,Tamil Nadu,3.9,,8.85,9302.14
ORD100656,27-09-2023,Flipkart,Automotive,Accessories,JBL Accessories S320,JBL,1,4425,4425,20,3540,COD,Delivered,10,CUST8859,Prerak Chatterjee,Male,41,Mumbai,Maharashtra,3.7,,11.8,493.53
ORD102102,25-06-2024,Amazon,Fashion,Clothing,Only Clothing M666,Only,1,1084,1084,25,813,UPI,Returned,8,CUST1867,Saksham Bumb,Female,52,Kolkata,West Bengal,5,,7.47,70.26
ORD100632,08-02-2024,Max,Women's Fashion,Tops,Roadster Tops X764,Roadster,3,3603,10809,25,8106.75,COD,Delivered,3,CUST1384,Tarini Desai,Female,17,Chennai,Tamil Nadu,2,,11.19,2399.99
ORD102892,16-12-2024,Amazon,Fashion,Jewelry,Voylla Jewelry M277,Voylla,1,21631,21631,15,18386.35,COD,Delivered,5,CUST1938,Mamooty Kota,Male,23,Bengaluru,Karnataka,4.4,,15.56,1511.34
ORD102493,26-04-2023,Max,Men's Fashion,Winter Wear,Sony Winter Wear M117,Sony,3,3974,11922,0,11922,COD,Delivered,11,CUST3858,Anaya Sangha,Male,48,Madurai,Tamil Nadu,2.1,,16.02,1509.26
ORD102665,20-05-2023,Flipkart,Automotive,Accessories,Portronics Accessories M688,Portronics,4,5102,20408,0,20408,COD,Delivered,7,CUST5849,Kismat Venkataraman,Male,16,Ludhiana,Punjab,3.2,,9.55,4053.64
ORD104015,15-11-2023,Amazon,Home & Kitchen,Appliances,LG Appliances S151,LG,1,41785,41785,0,41785,UPI,Delivered,6,CUST1845,Keya Banerjee,Male,58,Ahmedabad,Gujarat,4.8,,5.7,11650.47
ORD103662,30-07-2025,Amazon,Groceries,Essentials,W Essentials X410,W,3,4953,14859,10,13373.1,UPI,Delivered,3,CUST3899,Yashvi Deol,Female,18,Ahmedabad,Gujarat,3.6,,5.72,425.37
ORD103307,08-07-2023,Amazon,Sports & Outdoors,Outdoor Gear,Bosch Outdoor Gear M409,Bosch,2,5098,10196,15,8666.6,Debit Card,Delivered,7,CUST2120,Hrishita Sanghvi,Female,19,Pune,Maharashtra,4.3,,8.26,1287.5
ORD103096,12-04-2025,Myntra,Clothing,Kids Wear,Red Tape Kids Wear S252,Red Tape,2,1658,3316,30,2321.2,UPI,Delivered,2,CUST7070,Neysa Hari,Female,42,Pune,Maharashtra,1,,8.99,493.37
ORD103919,23-09-2024,Amazon,Beauty & Personal Care,Healthcare,Himalaya Healthcare M988,Himalaya,3,1376,4128,20,3302.4,UPI,In Transit,2,CUST9455,Taimur Korpal,Male,22,Bengaluru,Karnataka,3.8,,4.27,747.08
ORD102500,04-03-2024,Flipkart,Grocery,Essentials,Bosch Essentials S371,Bosch,3,2708,8124,5,7717.8,UPI,Delivered,5,CUST5538,Dhanush Acharya,Female,30,Pune,Maharashtra,3.4,,14.86,456.03
ORD101465,14-02-2025,Myntra,Clothing,Western Wear,Roadster Western Wear M616,Roadster,4,6378,25512,20,20409.6,UPI,Delivered,2,CUST1575,Shalv Dayal,Male,16,Ahmedabad,Gujarat,2.2,,4.51,5227.32
ORD102833,17-07-2023,Amazon,Beauty & Personal Care,Makeup,Maybelline Makeup S382,Maybelline,3,2487,7461,25,5595.75,COD,In Transit,9,CUST5397,Vivaan Dutt,Female,56,Bengaluru,Karnataka,2.6,,14.4,906.49
ORD100115,11-10-2025,Flipkart,Grocery,Fresh,LocalFarm Fresh M915,LocalFarm,3,3597,10791,15,9172.35,UPI,Delivered,2,CUST1725,Madhup Bassi,Female,43,Ahmedabad,Gujarat,2.9,,13.21,437.98
ORD101821,24-12-2023,Myntra,Footwear,Sports,Wildcraft Sports M337,Wildcraft,1,4287,4287,10,3858.3,UPI,Delivered,8,CUST5194,Miraan Halder,Female,52,Bengaluru,Karnataka,2,,4.9,862.55
ORD101494,20-08-2024,Max,Accessories,Shoes,Bata Shoes X684,Bata,4,5769,23076,5,21922.2,Credit Card,Delivered,5,CUST2727,Ela Seth,Female,47,Lucknow,Uttar Pradesh,1.4,,13.82,6559.5
ORD102401,16-10-2025,Amazon,Electronics,Televisions,LG Televisions S497,LG,1,77791,77791,10,70011.9,Debit Card,In Transit,2,CUST7954,Ishita Sathe,Male,28,Pune,Maharashtra,3.5,,13.69,6054.76
ORD101232,12-11-2023,Max,Women's Fashion,Dresses,LG Dresses Z521,LG,2,1947,3894,40,2336.4,Debit Card,Delivered,3,CUST1119,Neysa Barad,Female,23,Surat,Gujarat,2.6,,15.32,574.44
ORD102661,08-03-2025,Amazon,Home & Kitchen,Home Decor,FabIndia Home Decor S863,FabIndia,2,6739,13478,0,13478,UPI,Delivered,2,CUST6319,Samar Bhardwaj,Female,21,Noida,Uttar Pradesh,4.7,,9.01,1925.17
ORD104100,28-05-2025,Amazon,Groceries,Snacks,Home Centre Snacks X710,Home Centre,3,2203,6609,5,6278.55,UPI,Returned,5,CUST7366,Jayan Lanka,Male,33,Kolkata,West Bengal,4.7,Defective,7.59,484.09
ORD104573,10-10-2025,Flipkart,Home & Furniture,Kitchen Appliances,HUL Kitchen Appliances M589,HUL,3,5692,17076,25,12807,UPI,Delivered,3,CUST8579,Miraya Dani,Female,15,Pune,Maharashtra,2.6,,15.8,1172.26
ORD101153,05-01-2025,Myntra,Personal Care,Skincare,Tanishq Skincare X494,Tanishq,1,4274,4274,15,3632.9,UPI,Delivered,3,CUST4558,Ojas Dhawan,Female,24,Pune,Maharashtra,2.9,,15.11,565.67
ORD103848,19-07-2025,Max,Plus Size,Plus Tops,Baggit Plus Tops S444,Baggit,4,2727,10908,0,10908,UPI,Delivered,6,CUST1482,Onkar Suri,Female,49,Kochi,Kerala,3.1,,17.92,1598.2
ORD100057,29-03-2024,Myntra,Personal Care,Makeup,Lakme Makeup S885,Lakme,3,1614,4842,10,4357.8,UPI,Delivered,2,CUST1897,Krish Swamy,Female,18,Mumbai,Maharashtra,1.4,,7.09,1292.43
ORD104104,25-04-2024,Myntra,Accessories,Watches,Titan Watches M911,Titan,1,6145,6145,30,4301.5,COD,Delivered,2,CUST7156,Shanaya Dugar,Female,48,Bengaluru,Karnataka,1.3,,4.51,884.25
ORD104288,30-05-2025,Flipkart,Fashion,Footwear,BigBasket Footwear M415,BigBasket,1,2733,2733,25,2049.75,UPI,Returned,5,CUST8633,Shalv Hayer,Female,21,Surat,Gujarat,1.6,Late delivery,12.47,534.17
ORD104945,15-11-2024,Max,Men's Fashion,T-Shirts,Himalaya T-Shirts S857,Himalaya,2,2970,5940,40,3564,COD,Delivered,6,CUST6469,Mehul Bains,Male,24,Pune,Maharashtra,2.7,,16.53,806.19
ORD101735,25-05-2025,Myntra,Personal Care,Haircare,LG Haircare X670,LG,2,3634,7268,10,6541.2,UPI,Delivered,3,CUST6595,Divyansh Varghese,Male,35,Lucknow,Uttar Pradesh,1.5,,5.78,1566.08
ORD102196,01-01-2023,Amazon,Groceries,Essentials,Voylla Essentials Z590,Voylla,2,2786,5572,10,5014.8,COD,Delivered,5,CUST6600,Charvi Chaudhuri,Male,18,Nagpur,Maharashtra,3.7,,15.38,343.89
ORD103553,18-07-2023,Amazon,Baby Products,Feeding Supplies,Realme Feeding Supplies M667,Realme,2,4884,9768,5,9279.6,COD,Delivered,11,CUST4162,Navya Lal,Female,27,Mangalore,Karnataka,4.2,,17.48,1971.78
ORD102475,12-07-2025,Amazon,Electronics,Computers,HP Computers X392,HP,1,90176,90176,15,76649.6,Debit Card,Delivered,1,CUST2978,Zeeshan Goda,Female,36,Howrah,West Bengal,3.6,,11.71,9070.31
ORD102564,11-06-2025,Myntra,Footwear,Casual,Sparx Casual M281,Sparx,2,2994,5988,30,4191.6,UPI,Returned,2,CUST1589,Yuvraj  Dada,Female,39,Ahmedabad,Gujarat,2.2,Other,11.2,503.57
ORD103158,26-04-2024,Amazon,Electronics,Mobiles,Samsung Mobiles X467,Samsung,1,42275,42275,10,38047.5,UPI,In Transit,8,CUST9031,Navya Chhabra,Male,40,Chennai,Tamil Nadu,4.2,,17.06,6793.8
ORD104034,21-04-2025,Amazon,Beauty & Personal Care,Makeup,Maybelline Makeup Z337,Maybelline,1,2132,2132,5,2025.4,UPI,Delivered,6,CUST5606,Ahana  Chada,Female,16,Noida,Uttar Pradesh,4.2,,5.4,449.51
ORD103655,22-09-2023,Max,Plus Size,Plus Bottoms,Realme Plus Bottoms M864,Realme,2,1925,3850,0,3850,COD,Delivered,5,CUST5566,Alisha Dewan,Male,64,Ahmedabad,Gujarat,2.9,,12.25,608.85
ORD100707,05-05-2023,Flipkart,Automotive,Spare Parts,H&M Spare Parts S450,H&M,1,6367,6367,0,6367,COD,Delivered,7,CUST2415,Keya Kalita,Male,23,Ludhiana,Punjab,3.2,,14.15,1785.32
ORD104280,22-05-2025,Max,Kids' Fashion,Kids Shoes,BigBasket Kids Shoes M740,BigBasket,1,2216,2216,15,1883.6,UPI,Delivered,3,CUST5290,Aarav Balakrishnan,Male,61,Ahmedabad,Gujarat,2.1,,5.02,315.43
ORD101093,12-01-2025,Amazon,Baby Products,Apparel,Ikea Apparel Z156,Ikea,1,4909,4909,15,4172.65,UPI,Delivered,1,CUST8019,Siya Saha,Female,40,New Delhi,Delhi,4,,13.92,1065.06
ORD104839,14-12-2024,Myntra,Clothing,Kids Wear,Maybelline Kids Wear S606,Maybelline,4,962,3848,30,2693.6,COD,Delivered,5,CUST4908,Jayesh Dhar,Female,59,Thiruvananthapuram,Kerala,2.7,,13.81,285.75
ORD101376,28-04-2024,Amazon,Fashion,Watches,Titan Watches M439,Titan,2,9659,19318,10,17386.2,UPI,Delivered,5,CUST6345,Yasmin Agarwal,Female,24,Mumbai,Maharashtra,3.5,,16.43,3797.68
ORD104913,11-06-2023,Amazon,Groceries,Essentials,Samsung Essentials M311,Samsung,2,2088,4176,0,4176,COD,Cancelled,9,CUST6414,Sahil Chandran,Male,26,Coimbatore,Tamil Nadu,3.9,,13.4,160.78
ORD100072,26-07-2023,Amazon,Beauty & Personal Care,Makeup,Lakme Makeup M291,Lakme,4,1045,4180,10,3762,COD,Delivered,8,CUST8204,Charvi Dubey,Female,27,Noida,Uttar Pradesh,4,,10.12,632.03
ORD101922,30-08-2025,Max,Accessories,Shoes,Puma Shoes S899,Puma,4,3427,13708,25,10281,Credit Card,Delivered,3,CUST6471,Lagan Uppal,Female,42,Mumbai,Maharashtra,1.7,,4.05,2868.71
ORD103173,20-06-2023,Myntra,Clothing,Western Wear,Campus Sutra Western Wear Z997,Campus Sutra,3,970,2910,40,1746,Credit Card,In Transit,5,CUST6421,Gokul Thakkar,Female,24,Noida,Uttar Pradesh,2.3,,13.92,197.98
ORD101764,29-03-2024,Amazon,Sports & Outdoors,Outdoor Gear,Home Centre Outdoor Gear S315,Home Centre,3,667,2001,5,1900.95,Debit Card,Delivered,5,CUST9582,Sahil Tata,Male,19,Howrah,West Bengal,4,,8.17,313.76
ORD100743,16-09-2024,Myntra,Footwear,Casual,Campus Casual S274,Campus,1,4050,4050,20,3240,UPI,Delivered,3,CUST1432,Mehul Vasa,Male,17,Ahmedabad,Gujarat,1.3,,9.56,599.45
ORD104318,24-01-2023,Myntra,Home & Living,Furnishings,Home Centre Furnishings X835,Home Centre,2,13458,26916,25,20187,Credit Card,Delivered,7,CUST4414,Mishti Banik,Female,20,Surat,Gujarat,3.1,,11.73,3507.14
ORD101005,01-02-2024,Amazon,Electronics,Televisions,Sony Televisions Z371,Sony,1,21247,21247,15,18059.95,Credit Card,Delivered,8,CUST5976,Krish Dani,Female,37,New Delhi,Delhi,4.9,,6.4,2929.17
ORD102668,11-04-2025,Flipkart,Beauty & Personal Care,Grooming,Philips Grooming M690,Philips,3,3011,9033,25,6774.75,UPI,Delivered,5,CUST6701,Ranbir Varma,Male,57,Pune,Maharashtra,3.4,,13.47,1607.48
ORD101190,14-01-2024,Max,Accessories,Bags,Baggit Bags X647,Baggit,1,4952,4952,5,4704.4,Wallet,Delivered,6,CUST6775,Diya Bal,Female,55,Noida,Uttar Pradesh,2.4,,15.52,987.22
ORD104631,19-01-2024,Amazon,Home & Kitchen,Furniture,HomeTown Furniture S598,HomeTown,3,7468,22404,15,19043.4,Credit Card,Cancelled,6,CUST5204,Rohan Ahuja,Female,28,Surat,Gujarat,3.7,,15.88,3327.14
ORD102601,31-05-2025,Myntra,Clothing,Kids Wear,Samsung Kids Wear S662,Samsung,2,4955,9910,20,7928,UPI,Delivered,1,CUST4475,Manikya Datta,Female,15,Ahmedabad,Gujarat,1.9,,14,1233.64
ORD101125,08-02-2024,Max,Accessories,Seasonal,Nilkamal Seasonal Z934,Nilkamal,1,1375,1375,15,1168.75,UPI,In Transit,7,CUST1066,Purab Varty,Male,32,Kanpur,Uttar Pradesh,1.3,,6.32,306.94
ORD101241,01-09-2025,Max,Plus Size,Plus Tops,Only Plus Tops S390,Only,4,2680,10720,5,10184,UPI,Returned,6,CUST5792,Zeeshan Bahri,Female,26,Bengaluru,Karnataka,1.5,,5.34,1915.68
ORD104606,10-02-2023,Amazon,Groceries,Gourmet Foods,Nike Gourmet Foods S312,Nike,4,3053,12212,0,12212,Wallet,Delivered,10,CUST4072,Emir Sampath,Female,39,Mumbai,Maharashtra,4.6,,14.8,429.69
ORD104130,13-10-2024,Flipkart,Grocery,Fresh,Fastrack Fresh S982,Fastrack,4,4525,18100,0,18100,COD,Delivered,5,CUST6447,Devansh Loyal,Female,17,Ahmedabad,Gujarat,3.4,,15.4,611.77
ORD103442,21-09-2025,Max,Women's Fashion,Dresses,Baggit Dresses S353,Baggit,3,1484,4452,15,3784.2,UPI,Delivered,1,CUST6098,Anya Kurian,Female,44,Kolkata,West Bengal,2.1,,15.29,606.34
ORD100998,21-06-2024,Max,Accessories,Bags,Baggit Bags Z827,Baggit,1,6716,6716,10,6044.4,Debit Card,Delivered,2,CUST1946,Uthkarsh Bahri,Female,42,Kolkata,West Bengal,1.9,,14.33,1030.74
ORD103386,11-01-2023,Amazon,Fashion,Clothing,Zara Clothing S919,Zara,3,431,1293,25,969.75,COD,Returned,7,CUST4955,Chirag Bhalla,Female,42,Ludhiana,Punjab,2.1,Other,4.83,278.05
ORD102684,01-10-2024,Myntra,Personal Care,Makeup,Loreal Makeup S277,Loreal,3,2689,8067,30,5646.9,Debit Card,Delivered,8,CUST1020,Vedika Saran,Female,22,Surat,Gujarat,3.2,,8.16,1007.69
ORD101577,15-02-2023,Amazon,Books,Books,HarperCollins Books Z561,HarperCollins,4,1511,6044,0,6044,UPI,Delivered,10,CUST8360,Trisha Gopal,Female,23,Kanpur,Uttar Pradesh,4.1,,14.18,673.65
ORD104790,19-06-2024,Myntra,Clothing,Western Wear,Campus Sutra Western Wear S695,Campus Sutra,1,5692,5692,0,5692,UPI,Delivered,3,CUST7952,Yasmin Chaudhary,Female,36,Thiruvananthapuram,Kerala,2.4,,6.36,1360.38
ORD101826,27-11-2024,Amazon,Groceries,Gourmet Foods,Hawkins Gourmet Foods Z510,Hawkins,1,3923,3923,5,3726.85,Debit Card,Delivered,7,CUST6216,Tanya Singhal,Female,34,Mumbai,Maharashtra,4.1,,16.14,118.93
ORD103292,06-04-2024,Amazon,Groceries,Fresh Produce,BigBasket Fresh Produce S705,BigBasket,3,471,1413,5,1342.35,UPI,Delivered,8,CUST7957,Dhanuk Shanker,Female,34,Amritsar,Punjab,3.8,,12.14,80.07
ORD104989,10-09-2023,Myntra,Footwear,Casual,Campus Casual X723,Campus,2,756,1512,20,1209.6,COD,Delivered,3,CUST9928,Arhaan Borah,Female,39,Noida,Uttar Pradesh,2.1,,15.15,159.29
ORD103536,25-07-2025,Flipkart,Electronics,Home Electronics,Nikon Home Electronics X822,Nikon,3,1191,3573,10,3215.7,COD,Delivered,6,CUST1092,Farhan Lalla,Male,26,Howrah,West Bengal,2.7,,5.47,255.93
ORD100440,23-05-2023,Flipkart,Grocery,Fresh,Voylla Fresh X332,Voylla,2,1662,3324,5,3157.8,COD,In Transit,3,CUST3323,Manikya Kapadia,Male,30,Mumbai,Maharashtra,3.6,,11.16,226.81
ORD104951,05-10-2023,Amazon,Home & Kitchen,Home Decor,FabIndia Home Decor Z191,FabIndia,1,2028,2028,10,1825.2,COD,Delivered,4,CUST4405,Pihu Sridhar,Male,50,Coimbatore,Tamil Nadu,4.2,,10.44,508.84
ORD101100,15-11-2023,Amazon,Beauty & Personal Care,Makeup,Lakme Makeup X861,Lakme,4,3292,13168,10,11851.2,Credit Card,Delivered,8,CUST6313,Vedika Dube,Female,24,Ahmedabad,Gujarat,4.4,,11.5,2105.64
ORD104010,19-06-2023,Max,Men's Fashion,Bottoms,Sony Bottoms X373,Sony,2,4272,8544,5,8116.8,Debit Card,Delivered,10,CUST6460,Shayak Raj,Female,37,Chennai,Tamil Nadu,3.2,,17.45,735.42
ORD103058,28-08-2023,Max,Accessories,Bags,Wildcraft Bags S270,Wildcraft,2,6850,13700,5,13015,COD,Returned,4,CUST2002,Riya Magar,Male,22,Kanpur,Uttar Pradesh,1,Size issue,10.72,2544.21
ORD100649,07-08-2025,Amazon,Home & Kitchen,Furniture,Nilkamal Furniture S661,Nilkamal,1,41193,41193,25,30894.75,UPI,Delivered,4,CUST7821,Rania Rattan,Male,53,Surat,Gujarat,3.8,,9.61,2894.01
ORD101546,12-03-2024,Amazon,Books,Stationery,Zara Stationery Z251,Zara,3,1395,4185,5,3975.75,COD,Delivered,5,CUST3537,Indranil Goswami,Female,25,Noida,Uttar Pradesh,4.1,,4.29,461.72
ORD104756,17-10-2024,Amazon,Books,Books,Penguin Books S530,Penguin,3,1422,4266,10,3839.4,Credit Card,Delivered,6,CUST4563,Tushar Vora,Male,33,Pune,Maharashtra,5,,15.26,596.19
ORD103560,10-02-2025,Flipkart,Beauty & Personal Care,Makeup,Loreal Makeup M443,Loreal,3,1251,3753,25,2814.75,UPI,Delivered,1,CUST1483,Kabir Anne,Female,38,Noida,Uttar Pradesh,3.5,,5.64,451.84
ORD103886,14-01-2025,Amazon,Home & Kitchen,Furniture,HomeTown Furniture Z764,HomeTown,2,47224,94448,20,75558.4,UPI,Delivered,3,CUST1114,Aarav Kala,Female,20,Pune,Maharashtra,4.8,,6.63,19222.73
ORD103741,14-12-2024,Myntra,Footwear,Casual,Campus Casual X111,Campus,4,3477,13908,10,12517.2,UPI,Delivered,4,CUST2438,Jivika Vaidya,Male,20,Chennai,Tamil Nadu,1.5,,12.84,1214
ORD100630,01-04-2025,Flipkart,Fashion,Apparel,HUL Apparel Z488,HUL,2,3380,6760,20,5408,UPI,Delivered,2,CUST1645,Advik Johal,Female,28,Pune,Maharashtra,3.9,,6.05,961.97
ORD100672,30-08-2025,Myntra,Personal Care,Haircare,IFB Haircare M975,IFB,1,2333,2333,0,2333,UPI,Returned,2,CUST5972,Advik Sood,Male,38,Lucknow,Uttar Pradesh,1.4,,15.3,657.36
ORD101249,21-04-2024,Flipkart,"Books, Sports & Gaming",Gaming,Sony Gaming S160,Sony,1,51823,51823,5,49231.85,UPI,Delivered,4,CUST6195,Navya Kurian,Male,46,Kolkata,West Bengal,3.4,,6.8,4894.57
ORD100482,13-11-2024,Flipkart,Home & Furniture,Decor,Adidas Decor S873,Adidas,2,3143,6286,15,5343.1,UPI,Delivered,5,CUST5762,Mishti Taneja,Male,48,Lucknow,Uttar Pradesh,3.7,,4.63,447.89
ORD101584,22-01-2024,Max,Plus Size,Plus Tops,Nike Plus Tops M385,Nike,3,1576,4728,20,3782.4,UPI,Delivered,2,CUST8765,Rania Mallick,Female,27,Bengaluru,Karnataka,2.6,,8.2,1016.65
ORD103074,02-06-2023,Flipkart,Fashion,Apparel,Campus Apparel Z714,Campus,1,5265,5265,25,3948.75,COD,In Transit,9,CUST8576,Eshani Chandran,Male,19,Pune,Maharashtra,2.7,,13.97,743.65
ORD104627,20-03-2024,Flipkart,Automotive,Accessories,Portronics Accessories S446,Portronics,1,4722,4722,0,4722,UPI,Delivered,8,CUST5054,Dishani Iyengar,Male,30,New Delhi,Delhi,3.8,,10.94,492.74
ORD103038,22-05-2024,Amazon,Beauty & Personal Care,Grooming,Philips Grooming M893,Philips,1,3354,3354,20,2683.2,Wallet,Delivered,4,CUST9658,Anya Sha,Male,17,Jaipur,Rajasthan,2.6,,7.27,514.32
ORD101462,13-08-2024,Flipkart,Automotive,Spare Parts,Microsoft Spare Parts Z569,Microsoft,4,3429,13716,10,12344.4,Credit Card,Delivered,7,CUST8911,Emir Babu,Male,44,Amritsar,Punjab,3.4,,6.59,2337.4
ORD103929,06-05-2024,Flipkart,Automotive,Accessories,Portronics Accessories Z765,Portronics,2,1976,3952,10,3556.8,UPI,Delivered,4,CUST8783,Rohan Bhagat,Male,22,Noida,Uttar Pradesh,2.8,,15.55,944.91
ORD103621,09-09-2025,Flipkart,Grocery,Fresh,JBL Fresh M792,JBL,1,2860,2860,5,2717,UPI,Delivered,1,CUST3886,Jivin Dar,Male,24,Kolkata,West Bengal,3.2,,16.22,204.48
ORD102578,23-04-2023,Amazon,Fashion,Bags,Wildcraft Bags M988,Wildcraft,3,5054,15162,25,11371.5,COD,Delivered,10,CUST4206,Himmat Iyer,Female,15,Ahmedabad,Gujarat,3.9,,13.67,2692.94
ORD103801,11-10-2023,Amazon,Beauty & Personal Care,Healthcare,Himalaya Healthcare M206,Himalaya,4,2014,8056,0,8056,Credit Card,Delivered,8,CUST5607,Shlok Krish,Female,24,Bengaluru,Karnataka,4.4,,12.33,1463.98
ORD100049,03-02-2023,Myntra,Footwear,Formal,Red Tape Formal X151,Red Tape,1,7079,7079,10,6371.1,Debit Card,In Transit,7,CUST8450,Dishani Babu,Female,57,Pune,Maharashtra,2.5,,6.66,680.91
ORD104289,27-10-2024,Amazon,Electronics,Cameras,Nikon Cameras M364,Nikon,1,34155,34155,5,32447.25,Debit Card,Delivered,3,CUST8705,Emir Ghose,Male,25,Vadodara,Gujarat,5,,15.12,5781.43
ORD103344,20-01-2024,Flipkart,Grocery,Fresh,Dell Fresh X578,Dell,2,1310,2620,0,2620,Debit Card,Delivered,4,CUST2815,Nakul Basu,Female,58,Thiruvananthapuram,Kerala,3.7,,17.88,138.31
ORD100858,31-03-2025,Amazon,Home & Kitchen,Home Decor,Home Centre Home Decor X891,Home Centre,2,1117,2234,10,2010.6,Credit Card,Delivered,5,CUST6997,Onkar Hans,Male,28,Ahmedabad,Gujarat,4.4,,16.74,480.56
ORD101072,08-01-2025,Flipkart,Home & Furniture,Household Essentials,Sony Household Essentials S722,Sony,2,462,924,0,924,UPI,Returned,4,CUST5864,Vritika Handa,Male,22,Chennai,Tamil Nadu,2.9,Other,7.9,102.03
ORD100719,10-04-2024,Amazon,Beauty & Personal Care,Grooming,Philips Grooming X374,Philips,4,4824,19296,0,19296,UPI,Delivered,8,CUST4586,Yasmin Chad,Male,35,Ludhiana,Punjab,4,,7.28,3606.39
ORD103717,04-09-2024,Amazon,Electronics,Televisions,LG Televisions S484,LG,1,50957,50957,5,48409.15,COD,Delivered,2,CUST6787,Zoya Bhandari,Male,52,Surat,Gujarat,4.7,,12.93,4180.48
ORD102631,19-08-2025,Myntra,Home & Living,Furnishings,Portico Furnishings Z218,Portico,1,7190,7190,20,5752,UPI,Delivered,5,CUST3176,Tara Soman,Male,45,Kolkata,West Bengal,2,,8.94,662.5
ORD104873,02-09-2024,Max,Kids' Fashion,Accessories,Boat Accessories X642,Boat,3,3122,9366,20,7492.8,UPI,Delivered,5,CUST4495,Aaina Mallick,Male,28,Coimbatore,Tamil Nadu,2.5,,15.35,2010.79
ORD101660,08-10-2025,Max,Plus Size,Plus Tops,3M Plus Tops X749,3M,3,4323,12969,10,11672.1,Debit Card,Delivered,6,CUST6985,Dharmajan Sagar,Male,40,Surat,Gujarat,2.2,,5.8,2926.03
ORD101656,22-01-2023,Flipkart,Home & Furniture,Household Essentials,Nike Household Essentials S424,Nike,3,2353,7059,10,6353.1,COD,Delivered,4,CUST8451,Aniruddh Joshi,Female,30,Surat,Gujarat,3.1,,10.4,861.79
ORD102425,27-02-2025,Flipkart,Automotive,Accessories,JBL Accessories Z411,JBL,2,5093,10186,5,9676.7,UPI,Delivered,3,CUST6146,Damini Manda,Male,28,Surat,Gujarat,3.7,,13.26,1029.86
ORD103524,14-01-2023,Amazon,Electronics,Accessories,Boat Accessories Z295,Boat,4,528,2112,15,1795.2,UPI,In Transit,10,CUST1336,Anay Solanki,Male,39,Mumbai,Maharashtra,4.1,,8.22,242.96
ORD104229,12-05-2024,Amazon,Home & Kitchen,Kitchenware,Prestige Kitchenware X529,Prestige,4,1559,6236,15,5300.6,UPI,Delivered,8,CUST9644,Eshani Mani,Female,34,Mangalore,Karnataka,3.7,,7.6,794.53
ORD104974,05-07-2025,Myntra,Clothing,Kids Wear,Bosch Kids Wear X801,Bosch,3,1623,4869,10,4382.1,Wallet,Delivered,6,CUST6685,Indrans Maharaj,Male,27,Pune,Maharashtra,2,,11.42,652.73
ORD103309,25-07-2025,Myntra,Footwear,Casual,Sparx Casual Z489,Sparx,4,3289,13156,10,11840.4,UPI,Delivered,1,CUST8972,Nirvi Anand,Male,43,Pune,Maharashtra,1.8,,4.16,1099.23
ORD104476,22-03-2023,Amazon,Sports & Outdoors,Sportswear,Adidas Sportswear X775,Adidas,3,766,2298,20,1838.4,COD,Delivered,4,CUST8354,Kabir Badami,Female,44,Mumbai,Maharashtra,3.6,,14.32,243.5
ORD103305,02-12-2024,Flipkart,Automotive,Accessories,Portronics Accessories X655,Portronics,2,2158,4316,0,4316,UPI,Delivered,7,CUST5749,Tiya Din,Male,16,Pune,Maharashtra,3.4,,15.87,937.58
ORD104751,11-06-2023,Myntra,Home & Living,Decor,Zara Decor S790,Zara,3,3038,9114,0,9114,Wallet,Delivered,8,CUST9869,Ivan Shukla,Male,18,Howrah,West Bengal,2.2,,4.78,1284.1
ORD104126,04-01-2023,Max,Women's Fashion,Bottoms,HomeTown Bottoms Z254,HomeTown,4,1848,7392,10,6652.8,COD,Delivered,5,CUST3431,Tushar Shanker,Female,20,Noida,Uttar Pradesh,2.6,,10.64,1379.41
ORD102606,26-05-2024,Flipkart,Automotive,Spare Parts,IFB Spare Parts M694,IFB,4,13100,52400,0,52400,UPI,Delivered,5,CUST8878,Aradhya Soni,Male,44,Chennai,Tamil Nadu,3,,17.02,11872.34
ORD101385,13-09-2024,Max,Women's Fashion,Dresses,Himalaya Dresses X662,Himalaya,2,386,772,10,694.8,UPI,Delivered,8,CUST2705,Alisha Agate,Female,40,Pune,Maharashtra,2.1,,7.5,172.83
ORD103835,30-08-2024,Amazon,Fashion,Clothing,Roadster Clothing Z775,Roadster,2,5090,10180,0,10180,Debit Card,Delivered,4,CUST3866,Tiya Saxena,Female,28,Mumbai,Maharashtra,3.8,,11.01,1827
ORD101399,08-07-2023,Amazon,Baby Products,Diapers,Puma Diapers S358,Puma,1,2452,2452,10,2206.8,COD,Delivered,4,CUST3828,Pihu Samra,Female,37,Mumbai,Maharashtra,2.5,,17.39,505.81
ORD101195,02-08-2023,Amazon,Groceries,Snacks,Ikea Snacks S905,Ikea,1,1862,1862,10,1675.8,Debit Card,Delivered,9,CUST4254,Ranbir Kulkarni,Female,25,Surat,Gujarat,4.7,,8.96,123.51
ORD101408,12-06-2025,Max,Kids' Fashion,Kids Apparel,FabIndia Kids Apparel Z185,FabIndia,3,5474,16422,15,13958.7,UPI,Delivered,5,CUST3484,Tushar Bhakta,Male,18,Surat,Gujarat,1.6,,12.36,2507.86
ORD103824,04-04-2025,Amazon,Groceries,Snacks,Only Snacks M883,Only,1,1414,1414,15,1201.9,Debit Card,Delivered,1,CUST6858,Shlok Aggarwal,Female,25,Chennai,Tamil Nadu,3.9,,16.79,36.78
ORD101798,08-08-2025,Myntra,Home & Living,Kitchenware,Hawkins Kitchenware M177,Hawkins,3,4622,13866,15,11786.1,Debit Card,Delivered,1,CUST2431,Romil Amble,Female,45,Chennai,Tamil Nadu,1.9,,13.32,1106.01
ORD101475,09-09-2024,Flipkart,Grocery,Fresh,Realme Fresh S439,Realme,3,407,1221,0,1221,UPI,Delivered,7,CUST6944,Lakshit Wali,Male,32,Kolkata,West Bengal,4.1,,9.89,57.72
ORD104965,02-07-2024,Flipkart,Electronics,Home Electronics,Tanishq Home Electronics M610,Tanishq,2,982,1964,5,1865.8,COD,In Transit,8,CUST8180,Eva Bali,Female,39,Chennai,Tamil Nadu,2.3,,6.28,249.98
ORD100035,24-03-2023,Flipkart,"Books, Sports & Gaming",Sporting Goods,HRX Sporting Goods M285,HRX,1,1375,1375,10,1237.5,Debit Card,In Transit,7,CUST3870,Kabir Lala,Female,31,Chennai,Tamil Nadu,2.9,,12.07,306.76
ORD103541,11-10-2023,Amazon,Sports & Outdoors,Sportswear,Adidas Sportswear X990,Adidas,1,4195,4195,10,3775.5,COD,Delivered,6,CUST9788,Gokul Loke,Female,57,Noida,Uttar Pradesh,4.4,,17.72,566.72
ORD102345,14-06-2024,Myntra,Footwear,Formal,Red Tape Formal M283,Red Tape,3,5867,17601,30,12320.7,UPI,Cancelled,3,CUST3266,Vaibhav Kuruvilla,Female,31,Kozhikode,Kerala,1.6,,8.12,3610.53
ORD104678,11-08-2024,Amazon,Fashion,Shoes,Puma Shoes Z998,Puma,1,6770,6770,25,5077.5,UPI,Delivered,7,CUST6536,Raghav Batta,Female,37,Ludhiana,Punjab,2.9,,9.08,591.24
ORD102359,22-01-2023,Amazon,Groceries,Essentials,Portronics Essentials Z708,Portronics,4,3192,12768,15,10852.8,COD,Delivered,3,CUST9952,Yashvi Lall,Male,30,New Delhi,Delhi,4.1,,14.1,564.45
ORD102206,22-04-2025,Amazon,Baby Products,Diapers,Apple Diapers S469,Apple,2,3766,7532,0,7532,UPI,Delivered,3,CUST3643,Kaira Bhatt,Female,65,New Delhi,Delhi,3.9,,6.7,2076.84
ORD103767,11-06-2024,Amazon,Fashion,Watches,Titan Watches X481,Titan,3,1803,5409,15,4597.65,COD,In Transit,8,CUST5290,Ryan Thaman,Male,24,Ahmedabad,Gujarat,4,,7.96,876.08
ORD101286,31-05-2025,Amazon,Books,Stationery,Boat Stationery S520,Boat,3,1023,3069,5,2915.55,Credit Card,Delivered,6,CUST5300,Uthkarsh Kaul,Female,44,Ahmedabad,Gujarat,4,,15.02,551.6
ORD100349,03-03-2023,Myntra,Accessories,Watches,Fastrack Watches M406,Fastrack,4,4820,19280,20,15424,UPI,Delivered,12,CUST9737,Ivan Jha,Male,32,Lucknow,Uttar Pradesh,2.2,,11.92,4268.66
ORD102137,14-12-2024,Max,Accessories,Seasonal,Lenovo Seasonal M293,Lenovo,1,2076,2076,20,1660.8,Credit Card,Delivered,5,CUST6183,Rasha Sarna,Male,37,Coimbatore,Tamil Nadu,1.6,,9.36,486.4
ORD102691,15-05-2024,Amazon,Home & Kitchen,Furniture,Nilkamal Furniture M376,Nilkamal,2,2576,5152,0,5152,UPI,Delivered,2,CUST5197,Himmat Toor,Male,63,Nagpur,Maharashtra,3.8,,4.27,1171.84
ORD104560,19-02-2025,Amazon,Electronics,Computers,HP Computers M833,HP,1,125993,125993,5,119693.35,UPI,Delivered,1,CUST6272,Tiya Sood,Male,17,New Delhi,Delhi,4.6,,10.92,6148.79
ORD103967,06-11-2023,Max,Men's Fashion,Winter Wear,BigBasket Winter Wear M201,BigBasket,2,615,1230,5,1168.5,COD,Delivered,6,CUST9023,Taran Bhatnagar,Male,38,Vadodara,Gujarat,2.9,,13.59,260.49
ORD101681,30-03-2025,Amazon,Groceries,Snacks,Asus Snacks S760,Asus,2,3211,6422,0,6422,UPI,In Transit,4,CUST8682,Mishti Kapoor,Male,63,Kozhikode,Kerala,3.2,,12.11,253.87
ORD104834,06-03-2025,Amazon,Groceries,Gourmet Foods,Zara Gourmet Foods M435,Zara,1,2734,2734,10,2460.6,UPI,Delivered,5,CUST4203,Hunar Mammen,Male,25,Kolkata,West Bengal,4.8,,5.08,120.45
ORD101443,23-03-2025,Myntra,Accessories,Bags,Baggit Bags Z453,Baggit,2,4649,9298,25,6973.5,COD,Delivered,3,CUST9078,Gatik Mahal,Female,49,Mumbai,Maharashtra,1.9,,12.29,1217.35
ORD103243,13-07-2025,Flipkart,Grocery,Fresh,Dell Fresh X525,Dell,3,5451,16353,5,15535.35,UPI,Delivered,3,CUST3997,Purab Bansal,Male,15,Chennai,Tamil Nadu,3.4,,5.87,1237.77
ORD101671,18-07-2024,Flipkart,"Books, Sports & Gaming",Books,HarperCollins Books X442,HarperCollins,2,584,1168,15,992.8,UPI,Delivered,8,CUST7768,Saanvi Atwal,Female,46,Noida,Uttar Pradesh,3.1,,9.3,221.07
ORD103836,21-06-2023,Amazon,Groceries,Gourmet Foods,FabIndia Gourmet Foods Z866,FabIndia,3,3461,10383,5,9863.85,COD,Delivered,6,CUST3211,Mamooty Sarkar,Male,37,Noida,Uttar Pradesh,5,,5.4,342.92
ORD101179,18-07-2025,Max,Women's Fashion,Dresses,Microsoft Dresses S325,Microsoft,4,393,1572,15,1336.2,UPI,Delivered,2,CUST6509,Jivika Chaudhary,Male,19,Ahmedabad,Gujarat,2.7,,13.37,355.21
ORD102798,21-09-2024,Flipkart,"Books, Sports & Gaming",Gaming,Sony Gaming M347,Sony,1,36348,36348,0,36348,Credit Card,Delivered,4,CUST7290,Zain Dua,Female,64,Kolkata,West Bengal,4.1,,11.73,4411.51
ORD101692,10-04-2024,Flipkart,"Books, Sports & Gaming",Books,Penguin Books X732,Penguin,1,323,323,10,290.7,Debit Card,Delivered,2,CUST4202,Elakshi Keer,Male,40,Lucknow,Uttar Pradesh,3.2,,6.71,25.03
ORD103956,01-06-2024,Amazon,Beauty & Personal Care,Healthcare,Himalaya Healthcare M731,Himalaya,1,962,962,10,865.8,UPI,Delivered,8,CUST3171,Zoya Sheth,Female,21,Bengaluru,Karnataka,3.9,,17.03,203.7
ORD100372,24-08-2023,Flipkart,Fashion,Apparel,Loreal Apparel X130,Loreal,3,4094,12282,10,11053.8,COD,Cancelled,3,CUST4185,Adira Seshadri,Female,44,Ahmedabad,Gujarat,3.1,,5.61,1590.94
ORD103610,20-01-2024,Amazon,Baby Products,Diapers,IFB Diapers S341,IFB,4,3187,12748,20,10198.4,COD,Delivered,6,CUST1741,Fateh Buch,Male,62,Nagpur,Maharashtra,3.9,,5.55,2835.81
ORD101916,19-05-2024,Max,Accessories,Seasonal,Portico Seasonal M514,Portico,3,4899,14697,0,14697,Debit Card,Delivered,6,CUST6071,Taran Manda,Male,38,Kochi,Kerala,3,,8.28,4050.43
ORD101357,13-01-2023,Max,Men's Fashion,Winter Wear,Adidas Winter Wear X554,Adidas,4,4657,18628,0,18628,COD,Delivered,6,CUST6078,Romil Dua,Female,16,Ahmedabad,Gujarat,1.9,,13.15,2773.78
ORD101825,01-04-2024,Myntra,Personal Care,Makeup,Lakme Makeup X287,Lakme,1,2289,2289,20,1831.2,COD,Delivered,4,CUST5391,Yuvaan Bobal,Male,38,Kanpur,Uttar Pradesh,2.7,,15.36,485.36
ORD100786,10-06-2024,Amazon,Beauty & Personal Care,Healthcare,Himalaya Healthcare X897,Himalaya,2,119,238,25,178.5,UPI,In Transit,6,CUST3670,Darshit Tella,Female,47,Jaipur,Rajasthan,4.7,,5.53,16.89
ORD100469,08-04-2025,Flipkart,Grocery,Fresh,Ikea Fresh M737,Ikea,3,5543,16629,0,16629,Credit Card,Delivered,2,CUST8309,Urvi Som,Male,21,Kozhikode,Kerala,4.2,,17.35,904.48
ORD100140,03-05-2023,Amazon,Groceries,Fresh Produce,LocalFarm Fresh Produce S224,LocalFarm,2,164,328,0,328,COD,Delivered,7,CUST5093,Yuvaan Biswas,Male,56,Pune,Maharashtra,4.4,,17.33,23.86
ORD100788,15-09-2024,Max,Men's Fashion,Winter Wear,HUL Winter Wear Z207,HUL,1,1465,1465,5,1391.75,UPI,Delivered,5,CUST2462,Sana Guha,Male,19,Pune,Maharashtra,2.3,,5.61,347.52
ORD100323,23-02-2023,Flipkart,Fashion,Accessories,Portronics Accessories Z589,Portronics,1,2123,2123,20,1698.4,COD,Returned,5,CUST7722,Aniruddh Halder,Female,33,Kolkata,West Bengal,1,,14.68,452.34
ORD100050,16-03-2025,Amazon,Home & Kitchen,Home Decor,FabIndia Home Decor X234,FabIndia,2,4296,8592,15,7303.2,UPI,Delivered,5,CUST5106,Siya Srinivas,Male,63,Kolkata,West Bengal,5,,6.03,793.11
ORD100714,28-08-2024,Max,Men's Fashion,Shirts,Nike Shirts Z660,Nike,1,2887,2887,20,2309.6,COD,Delivered,7,CUST5477,Saanvi Loke,Male,18,Ahmedabad,Gujarat,1,,4.07,450.5
ORD104889,27-07-2024,Amazon,Baby Products,Apparel,W Apparel M684,W,2,2263,4526,20,3620.8,Debit Card,Delivered,6,CUST9214,Shalv Karan,Male,58,Bengaluru,Karnataka,4.2,,17.52,489.65
ORD102840,07-10-2024,Flipkart,Fashion,Apparel,Prestige Apparel Z243,Prestige,1,1318,1318,25,988.5,UPI,Returned,5,CUST7875,Elakshi Keer,Male,51,Surat,Gujarat,3.1,Other,5.23,179.06
ORD102446,08-05-2024,Myntra,Personal Care,Makeup,Maybelline Makeup S775,Maybelline,2,1863,3726,40,2235.6,Wallet,Delivered,7,CUST5470,Lakshit Kannan,Female,64,Kochi,Kerala,1.5,,15.45,514.27
ORD104813,16-10-2024,Flipkart,Electronics,Home Electronics,Sparx Home Electronics X676,Sparx,2,5567,11134,10,10020.6,Credit Card,Delivered,3,CUST6455,Neelofar Tata,Female,25,Bengaluru,Karnataka,3.1,,5.38,1734.14
ORD104419,24-03-2025,Amazon,Sports & Outdoors,Outdoor Gear,Sony Outdoor Gear M443,Sony,4,4250,17000,15,14450,COD,In Transit,6,CUST4599,Aarna Salvi,Male,43,New Delhi,Delhi,4.2,,8.57,1841.11
ORD104596,17-04-2024,Myntra,Personal Care,Fragrances,Baggit Fragrances M799,Baggit,3,683,2049,0,2049,UPI,Delivered,3,CUST6744,Dharmajan Kohli,Male,48,Nagpur,Maharashtra,2.8,,5.37,393.23
ORD103015,23-09-2024,Amazon,Fashion,Shoes,Puma Shoes S222,Puma,2,5152,10304,15,8758.4,COD,Delivered,2,CUST7576,Rania Bandi,Female,27,New Delhi,Delhi,3.6,,5.99,1186.8
ORD102666,30-04-2023,Flipkart,Home & Furniture,Decor,Realme Decor S563,Realme,2,747,1494,0,1494,COD,Delivered,6,CUST5697,Ishaan Dhar,Female,44,Mumbai,Maharashtra,3.1,,6.42,394.63
ORD100406,20-11-2024,Max,Plus Size,Plus Tops,Fastrack Plus Tops Z786,Fastrack,2,1299,2598,0,2598,Wallet,Delivered,7,CUST5593,Abram Kunda,Female,61,Bengaluru,Karnataka,3.9,,8.57,427.03
ORD103724,23-11-2024,Amazon,Books,Books,HarperCollins Books X858,HarperCollins,4,1590,6360,5,6042,UPI,Delivered,4,CUST3571,Anaya Sani,Female,57,Vadodara,Gujarat,4.2,,13.33,608.88
ORD101004,09-08-2025,Amazon,Electronics,Computers,Dell Computers X941,Dell,1,127202,127202,5,120841.9,UPI,Delivered,2,CUST9862,Elakshi Bassi,Female,40,Noida,Uttar Pradesh,4.8,,17.88,13790.88
ORD103787,27-09-2024,Amazon,Beauty & Personal Care,Makeup,Maybelline Makeup X739,Maybelline,4,3089,12356,0,12356,UPI,Delivered,3,CUST7952,Divij Gara,Male,26,Kolkata,West Bengal,4.3,,6.57,2630.51
ORD100890,01-08-2025,Amazon,Electronics,Mobiles,Realme Mobiles M536,Realme,1,41264,41264,5,39200.8,UPI,Delivered,5,CUST7877,Mohanlal Koshy,Male,29,Kolkata,West Bengal,3.6,,8.33,6755.46
ORD102411,18-11-2023,Amazon,Baby Products,Feeding Supplies,Nike Feeding Supplies X684,Nike,1,4565,4565,0,4565,COD,In Transit,8,CUST1855,Dhanuk Gopal,Female,22,Ahmedabad,Gujarat,4.3,,4.66,750.17
ORD102545,03-10-2025,Myntra,Footwear,Sports,Apple Sports Z230,Apple,4,3687,14748,5,14010.6,UPI,Delivered,6,CUST2121,Yuvaan Jayaraman,Female,30,Howrah,West Bengal,2,,4.45,2965.48
ORD104833,19-07-2023,Flipkart,Automotive,Spare Parts,Sony Spare Parts X996,Sony,3,10163,30489,15,25915.65,Wallet,In Transit,10,CUST7191,Zain Randhawa,Male,38,Surat,Gujarat,2.9,,7.87,2988.29
ORD102390,04-12-2024,Amazon,Groceries,Essentials,Decathlon Essentials S955,Decathlon,3,732,2196,5,2086.2,COD,Delivered,2,CUST8102,Mamooty Boase,Male,37,Kolkata,West Bengal,4.7,,13.66,156.65
ORD103940,17-03-2024,Amazon,Home & Kitchen,Appliances,Samsung Appliances M492,Samsung,1,32034,32034,0,32034,UPI,Delivered,2,CUST7749,Eshani Rout,Female,45,Noida,Uttar Pradesh,3.6,,13.56,9546.94
ORD100042,03-10-2024,Myntra,Personal Care,Skincare,Philips Skincare Z249,Philips,2,4381,8762,10,7885.8,COD,Delivered,5,CUST1919,Divit Arya,Female,24,Mangalore,Karnataka,2.5,,4.41,1193.61
ORD102830,13-05-2025,Myntra,Clothing,Kids Wear,Maybelline Kids Wear X497,Maybelline,1,4880,4880,15,4148,Debit Card,Delivered,3,CUST2455,Keya Kulkarni,Female,33,Kolkata,West Bengal,1.1,,6.82,714.23
ORD103965,12-06-2025,Amazon,Fashion,Bags,Wildcraft Bags Z283,Wildcraft,1,7787,7787,5,7397.65,Credit Card,Returned,6,CUST6686,Anahi Hari,Male,20,Ludhiana,Punjab,2.7,Changed mind,8.26,2036.57
ORD100303,11-03-2024,Myntra,Clothing,Ethnic Wear,Biba Ethnic Wear S701,Biba,1,2042,2042,0,2042,UPI,Delivered,4,CUST1168,Vanya Gera,Male,28,Kolkata,West Bengal,1.7,,4.61,298.87
ORD104513,27-02-2023,Amazon,Sports & Outdoors,Fitness,Decathlon Fitness S550,Decathlon,2,50650,101300,0,101300,COD,Delivered,9,CUST8776,Anahi Sharaf,Male,30,New Delhi,Delhi,5,,6.2,21982.6
ORD103747,09-06-2023,Amazon,Beauty & Personal Care,Makeup,Loreal Makeup Z620,Loreal,4,1721,6884,5,6539.8,COD,Delivered,10,CUST9061,Gatik Ganguly,Female,19,Vadodara,Gujarat,3.5,,13.34,1332.33
ORD100664,26-05-2024,Amazon,Electronics,Televisions,Samsung Televisions X184,Samsung,1,84650,84650,10,76185,UPI,Delivered,7,CUST2422,Divyansh Hayre,Female,58,Chennai,Tamil Nadu,4.1,,4.54,8636.96
ORD101177,11-04-2024,Flipkart,Electronics,Home Electronics,HUL Home Electronics M300,HUL,2,1215,2430,10,2187,COD,Delivered,3,CUST3267,Nayantara Batta,Male,39,Ludhiana,Punjab,2.5,,17.11,348.06
ORD102676,17-08-2024,Flipkart,Automotive,Accessories,Portronics Accessories Z499,Portronics,1,532,532,5,505.4,UPI,Delivered,7,CUST3666,Neysa Das,Female,28,New Delhi,Delhi,2.6,,11.3,74.14
ORD101947,04-12-2024,Myntra,Accessories,Watches,Fastrack Watches S524,Fastrack,4,9068,36272,25,27204,Wallet,In Transit,7,CUST7635,Nitara Anne,Female,41,Kolkata,West Bengal,2.6,,14.84,4224.6
ORD102501,31-01-2024,Flipkart,Fashion,Accessories,JBL Accessories X380,JBL,2,1243,2486,15,2113.1,Wallet,Delivered,6,CUST4940,Urvi Khurana,Female,26,Bengaluru,Karnataka,2.5,,10.54,415.57
ORD101473,13-08-2023,Flipkart,Grocery,Fresh,Campus Sutra Fresh S574,Campus Sutra,4,3265,13060,15,11101,UPI,Delivered,8,CUST3360,Anika Sagar,Male,28,Pune,Maharashtra,2,,8.3,737.05
ORD103483,07-11-2024,Amazon,Books,Books,Penguin Books X844,Penguin,2,1544,3088,0,3088,COD,Delivered,2,CUST3791,Azad Lanka,Male,20,Surat,Gujarat,3.7,,13.86,365.34
ORD103520,06-02-2024,Amazon,Groceries,Essentials,Adidas Essentials M512,Adidas,1,720,720,15,612,UPI,Delivered,5,CUST1439,Ela Anand,Male,59,Mumbai,Maharashtra,4.8,,7.64,30.47
ORD102132,01-01-2024,Amazon,Books,Stationery,HP Stationery X155,HP,3,131,393,20,314.4,Credit Card,Delivered,5,CUST8749,Jivika Bora,Female,63,Pune,Maharashtra,3.3,,8.34,61.87
ORD101026,20-03-2024,Myntra,Accessories,Bags,Wildcraft Bags S588,Wildcraft,3,1709,5127,30,3588.9,UPI,Delivered,4,CUST1262,Kanav Rajagopal,Female,46,Lucknow,Uttar Pradesh,2.3,,7.9,540.79
ORD100961,06-08-2024,Amazon,Fashion,Bags,Wildcraft Bags Z115,Wildcraft,2,3549,7098,40,4258.8,COD,Delivered,8,CUST4009,Khushi Barman,Female,24,New Delhi,Delhi,4.2,,15.01,1186.19
ORD102889,11-02-2024,Amazon,Fashion,Clothing,Levis Clothing X705,Levis,2,1998,3996,5,3796.2,UPI,Delivered,2,CUST2137,Sahil Manne,Female,65,Kolkata,West Bengal,4.1,,6.19,620.79
ORD103134,21-05-2023,Flipkart,"Books, Sports & Gaming",Books,Penguin Books X892,Penguin,1,2235,2235,10,2011.5,Wallet,Delivered,11,CUST3759,Renee Agarwal,Female,19,New Delhi,Delhi,3,,6.74,333.86
ORD102009,28-09-2023,Flipkart,Electronics,Home Electronics,HRX Home Electronics Z814,HRX,2,1036,2072,5,1968.4,UPI,Returned,3,CUST3193,Samiha Jha,Male,57,Amritsar,Punjab,2.1,Late delivery,7.25,165.56
ORD102149,16-02-2025,Amazon,Fashion,Clothing,Only Clothing S751,Only,1,4398,4398,5,4178.1,UPI,Delivered,2,CUST2976,Lagan Swaminathan,Female,50,Mysuru,Karnataka,3.3,,11.75,958.67
ORD103323,18-02-2023,Amazon,Groceries,Essentials,Adidas Essentials X752,Adidas,1,2955,2955,10,2659.5,Wallet,Delivered,8,CUST4853,Hunar Sankar,Female,23,Pune,Maharashtra,4.3,,9.27,151.99
ORD102338,28-12-2024,Flipkart,Beauty & Personal Care,Grooming,Philips Grooming Z179,Philips,4,2566,10264,5,9750.8,COD,Delivered,3,CUST5360,Ehsaan Chandra,Male,34,Mumbai,Maharashtra,2.9,,14.12,2694.55
ORD103888,01-01-2024,Amazon,Groceries,Essentials,LocalFarm Essentials Z519,LocalFarm,1,4128,4128,10,3715.2,Credit Card,Delivered,8,CUST9447,Madhup Sengupta,Female,15,Mumbai,Maharashtra,5,,13.58,207.52
ORD100304,11-07-2025,Amazon,Books,Books,Penguin Books X842,Penguin,3,884,2652,15,2254.2,Credit Card,Delivered,1,CUST4138,Abram Buch,Male,23,Jaipur,Rajasthan,4.8,,4.2,239.03
ORD101440,12-03-2023,Amazon,Sports & Outdoors,Outdoor Gear,Voylla Outdoor Gear X194,Voylla,4,638,2552,5,2424.4,COD,Delivered,5,CUST4339,Divit Deshmukh,Male,59,Chennai,Tamil Nadu,4.6,,5.21,565.07
ORD101496,19-09-2023,Myntra,Personal Care,Skincare,Prestige Skincare X523,Prestige,4,4563,18252,10,16426.8,Credit Card,Delivered,9,CUST7618,Divyansh Kulkarni,Female,42,Mumbai,Maharashtra,1.8,,11.92,2587.67
ORD102652,16-05-2023,Amazon,Sports & Outdoors,Sportswear,Adidas Sportswear X723,Adidas,4,6327,25308,5,24042.6,UPI,Delivered,4,CUST8910,Dharmajan Bansal,Female,27,Ahmedabad,Gujarat,3.6,,9.61,2880.88
ORD102875,28-01-2025,Amazon,Baby Products,Diapers,Boat Diapers Z663,Boat,1,2634,2634,5,2502.3,UPI,Delivered,4,CUST9959,Sumer Taneja,Male,30,Madurai,Tamil Nadu,3.8,,10.03,647.23
ORD100916,05-11-2024,Amazon,Home & Kitchen,Kitchenware,Hawkins Kitchenware S945,Hawkins,2,496,992,10,892.8,COD,Delivered,3,CUST2833,Kabir Bhatia,Male,21,Pune,Maharashtra,4.3,,14.26,255.6
ORD104182,13-08-2024,Amazon,Groceries,Gourmet Foods,OnePlus Gourmet Foods Z606,OnePlus,1,1661,1661,10,1494.9,UPI,Delivered,3,CUST8838,Jivin Chada,Male,45,Noida,Uttar Pradesh,4.6,,5.26,98.77
ORD103721,01-02-2024,Amazon,Baby Products,Diapers,Bata Diapers X617,Bata,1,283,283,15,240.55,UPI,In Transit,5,CUST2795,Vritika Sehgal,Female,53,Kochi,Kerala,3.7,,6.06,37.01
ORD102772,22-02-2025,Amazon,Baby Products,Apparel,Sony Apparel Z790,Sony,1,1317,1317,25,987.75,UPI,Returned,2,CUST3264,Farhan Dhingra,Female,43,Ahmedabad,Gujarat,2.9,Defective,14.8,151.81
ORD101624,11-05-2023,Myntra,Home & Living,Decor,Roadster Decor X444,Roadster,3,4847,14541,5,13813.95,COD,Delivered,12,CUST6460,Kaira Krishna,Male,35,Noida,Uttar Pradesh,2.3,,4.78,1731.94
ORD103837,02-08-2023,Amazon,Home & Kitchen,Kitchenware,Prestige Kitchenware X520,Prestige,3,4333,12999,10,11699.1,COD,Delivered,6,CUST2184,Lavanya Bansal,Male,64,Bengaluru,Karnataka,3.5,,7.18,2497.49
ORD100821,18-06-2023,Flipkart,"Books, Sports & Gaming",Books,Penguin Books Z667,Penguin,2,201,402,5,381.9,COD,Delivered,6,CUST7322,Advik Lalla,Male,45,Noida,Uttar Pradesh,2.8,,10.02,89.07
ORD103964,20-04-2025,Flipkart,Automotive,Spare Parts,Realme Spare Parts Z761,Realme,4,7630,30520,0,30520,Wallet,Returned,2,CUST2461,Veer Saha,Male,20,Mumbai,Maharashtra,1,Changed mind,14.56,7028.25
ORD101354,25-02-2023,Flipkart,Home & Furniture,Decor,LocalFarm Decor M172,LocalFarm,3,1740,5220,10,4698,UPI,Delivered,12,CUST5733,Charvi Mallick,Male,29,Pune,Maharashtra,3.6,,5.49,612.28
ORD104497,07-10-2025,Max,Men's Fashion,Winter Wear,Patanjali Winter Wear Z332,Patanjali,2,4994,9988,5,9488.6,UPI,Delivered,4,CUST6280,Samarth Dube,Male,19,Mumbai,Maharashtra,3.9,,13.99,1792.46
ORD100850,17-10-2023,Amazon,Baby Products,Apparel,Patanjali Apparel M793,Patanjali,2,2479,4958,5,4710.1,Wallet,Delivered,8,CUST1788,Kartik Chadha,Female,44,Mumbai,Maharashtra,3.4,,13.33,1236.08
ORD101000,31-05-2023,Flipkart,Electronics,Mobiles,Apple Mobiles X483,Apple,1,34283,34283,0,34283,UPI,In Transit,7,CUST7621,Zara Gulati,Female,61,Ahmedabad,Gujarat,3.9,,9.21,3001.94
ORD103377,06-09-2024,Myntra,Personal Care,Fragrances,Lilliput Fragrances S881,Lilliput,4,5123,20492,20,16393.6,UPI,Delivered,3,CUST8528,Anahi Handa,Male,18,Jaipur,Rajasthan,1,,7.17,1562.25
ORD100018,26-12-2024,Flipkart,Grocery,Essentials,W Essentials M515,W,3,3930,11790,0,11790,Debit Card,Delivered,4,CUST7211,Samar Gade,Female,25,Surat,Gujarat,2.8,,5.78,601.55
ORD101637,02-03-2023,Flipkart,Fashion,Apparel,Sony Apparel M930,Sony,1,3168,3168,25,2376,Wallet,Delivered,8,CUST3152,Purab Kulkarni,Female,20,Bengaluru,Karnataka,2.3,,11.98,593.84
ORD101667,15-05-2023,Flipkart,Grocery,Essentials,LG Essentials X531,LG,1,1145,1145,5,1087.75,UPI,Delivered,8,CUST5715,Krish Kara,Male,18,Kolkata,West Bengal,3.4,,10.47,82.67
ORD100493,29-01-2025,Myntra,Footwear,Formal,Red Tape Formal M134,Red Tape,4,4107,16428,10,14785.2,UPI,Delivered,4,CUST2968,Yashvi Viswanathan,Female,18,Ahmedabad,Gujarat,1,,6.07,2104.72
ORD101347,29-05-2023,Amazon,Baby Products,Diapers,LG Diapers M631,LG,2,1695,3390,0,3390,Debit Card,Delivered,10,CUST2672,Mohanlal Kala,Female,20,Bengaluru,Karnataka,4.5,,10.32,903.64
ORD103727,15-05-2023,Myntra,Personal Care,Fragrances,JBL Fragrances M922,JBL,4,2079,8316,5,7900.2,Credit Card,In Transit,9,CUST4835,Zain Rajagopalan,Female,24,Kolkata,West Bengal,2.7,,6.6,1739.7
ORD104825,04-06-2024,Flipkart,Electronics,Computers,HP Computers M449,HP,1,54910,54910,10,49419,COD,Delivered,7,CUST2000,Saanvi Bal,Male,34,Chennai,Tamil Nadu,2.8,,5.08,5486.01
ORD103614,17-02-2023,Myntra,Home & Living,Furnishings,Portico Furnishings M423,Portico,4,9868,39472,40,23683.2,COD,Delivered,12,CUST9615,Neysa Jain,Male,51,Bengaluru,Karnataka,1,,16.54,3008.93
ORD103481,15-09-2025,Flipkart,Home & Furniture,Kitchen Appliances,HUL Kitchen Appliances X914,HUL,2,4128,8256,10,7430.4,UPI,Delivered,3,CUST1809,Amani Solanki,Female,51,Ahmedabad,Gujarat,3.8,,7.05,1293.5
ORD100687,15-09-2023,Flipkart,"Books, Sports & Gaming",Books,Penguin Books S545,Penguin,2,275,550,25,412.5,Credit Card,Delivered,9,CUST6153,Sumer Lalla,Female,16,Chennai,Tamil Nadu,2.9,,9.26,66.91
ORD103731,02-06-2025,Amazon,Electronics,Computers,Lenovo Computers M134,Lenovo,1,42134,42134,10,37920.6,Credit Card,Delivered,2,CUST7736,Ishita Anand,Female,18,Ahmedabad,Gujarat,4.4,,14.26,3188.18
ORD101608,12-05-2023,Max,Kids' Fashion,Kids Apparel,Wildcraft Kids Apparel M475,Wildcraft,1,3703,3703,10,3332.7,COD,Returned,8,CUST2810,Zoya Tella,Female,35,Bengaluru,Karnataka,1.4,Size issue,4.92,727.8
ORD104084,15-06-2025,Flipkart,Beauty & Personal Care,Makeup,Lakme Makeup X939,Lakme,3,445,1335,5,1268.25,Credit Card,Delivered,4,CUST7160,Samaira Wable,Female,33,Kolkata,West Bengal,2.4,,6.6,288.54
ORD103402,21-12-2023,Amazon,Books,Books,Penguin Books S611,Penguin,1,1624,1624,0,1624,COD,Delivered,10,CUST1513,Hiran Choudhry,Male,35,Ahmedabad,Gujarat,3.7,,4.85,268.36
ORD101009,05-03-2025,Amazon,Home & Kitchen,Appliances,Samsung Appliances M192,Samsung,1,35452,35452,0,35452,Credit Card,Returned,5,CUST3069,Armaan Kar,Male,20,Howrah,West Bengal,4.8,Other,18,4633.86
ORD102408,26-06-2024,Max,Kids' Fashion,Accessories,Boat Accessories S736,Boat,1,3923,3923,10,3530.7,UPI,Delivered,3,CUST6064,Yuvraj  Choudhary,Male,51,Mysuru,Karnataka,2.9,,17.62,1048.03
ORD101092,06-07-2023,Myntra,Footwear,Sports,Wildcraft Sports S571,Wildcraft,4,3268,13072,5,12418.4,Credit Card,Delivered,8,CUST7887,Indrajit Banik,Male,17,Noida,Uttar Pradesh,1.4,,11.68,3277.4
ORD101327,19-09-2025,Myntra,Clothing,Kids Wear,IFB Kids Wear Z800,IFB,2,5635,11270,20,9016,Wallet,Delivered,2,CUST4970,Anaya Dutta,Male,22,Lucknow,Uttar Pradesh,2.3,,6.21,1789.81
ORD101677,22-01-2024,Flipkart,Beauty & Personal Care,Makeup,Loreal Makeup Z269,Loreal,3,789,2367,5,2248.65,COD,Delivered,7,CUST3961,Neelofar Thaman,Female,31,New Delhi,Delhi,3.1,,4.23,341.65
ORD101999,02-04-2025,Flipkart,Electronics,Computers,Asus Computers Z553,Asus,1,90825,90825,0,90825,UPI,Delivered,4,CUST5410,Nirvi Taneja,Female,16,Pune,Maharashtra,3.2,,4.81,11344.35
ORD101310,31-10-2024,Amazon,Sports & Outdoors,Fitness,Decathlon Fitness M306,Decathlon,4,4546,18184,10,16365.6,COD,Delivered,4,CUST1532,Farhan Krishnan,Male,20,Thiruvananthapuram,Kerala,4.7,,9.87,1984.08
ORD103258,24-06-2025,Flipkart,Beauty & Personal Care,Makeup,Lakme Makeup X787,Lakme,3,2569,7707,10,6936.3,UPI,Cancelled,2,CUST2999,Dishani Keer,Female,28,Surat,Gujarat,3.6,,4.29,1872.49
ORD101987,04-01-2023,Max,Plus Size,Plus Tops,Nike Plus Tops Z955,Nike,4,2713,10852,25,8139,Credit Card,Delivered,11,CUST3671,Ritvik Khurana,Female,31,Surat,Gujarat,2.1,,10.98,1839.28
ORD103648,24-07-2025,Amazon,Groceries,Essentials,Patanjali Essentials S273,Patanjali,2,864,1728,0,1728,UPI,Delivered,2,CUST6234,Dharmajan Bedi,Female,44,Chennai,Tamil Nadu,3.5,,12.23,54.47
ORD100344,17-09-2024,Flipkart,Automotive,Accessories,Boat Accessories X968,Boat,2,3707,7414,15,6301.9,Debit Card,Delivered,5,CUST6959,Azad Sarkar,Female,18,New Delhi,Delhi,3.3,,16.19,718.07
ORD104482,08-02-2023,Amazon,Home & Kitchen,Furniture,HomeTown Furniture M376,HomeTown,2,27717,55434,0,55434,COD,Delivered,11,CUST3453,Jivika Shan,Male,17,Mumbai,Maharashtra,4,,6.6,11075.1
ORD100986,21-05-2023,Myntra,Home & Living,Furnishings,Portico Furnishings X648,Portico,1,7691,7691,15,6537.35,UPI,Delivered,5,CUST7294,Kabir Chandra,Male,28,Bengaluru,Karnataka,2.5,,12.34,1613.4
ORD104544,10-08-2025,Amazon,Beauty & Personal Care,Grooming,HUL Grooming X132,HUL,4,2546,10184,5,9674.8,UPI,Delivered,3,CUST7469,Purab Manne,Male,27,Bengaluru,Karnataka,4.1,,9.54,2260.67
ORD103807,10-10-2024,Amazon,Groceries,Snacks,HUL Snacks X582,HUL,3,973,2919,0,2919,UPI,Delivered,4,CUST9565,Madhup Dave,Female,32,Mumbai,Maharashtra,4.6,,13.49,229.38
ORD104523,05-02-2023,Max,Accessories,Bags,Wildcraft Bags S826,Wildcraft,3,1992,5976,10,5378.4,COD,Delivered,3,CUST8852,Fateh Kannan,Female,22,Surat,Gujarat,2.5,,10.11,1297.85
ORD104002,01-05-2023,Amazon,Groceries,Fresh Produce,BigBasket Fresh Produce S163,BigBasket,2,1229,2458,5,2335.1,COD,Delivered,5,CUST7594,Raunak Raj,Female,30,Mumbai,Maharashtra,4.1,,17.55,84.64
ORD103091,07-02-2024,Amazon,Beauty & Personal Care,Grooming,Philips Grooming X565,Philips,3,3606,10818,25,8113.5,Wallet,Delivered,5,CUST6068,Nayantara Saraf,Male,27,Mumbai,Maharashtra,5,,8.86,953.46
ORD103961,27-02-2025,Myntra,Personal Care,Skincare,Lilliput Skincare S289,Lilliput,2,4162,8324,30,5826.8,UPI,Delivered,3,CUST3689,Inaaya  Arora,Female,32,Ahmedabad,Gujarat,1.7,,16.78,1645.38
ORD101142,09-08-2025,Flipkart,Electronics,Home Electronics,Sony Home Electronics M992,Sony,1,3114,3114,5,2958.3,UPI,Delivered,1,CUST6397,Anahita Tata,Female,38,Bengaluru,Karnataka,3.7,,12.71,497.89
ORD102358,25-07-2024,Myntra,Accessories,Jewelry,Tanishq Jewelry S225,Tanishq,2,30178,60356,10,54320.4,UPI,Delivered,6,CUST5834,Ivana Khalsa,Female,30,Mumbai,Maharashtra,1.6,,15.17,8407.21
ORD101198,03-03-2023,Amazon,Electronics,Accessories,JBL Accessories M376,JBL,2,4275,8550,0,8550,UPI,Delivered,12,CUST9028,Ivana Sem,Male,29,Noida,Uttar Pradesh,4.2,,13.76,924.16
ORD100085,28-04-2025,Flipkart,"Books, Sports & Gaming",Sporting Goods,3M Sporting Goods S838,3M,3,2135,6405,0,6405,UPI,Delivered,6,CUST5350,Vritika Jani,Female,15,Amritsar,Punjab,3,,12.81,1353.51
ORD101518,20-02-2025,Max,Men's Fashion,Winter Wear,Sony Winter Wear M325,Sony,4,2837,11348,15,9645.8,UPI,Delivered,5,CUST5208,Yuvraj  Srivastava,Male,30,Ludhiana,Punjab,1.9,,14.86,961.16
ORD100516,21-06-2025,Myntra,Footwear,Formal,Red Tape Formal M230,Red Tape,3,7312,21936,20,17548.8,UPI,Delivered,4,CUST9672,Kaira Bedi,Male,28,Noida,Uttar Pradesh,2.4,,5.02,3391.79
ORD101381,16-09-2024,Max,Plus Size,Plus Bottoms,Sony Plus Bottoms S566,Sony,2,874,1748,15,1485.8,Credit Card,Delivered,7,CUST1786,Chirag Borde,Male,43,New Delhi,Delhi,1.8,,6.28,334.82
ORD102716,15-10-2024,Amazon,Fashion,Shoes,Adidas Shoes S544,Adidas,4,4848,19392,20,15513.6,UPI,Delivered,5,CUST4573,Vivaan Agrawal,Female,34,Kanpur,Uttar Pradesh,3.8,,11.68,3588.23
ORD103084,19-08-2024,Max,Accessories,Bags,Baggit Bags X933,Baggit,2,5037,10074,15,8562.9,UPI,Delivered,3,CUST2257,Sana Krishnamurthy,Female,47,Bengaluru,Karnataka,2.4,,17.35,2135.8
ORD101014,28-07-2025,Flipkart,Beauty & Personal Care,Makeup,Loreal Makeup S853,Loreal,3,2138,6414,0,6414,UPI,Delivered,2,CUST9842,Aarush Sha,Male,33,Kolkata,West Bengal,3.1,,15.17,966.55
ORD100128,30-08-2024,Amazon,Baby Products,Apparel,JBL Apparel S170,JBL,1,4944,4944,5,4696.8,COD,Delivered,7,CUST7270,Samarth Datta,Male,44,Kolkata,West Bengal,4.3,,9.15,684.96
ORD101364,10-05-2025,Max,Accessories,Shoes,Nike Shoes X937,Nike,3,2916,8748,20,6998.4,Debit Card,Returned,1,CUST2820,Tanya Ratti,Female,33,Surat,Gujarat,2,Size issue,4.67,683.36
ORD103623,16-11-2023,Amazon,Sports & Outdoors,Fitness,HRX Fitness S900,HRX,4,18491,73964,5,70265.8,COD,Delivered,5,CUST1376,Jhanvi Guha,Male,55,Mumbai,Maharashtra,4.9,,16.55,18567.71
ORD104970,12-03-2025,Amazon,Sports & Outdoors,Sportswear,Nike Sportswear Z783,Nike,3,931,2793,10,2513.7,UPI,Delivered,6,CUST3797,Emir Borde,Male,25,Thiruvananthapuram,Kerala,3.7,,5.72,518.82
ORD100891,08-12-2024,Max,Kids' Fashion,Kids Shoes,Sony Kids Shoes M240,Sony,2,2046,4092,5,3887.4,COD,Delivered,4,CUST8608,Nitya Chand,Male,22,Chennai,Tamil Nadu,2.7,,11.91,838.2
ORD102793,28-11-2023,Myntra,Personal Care,Fragrances,Realme Fragrances M369,Realme,3,2832,8496,30,5947.2,COD,Delivered,11,CUST2139,Romil Bail,Female,20,Noida,Uttar Pradesh,3.5,,14.35,1643.6
ORD104238,24-02-2025,Flipkart,Beauty & Personal Care,Makeup,Maybelline Makeup Z543,Maybelline,3,1195,3585,5,3405.75,UPI,Delivered,4,CUST4138,Hansh Manda,Female,63,Mysuru,Karnataka,2.8,,11.14,848.77
ORD101359,12-11-2024,Myntra,Accessories,Jewelry,Voylla Jewelry M732,Voylla,2,8584,17168,40,10300.8,UPI,Delivered,7,CUST1020,Ranbir Sethi,Female,57,Noida,Uttar Pradesh,2.8,,7.28,1376.56
ORD100307,21-11-2024,Flipkart,Electronics,Computers,Asus Computers X338,Asus,1,39902,39902,5,37906.9,UPI,Delivered,3,CUST6548,Divyansh Gandhi,Male,32,Bengaluru,Karnataka,4.2,,4.91,6701.07
ORD101661,08-10-2023,Max,Plus Size,Plus Tops,Zara Plus Tops M293,Zara,4,3182,12728,0,12728,COD,Delivered,6,CUST6780,Kanav Koshy,Female,54,Mumbai,Maharashtra,2.6,,12.42,3777.55
ORD102431,08-06-2025,Flipkart,Grocery,Fresh,Xiaomi Fresh M840,Xiaomi,1,1888,1888,5,1793.6,UPI,Delivered,2,CUST1515,Hiran Som,Male,62,Chennai,Tamil Nadu,2.7,,13.13,55.89
ORD103934,30-01-2024,Amazon,Groceries,Gourmet Foods,Nilkamal Gourmet Foods X517,Nilkamal,1,4250,4250,5,4037.5,COD,Delivered,5,CUST5151,Baiju Chadha,Male,45,Surat,Gujarat,4.8,,12.1,207.16
ORD101317,11-01-2024,Max,Women's Fashion,Winter Wear,3M Winter Wear Z358,3M,1,645,645,30,451.5,UPI,Delivered,7,CUST6824,Lakshay Dugar,Male,19,Nagpur,Maharashtra,2.6,,14.36,113.59
ORD104303,15-01-2024,Myntra,Clothing,Ethnic Wear,FabIndia Ethnic Wear S838,FabIndia,4,4785,19140,0,19140,UPI,Delivered,8,CUST4684,Stuvan Dash,Female,33,Pune,Maharashtra,1.6,,13.05,5402.39
ORD102474,11-08-2025,Max,Accessories,Bags,Wildcraft Bags X911,Wildcraft,2,2849,5698,15,4843.3,Wallet,Delivered,3,CUST2743,Anay Ranganathan,Female,28,Howrah,West Bengal,2.2,,11.01,1246.19
ORD102542,14-03-2025,Amazon,Baby Products,Diapers,BigBasket Diapers S296,BigBasket,4,3931,15724,5,14937.8,Debit Card,Delivered,2,CUST8575,Pari Srinivasan,Female,29,New Delhi,Delhi,3.8,,12.77,1246.53
ORD101246,08-03-2024,Amazon,Groceries,Snacks,Dell Snacks Z325,Dell,4,2690,10760,5,10222,Credit Card,Delivered,6,CUST7908,Navya Aggarwal,Male,35,Pune,Maharashtra,5,,6.75,496.17
ORD101208,02-05-2023,Myntra,Clothing,Western Wear,Campus Sutra Western Wear S939,Campus Sutra,4,4355,17420,10,15678,Credit Card,In Transit,10,CUST2366,Kavya Bandi,Male,18,Kolkata,West Bengal,2.1,,5.56,2728.28
ORD100216,03-10-2024,Amazon,Home & Kitchen,Furniture,HomeTown Furniture M455,HomeTown,3,52125,156375,5,148556.25,Debit Card,Delivered,3,CUST8126,Emir Biswas,Male,44,Coimbatore,Tamil Nadu,5,,6.48,31414.97
ORD104292,09-11-2024,Myntra,Accessories,Jewelry,Tanishq Jewelry S740,Tanishq,1,42293,42293,15,35949.05,Credit Card,Returned,7,CUST6649,Uthkarsh Hayer,Female,27,Kolkata,West Bengal,1.8,Defective,14.34,9197.77
ORD103062,10-10-2023,Amazon,Groceries,Fresh Produce,LocalFarm Fresh Produce Z862,LocalFarm,4,587,2348,5,2230.6,COD,Delivered,7,CUST3608,Ira Kothari,Female,18,Chennai,Tamil Nadu,3.8,,17.03,74.21
ORD101239,03-12-2023,Amazon,Baby Products,Apparel,Decathlon Apparel Z703,Decathlon,3,1082,3246,5,3083.7,UPI,Delivered,12,CUST9459,Aayush Sule,Male,25,Jaipur,Rajasthan,3.4,,13.03,699.17
ORD102289,07-08-2023,Max,Men's Fashion,Winter Wear,Loreal Winter Wear M841,Loreal,3,2555,7665,0,7665,COD,Delivered,11,CUST4857,Jiya Kalita,Male,52,Jaipur,Rajasthan,2.2,,12.62,1800.89
ORD102740,21-03-2025,Myntra,Footwear,Formal,Red Tape Formal S304,Red Tape,3,3912,11736,5,11149.2,UPI,Delivered,2,CUST8272,Uthkarsh Khalsa,Male,22,Nagpur,Maharashtra,2.1,,16.72,2921.24
ORD100275,04-01-2023,Flipkart,Automotive,Spare Parts,Samsung Spare Parts M647,Samsung,2,400,800,20,640,Credit Card,Delivered,8,CUST1904,Eshani Srinivas,Male,17,Ahmedabad,Gujarat,3.9,,8.67,93.84
ORD100489,15-08-2025,Myntra,Accessories,Jewelry,Tanishq Jewelry X873,Tanishq,4,1832,7328,15,6228.8,Wallet,Delivered,5,CUST9391,Hazel Kulkarni,Female,28,New Delhi,Delhi,2.1,,16.7,1576.25
ORD101035,06-11-2023,Myntra,Home & Living,Kitchenware,Hawkins Kitchenware S674,Hawkins,4,4326,17304,40,10382.4,UPI,Returned,8,CUST9691,Piya Subramaniam,Male,26,Pune,Maharashtra,3.1,Late delivery,6.66,1670.84
ORD101229,05-07-2025,Myntra,Personal Care,Makeup,Loreal Makeup S819,Loreal,1,2021,2021,10,1818.9,UPI,Delivered,5,CUST1526,Aaryahi Bajwa,Female,43,Ahmedabad,Gujarat,1.4,,10.51,397.47
ORD104585,01-01-2023,Myntra,Personal Care,Fragrances,MotherCare Fragrances X125,MotherCare,2,2475,4950,10,4455,COD,Delivered,11,CUST8169,Ishaan Divan,Female,34,Ahmedabad,Gujarat,1.6,,7.63,410.76
ORD101008,10-03-2023,Amazon,Books,Stationery,Puma Stationery S873,Puma,1,1147,1147,10,1032.3,Wallet,Delivered,3,CUST5666,Saira Soman,Female,47,Surat,Gujarat,4.3,,11.06,151.26
ORD104689,28-12-2024,Amazon,Books,Books,Penguin Books X142,Penguin,2,1339,2678,0,2678,Credit Card,Delivered,8,CUST8019,Myra Biswas,Male,34,Chennai,Tamil Nadu,3.7,,11.97,309.74
ORD104026,26-07-2023,Flipkart,Electronics,Mobiles,Realme Mobiles M443,Realme,1,38879,38879,10,34991.1,UPI,Delivered,10,CUST2514,Aarna Jayaraman,Male,30,Pune,Maharashtra,2.8,,17.68,2680.55
ORD103182,18-12-2023,Myntra,Home & Living,Kitchenware,Prestige Kitchenware X823,Prestige,4,3414,13656,25,10242,UPI,Delivered,5,CUST3392,Zain Anne,Female,20,Ahmedabad,Gujarat,1.7,,16.07,1253.91
ORD102532,12-12-2024,Amazon,Fashion,Watches,Titan Watches M324,Titan,3,5464,16392,30,11474.4,COD,Delivered,3,CUST8877,Rohan Kadakia,Female,46,New Delhi,Delhi,3.7,,5.22,961.88
ORD104169,24-12-2024,Flipkart,Home & Furniture,Decor,Hawkins Decor Z790,Hawkins,3,4566,13698,10,12328.2,UPI,Delivered,6,CUST3680,Nakul Gade,Male,38,Noida,Uttar Pradesh,1.9,,9.94,1167.17
ORD101058,16-08-2023,Amazon,Beauty & Personal Care,Healthcare,Patanjali Healthcare S250,Patanjali,1,254,254,5,241.3,UPI,Delivered,9,CUST1529,Tejas Dhillon,Male,58,Mangalore,Karnataka,4.2,,5.56,54.14
ORD102166,30-01-2023,Myntra,Accessories,Bags,Baggit Bags X372,Baggit,3,755,2265,10,2038.5,Credit Card,Delivered,4,CUST6441,Gatik Bawa,Male,29,Thiruvananthapuram,Kerala,1.9,,7.19,583.4
ORD104578,05-11-2023,Amazon,Electronics,Accessories,JBL Accessories M497,JBL,3,3076,9228,15,7843.8,Credit Card,Delivered,11,CUST7693,Lakshit Wali,Female,19,Howrah,West Bengal,4.7,,17.22,609.95
ORD100281,04-07-2023,Myntra,Home & Living,Furnishings,Home Centre Furnishings X915,Home Centre,2,3774,7548,40,4528.8,Wallet,Delivered,11,CUST4409,Zain Tata,Female,15,Mysuru,Karnataka,1.8,,11.11,824.82
ORD103565,14-12-2023,Max,Kids' Fashion,Kids Shoes,LG Kids Shoes S638,LG,1,1032,1032,20,825.6,COD,Delivered,11,CUST8950,Mohanlal Deol,Male,44,Ludhiana,Punjab,3,,17.7,168.91
ORD101316,07-07-2023,Flipkart,Grocery,Essentials,Campus Sutra Essentials M404,Campus Sutra,1,4137,4137,0,4137,UPI,In Transit,3,CUST2347,Zoya Garg,Female,25,Vadodara,Gujarat,3.4,,13.85,279.69
ORD104978,03-01-2025,Max,Plus Size,Plus Tops,Xiaomi Plus Tops S574,Xiaomi,1,493,493,5,468.35,UPI,Delivered,4,CUST5883,Aniruddh Bhatti,Male,53,Mumbai,Maharashtra,1.7,,10.93,67.65
ORD100968,12-06-2024,Flipkart,Automotive,Accessories,JBL Accessories Z857,JBL,1,3429,3429,15,2914.65,COD,Delivered,3,CUST9715,Dhanuk Kari,Male,15,Kanpur,Uttar Pradesh,3.3,,10.92,831.96
ORD103126,02-10-2023,Flipkart,Grocery,Essentials,Nikon Essentials M836,Nikon,2,4616,9232,5,8770.4,UPI,Delivered,5,CUST5991,Aarav Vaidya,Female,16,Noida,Uttar Pradesh,3.5,,16.86,458.46
ORD103920,17-03-2025,Amazon,Books,Books,HarperCollins Books X458,HarperCollins,2,1733,3466,5,3292.7,COD,Delivered,3,CUST7616,Zain Sharma,Female,20,Lucknow,Uttar Pradesh,4.5,,11.29,534.51
ORD103166,03-08-2024,Myntra,Footwear,Formal,Red Tape Formal S448,Red Tape,4,2598,10392,25,7794,UPI,Delivered,3,CUST2425,Dhanush Dasgupta,Female,41,Bengaluru,Karnataka,1.4,,10.3,986.54
ORD103519,11-04-2023,Amazon,Books,Stationery,Home Centre Stationery S443,Home Centre,2,569,1138,5,1081.1,Wallet,Delivered,7,CUST7394,Himmat Chahal,Male,39,Ahmedabad,Gujarat,4.7,,8.1,126.43
ORD100619,11-01-2023,Flipkart,"Books, Sports & Gaming",Gaming,Microsoft Gaming S857,Microsoft,1,15028,15028,0,15028,UPI,Returned,10,CUST9004,Divyansh Doshi,Male,61,Mumbai,Maharashtra,1.5,Size issue,12.93,1583.37
ORD103346,06-10-2023,Flipkart,"Books, Sports & Gaming",Gaming,Microsoft Gaming S475,Microsoft,1,38417,38417,5,36496.15,UPI,Delivered,3,CUST3751,Madhup Kapadia,Female,44,Bengaluru,Karnataka,4.3,,11.25,10916.47
ORD101742,26-05-2025,Amazon,Groceries,Gourmet Foods,OnePlus Gourmet Foods X814,OnePlus,4,2557,10228,15,8693.8,UPI,Delivered,2,CUST1269,Kartik Wali,Female,36,Kolkata,West Bengal,4.8,,10.12,532.64
ORD101390,20-05-2025,Max,Plus Size,Plus Bottoms,Red Tape Plus Bottoms S725,Red Tape,4,3309,13236,20,10588.8,UPI,Delivered,3,CUST5245,Priyansh Bhalla,Male,33,Bengaluru,Karnataka,2.8,,9.47,3029.14
ORD104050,02-03-2023,Myntra,Clothing,Kids Wear,Apple Kids Wear S887,Apple,3,3835,11505,10,10354.5,UPI,Delivered,3,CUST2993,Nitara Mandal,Female,52,Noida,Uttar Pradesh,1.6,,12.95,989.77
ORD101847,18-06-2024,Amazon,Books,Books,Penguin Books Z900,Penguin,3,255,765,0,765,COD,Delivered,2,CUST6203,Baiju Mandal,Female,31,Kochi,Kerala,3.3,,14.91,110.29
ORD101579,26-01-2024,Myntra,Clothing,Kids Wear,Roadster Kids Wear M337,Roadster,2,2342,4684,20,3747.2,UPI,Returned,8,CUST3172,Shayak Hayre,Male,21,Chennai,Tamil Nadu,1,Size issue,8.49,624.02
ORD101655,31-05-2025,Max,Men's Fashion,Shirts,Sony Shirts M784,Sony,3,1315,3945,5,3747.75,UPI,Delivered,2,CUST2294,Kanav Edwin,Male,48,Pune,Maharashtra,1.8,,7.39,316.16
ORD102352,09-01-2024,Myntra,Accessories,Watches,Titan Watches Z108,Titan,1,14611,14611,40,8766.6,Credit Card,Cancelled,3,CUST2277,Neysa Walla,Female,41,Noida,Uttar Pradesh,2.1,,12.94,842.55
ORD102212,22-03-2023,Flipkart,Automotive,Accessories,Boat Accessories X939,Boat,1,4284,4284,0,4284,Credit Card,Cancelled,8,CUST2298,Fateh Halder,Female,62,Kolkata,West Bengal,2.8,,16.18,833.57
ORD102020,18-08-2024,Amazon,Groceries,Fresh Produce,LocalFarm Fresh Produce S820,LocalFarm,1,1186,1186,20,948.8,Debit Card,Delivered,5,CUST8543,Indrajit Walla,Male,20,Pune,Maharashtra,4.3,,5.28,70.96
ORD104972,24-07-2024,Max,Plus Size,Plus Tops,Dell Plus Tops S896,Dell,1,4302,4302,5,4086.9,Credit Card,Delivered,4,CUST5791,Anya Lala,Female,21,Kolkata,West Bengal,1.8,,15.04,774.29
ORD101956,27-06-2024,Flipkart,Electronics,Home Electronics,Bata Home Electronics S921,Bata,3,778,2334,0,2334,Credit Card,Delivered,7,CUST6426,Priyansh Borra,Male,44,Kozhikode,Kerala,4.7,,14.29,230.08
ORD101307,01-02-2024,Amazon,Books,Stationery,MotherCare Stationery M396,MotherCare,3,1901,5703,10,5132.7,UPI,Delivered,2,CUST8744,Faiyaz Shanker,Male,29,Kochi,Kerala,3.6,,5.51,708.8
ORD102003,19-01-2023,Flipkart,Grocery,Essentials,Nilkamal Essentials S779,Nilkamal,3,4709,14127,10,12714.3,Credit Card,Delivered,6,CUST6342,Myra Balan,Female,37,Mumbai,Maharashtra,2.3,,10.29,648.52
ORD104455,23-02-2024,Max,Accessories,Seasonal,Prestige Seasonal M514,Prestige,2,1748,3496,10,3146.4,Credit Card,Delivered,3,CUST3219,Zain Samra,Male,29,Pune,Maharashtra,1.4,,5.32,346.9
ORD100575,17-02-2025,Flipkart,Home & Furniture,Decor,Zara Decor M260,Zara,2,4554,9108,10,8197.2,UPI,Delivered,5,CUST4445,Aniruddh Agarwal,Female,20,Ahmedabad,Gujarat,3.9,,10.61,1890.64
ORD104089,17-02-2023,Amazon,Baby Products,Apparel,LG Apparel Z499,LG,4,3070,12280,20,9824,UPI,Delivered,4,CUST8367,Ryan Chada,Female,18,Noida,Uttar Pradesh,4.5,,15.22,1368.1
ORD104319,11-07-2023,Flipkart,Fashion,Accessories,Boat Accessories M140,Boat,4,1001,4004,10,3603.6,COD,Delivered,4,CUST7957,Parinaaz Bains,Female,46,Pune,Maharashtra,1.8,,17.18,995.09
ORD104436,11-04-2024,Amazon,Fashion,Jewelry,Tanishq Jewelry S944,Tanishq,2,45260,90520,20,72416,UPI,In Transit,4,CUST3764,Shayak Sathe,Female,29,Surat,Gujarat,4.1,,8.87,13477
ORD101706,15-04-2023,Max,Men's Fashion,Shirts,HP Shirts X360,HP,4,2172,8688,10,7819.2,Credit Card,In Transit,12,CUST4129,Zain Shah,Male,16,Mumbai,Maharashtra,2.6,,6.31,629.36
ORD103742,21-06-2023,Flipkart,Automotive,Accessories,JBL Accessories S382,JBL,1,4059,4059,0,4059,COD,Delivered,3,CUST1897,Farhan Ratta,Male,34,Kolkata,West Bengal,3.3,,11.92,1043.05
ORD103470,21-02-2024,Myntra,Home & Living,Kitchenware,Prestige Kitchenware S842,Prestige,4,4792,19168,15,16292.8,Credit Card,Delivered,8,CUST6912,Aarav Chatterjee,Male,37,Chennai,Tamil Nadu,3,,17.55,1976.29
ORD101280,15-12-2023,Max,Accessories,Bags,Baggit Bags X782,Baggit,4,2432,9728,30,6809.6,COD,Delivered,7,CUST1366,Jhanvi Lata,Male,20,Howrah,West Bengal,2.3,,11.86,1708.44
ORD100861,07-08-2023,Flipkart,Grocery,Essentials,Loreal Essentials S817,Loreal,1,1706,1706,0,1706,UPI,Delivered,5,CUST2797,Mohanlal Sagar,Male,19,Mumbai,Maharashtra,2.5,,16.94,124.56
ORD104145,28-09-2024,Max,Men's Fashion,Bottoms,Roadster Bottoms S662,Roadster,2,1712,3424,25,2568,Credit Card,Delivered,8,CUST5612,Indrans Shenoy,Male,23,Surat,Gujarat,2.7,,6.37,554.08
ORD101801,20-04-2023,Amazon,Fashion,Shoes,Bata Shoes X599,Bata,1,7254,7254,15,6165.9,Debit Card,Delivered,7,CUST2956,Dhanush Gala,Female,23,Kolkata,West Bengal,3.7,,11.75,1530.06
ORD101628,09-04-2025,Max,Men's Fashion,Winter Wear,Lenovo Winter Wear S234,Lenovo,2,964,1928,20,1542.4,UPI,Returned,5,CUST3037,Seher Dewan,Male,31,Surat,Gujarat,1.8,Size issue,13.89,224.05
ORD101993,29-11-2023,Flipkart,Fashion,Accessories,Portronics Accessories S666,Portronics,3,3840,11520,10,10368,Credit Card,Delivered,9,CUST7297,Samar Ravel,Male,24,Nagpur,Maharashtra,2.4,,13.24,1549.25
ORD102639,09-09-2025,Myntra,Footwear,Casual,Campus Casual Z212,Campus,2,1226,2452,20,1961.6,UPI,Delivered,4,CUST8195,Divyansh Shroff,Male,54,Pune,Maharashtra,2.1,,10.47,483.65
ORD100269,14-10-2025,Flipkart,"Books, Sports & Gaming",Books,Penguin Books Z799,Penguin,2,1197,2394,15,2034.9,UPI,Delivered,1,CUST5937,Indranil Gandhi,Female,33,Chennai,Tamil Nadu,3.3,,6.35,341.3
ORD100629,09-01-2023,Max,Women's Fashion,Bottoms,FabIndia Bottoms M203,FabIndia,2,4364,8728,40,5236.8,COD,Returned,12,CUST6547,Anahi Sangha,Female,26,Surat,Gujarat,3.6,Other,16.66,933.49
ORD103081,01-10-2024,Flipkart,"Books, Sports & Gaming",Books,HarperCollins Books M519,HarperCollins,1,2112,2112,10,1900.8,COD,Delivered,4,CUST2915,Kismat Bhalla,Female,17,Surat,Gujarat,2.8,,5.88,514.34
ORD102334,25-11-2023,Amazon,Baby Products,Diapers,Red Tape Diapers M699,Red Tape,4,1521,6084,5,5779.8,COD,Delivered,3,CUST8822,Divit Kari,Female,43,New Delhi,Delhi,4.1,,6.98,1136.56
ORD102966,01-11-2023,Max,Accessories,Seasonal,Campus Sutra Seasonal M737,Campus Sutra,3,4587,13761,5,13072.95,Wallet,Delivered,7,CUST8699,Pari Malhotra,Female,25,Vadodara,Gujarat,3.8,,14.45,3869.3
ORD100300,05-03-2024,Flipkart,Home & Furniture,Decor,Lakme Decor S113,Lakme,2,4487,8974,0,8974,COD,Delivered,8,CUST6939,Ivana Sahota,Female,17,Pune,Maharashtra,2.7,,15.2,1253.86
ORD100459,04-06-2025,Amazon,Sports & Outdoors,Sportswear,Nike Sportswear S795,Nike,2,6045,12090,10,10881,UPI,Returned,6,CUST7185,Mishti Seshadri,Male,29,Bengaluru,Karnataka,5,Late delivery,13.75,2724.22
ORD101447,07-03-2025,Flipkart,Home & Furniture,Household Essentials,Levis Household Essentials M663,Levis,2,1444,2888,5,2743.6,Credit Card,Delivered,2,CUST9875,Taran Saha,Male,41,Lucknow,Uttar Pradesh,3.4,,11.34,756.29
ORD101472,01-04-2024,Amazon,Beauty & Personal Care,Makeup,Maybelline Makeup M575,Maybelline,1,1970,1970,5,1871.5,Credit Card,Delivered,5,CUST9969,Navya Desai,Male,41,Ahmedabad,Gujarat,3.2,,5.79,415.56
ORD102046,06-03-2023,Myntra,Accessories,Wallets,FabIndia Wallets X263,FabIndia,2,829,1658,15,1409.3,UPI,Delivered,4,CUST2421,Aaryahi Saha,Male,58,Ahmedabad,Gujarat,1.4,,4.47,222.57
ORD104228,13-01-2024,Amazon,Home & Kitchen,Kitchenware,Hawkins Kitchenware S628,Hawkins,4,3453,13812,10,12430.8,Credit Card,Delivered,6,CUST4221,Inaaya  Grewal,Female,21,Mumbai,Maharashtra,4.5,,9.68,3100.48
ORD103764,29-07-2024,Amazon,Fashion,Bags,Wildcraft Bags S381,Wildcraft,4,636,2544,40,1526.4,Debit Card,Delivered,4,CUST5275,Rania Sathe,Female,25,Kolkata,West Bengal,4,,10.36,266.15
ORD102113,31-07-2025,Max,Plus Size,Plus Bottoms,Nikon Plus Bottoms S480,Nikon,3,1965,5895,10,5305.5,UPI,Delivered,4,CUST7073,Bhamini Mand,Male,50,Mumbai,Maharashtra,2.2,,12.3,502.1
ORD100027,04-10-2025,Flipkart,Electronics,Computers,Lenovo Computers Z576,Lenovo,1,88245,88245,5,83832.75,Credit Card,Delivered,3,CUST3506,Aarush Bajaj,Male,32,Chennai,Tamil Nadu,3.1,,12.9,13223.1
ORD103839,26-02-2025,Amazon,Electronics,Computers,Asus Computers M115,Asus,1,106773,106773,5,101434.35,Credit Card,Delivered,2,CUST7058,Indranil Gill,Female,20,Noida,Uttar Pradesh,5,,15.54,8033.36
ORD104522,05-06-2025,Amazon,Groceries,Essentials,Roadster Essentials S550,Roadster,2,2275,4550,15,3867.5,UPI,Delivered,2,CUST8244,Ahana  Kale,Female,39,Pune,Maharashtra,4.7,,12.09,248.59
ORD100837,03-04-2023,Myntra,Footwear,Formal,Red Tape Formal S244,Red Tape,1,1927,1927,20,1541.6,Credit Card,Delivered,12,CUST3257,Nirvaan Divan,Female,20,Chennai,Tamil Nadu,1.6,,13.98,259.94
ORD103826,01-03-2024,Myntra,Personal Care,Haircare,Only Haircare S599,Only,1,3513,3513,0,3513,UPI,In Transit,2,CUST2006,Kaira Bhagat,Female,27,New Delhi,Delhi,2.4,,11.76,514.94
ORD102008,01-12-2024,Flipkart,Beauty & Personal Care,Grooming,HUL Grooming Z529,HUL,1,1502,1502,0,1502,UPI,Delivered,5,CUST3495,Advik Bhakta,Female,15,Surat,Gujarat,3.7,,11.82,263.97
ORD104907,28-04-2024,Flipkart,Beauty & Personal Care,Grooming,HUL Grooming S457,HUL,1,3096,3096,20,2476.8,UPI,Delivered,7,CUST7114,Ivan Zacharia,Female,16,Mumbai,Maharashtra,3,,15.72,378.93
ORD100503,22-01-2024,Myntra,Personal Care,Makeup,Maybelline Makeup S932,Maybelline,3,1362,4086,10,3677.4,Debit Card,In Transit,2,CUST9785,Alia Thaker,Female,18,Ahmedabad,Gujarat,1.1,,7.18,898.92
ORD103206,19-04-2024,Flipkart,"Books, Sports & Gaming",Books,Penguin Books Z111,Penguin,2,800,1600,0,1600,COD,In Transit,6,CUST3184,Seher Loyal,Male,61,New Delhi,Delhi,2.8,,10.33,442.18
ORD104304,21-05-2024,Amazon,Electronics,Accessories,Portronics Accessories S182,Portronics,2,3857,7714,20,6171.2,Debit Card,Delivered,2,CUST5023,Tara Dugal,Male,25,Bengaluru,Karnataka,4.5,,10.26,785.4
ORD100380,13-04-2025,Flipkart,Automotive,Accessories,Portronics Accessories Z881,Portronics,2,2651,5302,15,4506.7,COD,Delivered,3,CUST6567,Rania Guha,Male,28,Bengaluru,Karnataka,3.3,,15.35,1187.72
ORD101851,03-04-2024,Amazon,Books,Stationery,Home Centre Stationery S219,Home Centre,4,1295,5180,0,5180,COD,Delivered,8,CUST8649,Taran Singhal,Female,43,Kolkata,West Bengal,3.3,,8.01,644.3
ORD101525,06-10-2023,Max,Women's Fashion,Tops,Titan Tops M553,Titan,4,3900,15600,30,10920,Credit Card,Delivered,7,CUST7344,Rania Aggarwal,Female,27,Kochi,Kerala,2.3,,14.29,2118.63
ORD102365,25-01-2025,Amazon,Books,Stationery,Portronics Stationery X630,Portronics,2,563,1126,10,1013.4,UPI,Delivered,6,CUST1466,Tarini Krishnan,Female,24,Nagpur,Maharashtra,4.3,,11.59,119.04
ORD104147,09-10-2024,Amazon,Baby Products,Feeding Supplies,Dell Feeding Supplies S412,Dell,4,2185,8740,5,8303,UPI,Delivered,5,CUST2975,Yuvraj  Mane,Male,19,Chennai,Tamil Nadu,3.7,,13.46,1660.01
ORD103052,14-08-2025,Amazon,Home & Kitchen,Kitchenware,Hawkins Kitchenware X671,Hawkins,1,4821,4821,0,4821,Wallet,Delivered,1,CUST2574,Armaan Ghosh,Male,48,Chennai,Tamil Nadu,5,,9.09,853.24
ORD102884,09-02-2023,Max,Kids' Fashion,Accessories,Boat Accessories S847,Boat,3,926,2778,10,2500.2,COD,Returned,5,CUST5325,Dharmajan Wason,Male,55,Howrah,West Bengal,1.7,Defective,17.95,459.5
ORD102340,07-08-2024,Myntra,Personal Care,Fragrances,Portronics Fragrances M744,Portronics,1,800,800,0,800,UPI,Delivered,5,CUST2032,Alia Bath,Female,28,Chennai,Tamil Nadu,2,,12.32,145.3
ORD100374,03-09-2023,Amazon,Books,Books,HarperCollins Books S435,HarperCollins,1,336,336,20,268.8,Credit Card,Delivered,8,CUST4098,Piya Lata,Female,48,Noida,Uttar Pradesh,3.9,,12.91,51.21
ORD103260,16-05-2023,Flipkart,"Books, Sports & Gaming",Books,Penguin Books M231,Penguin,4,621,2484,5,2359.8,COD,Delivered,9,CUST8965,Uthkarsh Garde,Female,16,Kozhikode,Kerala,3.4,,16.51,698.66
ORD102381,23-01-2025,Myntra,Personal Care,Haircare,Red Tape Haircare Z833,Red Tape,2,607,1214,0,1214,UPI,Delivered,3,CUST5370,Tarini Yohannan,Female,47,Chennai,Tamil Nadu,3.5,,5.35,349.83
ORD104309,17-09-2024,Flipkart,Beauty & Personal Care,Makeup,Loreal Makeup Z540,Loreal,4,2706,10824,10,9741.6,COD,Delivered,2,CUST4962,Aaina Hegde,Female,38,Surat,Gujarat,2.4,,10.86,2828.77
ORD100939,03-12-2024,Flipkart,Home & Furniture,Kitchen Appliances,3M Kitchen Appliances M485,3M,4,4357,17428,20,13942.4,UPI,Delivered,4,CUST3237,Urvi Kale,Female,30,Ahmedabad,Gujarat,2.8,,7.14,3611.07
ORD104198,05-10-2023,Max,Kids' Fashion,Kids Shoes,Lakme Kids Shoes Z200,Lakme,2,4464,8928,25,6696,Credit Card,Delivered,5,CUST8409,Zeeshan Bala,Female,31,Noida,Uttar Pradesh,2.3,,14.96,1890.12
ORD104165,10-08-2023,Flipkart,Grocery,Essentials,Roadster Essentials X459,Roadster,3,2196,6588,5,6258.6,COD,Delivered,3,CUST3753,Nishith Deol,Male,43,Mumbai,Maharashtra,3.4,,5.72,453.71
ORD102799,25-07-2024,Amazon,Sports & Outdoors,Sportswear,Adidas Sportswear M920,Adidas,3,4434,13302,0,13302,Credit Card,Delivered,7,CUST8629,Tara Devan,Female,55,Madurai,Tamil Nadu,4.2,,5.98,3822.68
ORD102147,23-09-2025,Myntra,Footwear,Formal,Red Tape Formal X761,Red Tape,1,3597,3597,15,3057.45,Debit Card,Returned,4,CUST7417,Tushar Thakkar,Female,24,New Delhi,Delhi,1.3,Size issue,8.66,701.59
ORD103817,03-03-2024,Flipkart,Electronics,Computers,Lenovo Computers X210,Lenovo,1,145910,145910,0,145910,COD,Delivered,2,CUST2314,Sana Gour,Female,24,Mumbai,Maharashtra,2.8,,13.08,7881.06
ORD104540,25-01-2025,Amazon,Beauty & Personal Care,Grooming,HUL Grooming M552,HUL,3,3152,9456,15,8037.6,UPI,Returned,1,CUST9405,Kanav Sahni,Male,55,Kozhikode,Kerala,3.4,,11.02,1906.23
ORD104216,05-05-2024,Max,Kids' Fashion,Accessories,JBL Accessories S708,JBL,2,1253,2506,5,2380.7,Wallet,Delivered,8,CUST7371,Manikya Balakrishnan,Female,51,Nagpur,Maharashtra,2.4,,9,359.84
ORD102068,21-04-2023,Amazon,Electronics,Computers,Dell Computers X715,Dell,1,104426,104426,0,104426,COD,Delivered,12,CUST3591,Ira Dara,Male,24,Surat,Gujarat,5,,12.57,16976.82
ORD100529,09-01-2025,Myntra,Personal Care,Skincare,Adidas Skincare X370,Adidas,2,674,1348,15,1145.8,UPI,Delivered,3,CUST5950,Umang Balan,Male,65,Mysuru,Karnataka,1.7,,9.95,279.08
ORD104604,26-11-2023,Amazon,Beauty & Personal Care,Makeup,Loreal Makeup S332,Loreal,2,381,762,0,762,COD,Delivered,10,CUST2514,Zara Varghese,Female,16,Nagpur,Maharashtra,3.8,,15.02,94.91
ORD100636,05-05-2023,Amazon,Home & Kitchen,Home Decor,FabIndia Home Decor Z289,FabIndia,1,4113,4113,10,3701.7,COD,Delivered,11,CUST4048,Saksham Tella,Male,17,Chennai,Tamil Nadu,4.6,,13.92,699.5
ORD101269,10-02-2025,Flipkart,Electronics,Home Electronics,Boat Home Electronics M570,Boat,2,2124,4248,10,3823.2,Credit Card,Delivered,3,CUST5748,Samar Chopra,Male,15,New Delhi,Delhi,3.1,,14.22,469.55
ORD100185,12-08-2023,Max,Accessories,Seasonal,Portico Seasonal M125,Portico,1,3069,3069,10,2762.1,Debit Card,Delivered,3,CUST2857,Kartik Kala,Female,46,Kochi,Kerala,2.9,,13.56,415.99
ORD104349,09-11-2023,Flipkart,Electronics,Home Electronics,Loreal Home Electronics Z381,Loreal,3,3182,9546,0,9546,COD,Delivered,7,CUST9184,Indranil Bala,Male,56,Surat,Gujarat,3,,12.82,1032.86
ORD103179,03-04-2023,Amazon,Home & Kitchen,Kitchenware,Hawkins Kitchenware S994,Hawkins,3,6316,18948,0,18948,COD,Delivered,4,CUST1848,Taimur Saxena,Male,56,New Delhi,Delhi,4.8,,13.04,1785.21
ORD103454,16-01-2024,Max,Women's Fashion,Tops,Penguin Tops X774,Penguin,2,3400,6800,5,6460,UPI,Delivered,3,CUST3244,Aradhya Dhar,Male,20,Ahmedabad,Gujarat,2.4,,10.81,1111.71
ORD101797,23-02-2024,Amazon,Fashion,Clothing,Zara Clothing S451,Zara,3,4422,13266,0,13266,Wallet,Delivered,2,CUST5373,Mehul Gandhi,Female,57,Mangalore,Karnataka,4.3,,11.87,2612.77
ORD102979,17-08-2023,Flipkart,Home & Furniture,Decor,Samsung Decor S288,Samsung,2,5400,10800,0,10800,COD,Delivered,12,CUST1781,Aayush Sehgal,Female,18,New Delhi,Delhi,2.9,,13.51,2369.03
ORD101441,24-10-2023,Flipkart,Home & Furniture,Household Essentials,Asus Household Essentials S296,Asus,1,3471,3471,10,3123.9,COD,Delivered,12,CUST1591,Nirvi Kapoor,Male,16,Chennai,Tamil Nadu,3.3,,5.51,645.58
ORD103427,09-05-2024,Amazon,Electronics,Computers,Asus Computers M633,Asus,1,72278,72278,0,72278,Wallet,Delivered,6,CUST7584,Samaira Comar,Male,65,Pune,Maharashtra,4.1,,9.17,5764.5
ORD104874,27-10-2023,Amazon,Home & Kitchen,Home Decor,FabIndia Home Decor S174,FabIndia,1,4819,4819,20,3855.2,COD,Delivered,3,CUST8652,Inaaya  Suri,Male,25,Amritsar,Punjab,4.1,,6.39,347.09
ORD101535,11-01-2023,Amazon,Books,Stationery,MotherCare Stationery S910,MotherCare,3,1622,4866,0,4866,COD,Delivered,5,CUST4098,Zoya Upadhyay,Male,25,Pune,Maharashtra,4.3,,11.2,748
ORD103443,29-07-2024,Amazon,Baby Products,Feeding Supplies,Boat Feeding Supplies S488,Boat,1,892,892,5,847.4,Debit Card,In Transit,8,CUST4221,Sara Karnik,Female,28,Chennai,Tamil Nadu,4,,8.62,110.48
ORD101273,30-11-2023,Myntra,Personal Care,Fragrances,Lilliput Fragrances M189,Lilliput,1,5412,5412,10,4870.8,COD,Delivered,5,CUST9004,Kaira Khosla,Male,21,Mysuru,Karnataka,2.2,,16.93,1139.79
ORD102467,26-01-2023,Myntra,Footwear,Casual,Sparx Casual M853,Sparx,3,2898,8694,25,6520.5,UPI,Delivered,3,CUST1748,Gokul Bath,Female,44,Kolkata,West Bengal,1,,10.51,732.75
ORD100607,27-04-2025,Max,Men's Fashion,T-Shirts,3M T-Shirts X571,3M,4,2534,10136,5,9629.2,Credit Card,Delivered,6,CUST4669,Trisha Deshpande,Male,62,Chennai,Tamil Nadu,3.3,,13.03,1944.1
ORD103513,22-03-2024,Amazon,Groceries,Essentials,Himalaya Essentials Z317,Himalaya,3,5137,15411,10,13869.9,Credit Card,Cancelled,6,CUST5649,Arnav Dey,Female,23,Kolkata,West Bengal,3.6,,15.56,906.4
ORD101712,27-05-2024,Amazon,Sports & Outdoors,Fitness,HRX Fitness S920,HRX,1,30540,30540,15,25959,COD,Delivered,2,CUST7640,Divyansh Samra,Male,24,New Delhi,Delhi,2.5,,12.49,3413.85
ORD102199,01-04-2024,Amazon,Beauty & Personal Care,Healthcare,Patanjali Healthcare S662,Patanjali,4,197,788,15,669.8,Credit Card,Delivered,7,CUST3153,Navya Hora,Female,50,Howrah,West Bengal,4.1,,14.9,86.7
ORD100955,17-07-2023,Flipkart,Beauty & Personal Care,Grooming,Philips Grooming X374,Philips,4,965,3860,0,3860,COD,Returned,7,CUST6834,Priyansh Johal,Male,19,Chennai,Tamil Nadu,2.6,Defective,16.52,827.84
ORD102579,12-05-2025,Myntra,Personal Care,Fragrances,Microsoft Fragrances Z821,Microsoft,3,4617,13851,40,8310.6,UPI,Delivered,5,CUST1118,Azad Dhar,Male,34,Chennai,Tamil Nadu,2.7,,11.68,2003.33
ORD103897,31-01-2023,Flipkart,"Books, Sports & Gaming",Sporting Goods,FabIndia Sporting Goods Z689,FabIndia,1,1034,1034,0,1034,COD,Delivered,4,CUST6822,Yashvi Gupta,Female,22,Surat,Gujarat,3.8,,13.98,201.99
ORD104425,31-08-2024,Amazon,Groceries,Essentials,Roadster Essentials Z245,Roadster,2,2812,5624,10,5061.6,COD,Delivered,2,CUST8014,Rhea Chauhan,Female,30,Pune,Maharashtra,4.7,,13.12,164.88
ORD103380,09-07-2024,Max,Kids' Fashion,Accessories,JBL Accessories S672,JBL,3,285,855,25,641.25,UPI,Delivered,5,CUST8992,Riya Mammen,Female,36,Howrah,West Bengal,2.8,,8.9,105.78
ORD103685,04-09-2024,Flipkart,"Books, Sports & Gaming",Sporting Goods,LG Sporting Goods X360,LG,4,2793,11172,5,10613.4,Wallet,Delivered,8,CUST2413,Lakshit Shah,Female,37,Nagpur,Maharashtra,3.7,,8.98,1408.81
ORD100403,29-11-2024,Max,Kids' Fashion,Kids Apparel,Boat Kids Apparel M816,Boat,3,569,1707,10,1536.3,UPI,Delivered,7,CUST3275,Armaan Shankar,Female,37,Mumbai,Maharashtra,1.4,,9.63,405.26
ORD102071,05-01-2024,Myntra,Footwear,Sports,LG Sports M370,LG,3,4390,13170,10,11853,UPI,Returned,5,CUST3165,Yakshit Bansal,Male,33,Mumbai,Maharashtra,1.2,Late delivery,12.16,1256.65
ORD104755,17-03-2024,Flipkart,Electronics,Home Electronics,Apple Home Electronics M580,Apple,1,1431,1431,5,1359.45,COD,Delivered,4,CUST9934,Advika Kumer,Female,56,Pune,Maharashtra,2.7,,9.55,236.14
ORD101977,06-02-2025,Flipkart,Beauty & Personal Care,Grooming,HUL Grooming S417,HUL,1,1101,1101,20,880.8,COD,In Transit,1,CUST8510,Zain Balay,Male,61,Ludhiana,Punjab,3.6,,9.7,104.6
ORD100158,21-02-2023,Max,Men's Fashion,Bottoms,Himalaya Bottoms X266,Himalaya,1,4026,4026,5,3824.7,UPI,Delivered,10,CUST2480,Dhruv Atwal,Male,27,Mangalore,Karnataka,1.8,,6.29,1058.63
ORD101748,31-03-2025,Amazon,Sports & Outdoors,Fitness,Decathlon Fitness X135,Decathlon,1,31030,31030,5,29478.5,UPI,Delivered,3,CUST1212,Lavanya Jhaveri,Male,62,Mumbai,Maharashtra,3.3,,12.52,5385.9
ORD102909,09-07-2025,Flipkart,Fashion,Accessories,Portronics Accessories Z119,Portronics,1,3499,3499,30,2449.3,UPI,Delivered,1,CUST8612,Farhan Shankar,Male,63,Mysuru,Karnataka,3.4,,8.11,290.59
ORD103534,05-11-2023,Flipkart,"Books, Sports & Gaming",Gaming,Sony Gaming S999,Sony,1,39359,39359,0,39359,UPI,Delivered,4,CUST1580,Dishani Karan,Male,30,Ahmedabad,Gujarat,3.4,,4.07,4785.3
ORD100902,11-03-2023,Myntra,Clothing,Kids Wear,W Kids Wear S852,W,1,2356,2356,10,2120.4,Credit Card,Delivered,8,CUST4450,Yuvraj  Karnik,Female,36,Mumbai,Maharashtra,2,,6.43,469
ORD100352,06-08-2023,Flipkart,Electronics,Home Electronics,Levis Home Electronics Z149,Levis,1,3127,3127,5,2970.65,COD,In Transit,5,CUST1458,Umang Salvi,Male,45,Kolkata,West Bengal,3.6,,9.24,262.06
ORD101230,21-04-2023,Flipkart,Beauty & Personal Care,Makeup,Loreal Makeup M111,Loreal,4,1189,4756,0,4756,Debit Card,Delivered,6,CUST8845,Hridaan Kumar,Female,48,Surat,Gujarat,3.8,,10.7,522.87
ORD104670,09-07-2025,Myntra,Home & Living,Furnishings,Portico Furnishings S883,Portico,3,11866,35598,10,32038.2,Credit Card,Delivered,6,CUST7177,Renee Bakshi,Male,62,Bengaluru,Karnataka,1.4,,9.99,5635.69
ORD102140,24-01-2025,Amazon,Groceries,Snacks,HomeTown Snacks S626,HomeTown,1,5558,5558,0,5558,UPI,In Transit,1,CUST4402,Navya Manda,Male,26,New Delhi,Delhi,4.4,,15.35,296.03
ORD100444,24-08-2025,Myntra,Footwear,Formal,Red Tape Formal M671,Red Tape,4,4727,18908,25,14181,UPI,Delivered,5,CUST6926,Mannat Kamdar,Female,39,Mumbai,Maharashtra,2.2,,7.07,1406.68
ORD104948,09-03-2023,Amazon,Sports & Outdoors,Sportswear,Nike Sportswear Z395,Nike,4,5783,23132,5,21975.4,Wallet,Delivered,10,CUST1148,Yasmin Chowdhury,Male,25,Chennai,Tamil Nadu,4.6,,7.47,4738.8
ORD100754,09-09-2025,Amazon,Beauty & Personal Care,Makeup,Maybelline Makeup X167,Maybelline,4,2466,9864,5,9370.8,Wallet,Delivered,4,CUST6486,Arnav Singhal,Male,59,Howrah,West Bengal,4,,13.36,2428.43
ORD101737,02-11-2024,Max,Accessories,Bags,Wildcraft Bags Z969,Wildcraft,2,4607,9214,10,8292.6,UPI,Delivered,6,CUST2206,Vivaan Bera,Female,31,Surat,Gujarat,1.8,,8.25,983.01
ORD102971,07-05-2025,Flipkart,Home & Furniture,Kitchen Appliances,Portronics Kitchen Appliances S294,Portronics,2,2768,5536,20,4428.8,Credit Card,Delivered,6,CUST1423,Samarth Soman,Male,29,Chennai,Tamil Nadu,2.2,,13.11,938.98
ORD104979,14-09-2025,Myntra,Footwear,Formal,Red Tape Formal M973,Red Tape,4,6816,27264,40,16358.4,UPI,Delivered,6,CUST5709,Farhan Ray,Female,52,Chennai,Tamil Nadu,1.7,,4.87,4905.11
ORD102920,04-06-2025,Myntra,Personal Care,Skincare,Boat Skincare Z974,Boat,2,1458,2916,0,2916,UPI,Returned,6,CUST7130,Ivan Dugar,Female,21,Surat,Gujarat,1.1,Late delivery,15.13,354.48
ORD100311,18-05-2023,Amazon,Sports & Outdoors,Sportswear,Nike Sportswear X231,Nike,4,4069,16276,15,13834.6,UPI,Delivered,9,CUST5660,Samarth Gole,Female,38,New Delhi,Delhi,3.7,,12.64,2180.44
ORD100548,04-05-2025,Amazon,Books,Stationery,Home Centre Stationery S681,Home Centre,1,1944,1944,15,1652.4,Credit Card,Delivered,4,CUST3687,Pari Chad,Female,35,Chennai,Tamil Nadu,3.8,,12.08,249.79
ORD104052,05-05-2024,Amazon,Books,Stationery,Maybelline Stationery Z999,Maybelline,1,959,959,15,815.15,Credit Card,Delivered,5,CUST2353,Dishani Chadha,Female,30,Ahmedabad,Gujarat,3.5,,7.29,73.28
ORD104761,11-08-2023,Myntra,Accessories,Bags,Wildcraft Bags Z726,Wildcraft,2,3090,6180,10,5562,UPI,In Transit,7,CUST2489,Zoya Doshi,Male,52,Kolkata,West Bengal,1.2,,17.38,672.94
ORD101989,09-09-2024,Myntra,Accessories,Wallets,Bata Wallets M936,Bata,4,4317,17268,10,15541.2,UPI,Delivered,2,CUST4730,Vaibhav Lala,Female,60,Mumbai,Maharashtra,2.9,,17.66,2768.1
ORD100306,19-02-2025,Amazon,Groceries,Fresh Produce,BigBasket Fresh Produce S113,BigBasket,4,530,2120,10,1908,UPI,Delivered,5,CUST8793,Ishaan Gupta,Male,18,Kanpur,Uttar Pradesh,2.7,,9.99,138.98
ORD102335,30-09-2025,Flipkart,Beauty & Personal Care,Grooming,HUL Grooming M482,HUL,4,4099,16396,5,15576.2,UPI,In Transit,5,CUST9901,Hridaan Date,Male,60,Noida,Uttar Pradesh,2,,5.5,3062.07
ORD100694,06-10-2023,Amazon,Groceries,Essentials,LocalFarm Essentials Z680,LocalFarm,3,920,2760,0,2760,COD,Delivered,6,CUST6947,Rohan Deo,Female,24,Thiruvananthapuram,Kerala,3.9,,5.38,157.62
ORD102356,13-11-2023,Amazon,Electronics,Cameras,Nikon Cameras Z214,Nikon,1,71859,71859,15,61080.15,UPI,Delivered,5,CUST7166,Jiya Sahni,Male,62,Surat,Gujarat,3,,5.88,4806.78
ORD101927,24-01-2025,Flipkart,Fashion,Apparel,Boat Apparel X760,Boat,4,3448,13792,20,11033.6,Credit Card,Delivered,5,CUST6774,Neysa Ramaswamy,Female,20,Noida,Uttar Pradesh,3.3,,4.05,2573.86
ORD100684,11-06-2025,Amazon,Electronics,Accessories,Portronics Accessories M840,Portronics,2,1583,3166,5,3007.7,UPI,Cancelled,2,CUST3928,Hiran Arora,Male,44,Madurai,Tamil Nadu,4,,14.82,255.58
ORD100749,10-03-2025,Myntra,Home & Living,Kitchenware,Prestige Kitchenware S294,Prestige,2,5084,10168,10,9151.2,UPI,Delivered,3,CUST9199,Aradhya Walla,Female,24,Noida,Uttar Pradesh,2.2,,11.91,1324.82
ORD104008,14-09-2025,Amazon,Books,Stationery,Adidas Stationery S761,Adidas,1,291,291,0,291,UPI,Delivered,1,CUST9339,Oorja Saini,Male,24,Noida,Uttar Pradesh,4.2,,6.58,42.81
ORD101266,05-04-2025,Amazon,Groceries,Fresh Produce,LocalFarm Fresh Produce M991,LocalFarm,2,430,860,5,817,UPI,Delivered,4,CUST1682,Reyansh Som,Male,44,Vadodara,Gujarat,4.8,,17.72,63.97
ORD103285,09-07-2024,Amazon,Books,Stationery,Portico Stationery S574,Portico,3,473,1419,10,1277.1,COD,Delivered,2,CUST7581,Rania Bhatia,Female,45,Bengaluru,Karnataka,4.3,,12.52,114.85
ORD103529,06-10-2025,Myntra,Clothing,Ethnic Wear,Biba Ethnic Wear M634,Biba,3,2106,6318,25,4738.5,UPI,Delivered,4,CUST7261,Zeeshan Chanda,Female,41,Surat,Gujarat,1.7,,16.44,1023.42
ORD104423,16-01-2024,Amazon,Home & Kitchen,Kitchenware,Hawkins Kitchenware S318,Hawkins,1,6664,6664,10,5997.6,Debit Card,Delivered,8,CUST8815,Anay Date,Male,26,Noida,Uttar Pradesh,4,,13.06,869.78
ORD103984,20-01-2023,Myntra,Home & Living,Furnishings,Portico Furnishings Z301,Portico,4,13292,53168,5,50509.6,UPI,Delivered,12,CUST3150,Vaibhav Barad,Female,34,New Delhi,Delhi,1.9,,7.12,14111.9
ORD103083,23-04-2025,Amazon,Home & Kitchen,Appliances,IFB Appliances X353,IFB,1,7491,7491,5,7116.45,Credit Card,Delivered,2,CUST2070,Anvi Mannan,Female,24,Surat,Gujarat,3.8,,5.7,957.65
ORD103061,16-07-2025,Flipkart,Automotive,Spare Parts,Nikon Spare Parts X132,Nikon,4,12090,48360,0,48360,UPI,Delivered,4,CUST4942,Ryan Lad,Male,37,Chennai,Tamil Nadu,2.8,,12.63,4876.34
ORD103025,07-10-2024,Myntra,Accessories,Watches,Fastrack Watches X893,Fastrack,3,9157,27471,30,19229.7,UPI,Cancelled,5,CUST2584,Zoya Verma,Female,20,Surat,Gujarat,2,,7.62,3957.45
ORD100970,26-03-2023,Max,Accessories,Bags,Wildcraft Bags M880,Wildcraft,3,4982,14946,10,13451.4,COD,Delivered,5,CUST1197,Jayesh Thaman,Female,39,Mumbai,Maharashtra,2.7,,7.64,3585.2
ORD100013,24-03-2024,Myntra,Accessories,Bags,Baggit Bags Z357,Baggit,1,6596,6596,5,6266.2,COD,Delivered,4,CUST6617,Rania Rajagopalan,Female,45,Bengaluru,Karnataka,2.2,,7.94,791.66
ORD100873,20-10-2023,Amazon,Groceries,Gourmet Foods,Xiaomi Gourmet Foods X646,Xiaomi,4,4137,16548,5,15720.6,COD,Delivered,3,CUST8502,Manikya Bandi,Male,33,Bengaluru,Karnataka,3.8,,10.34,795.97
ORD100808,08-03-2025,Max,Accessories,Seasonal,Apple Seasonal S674,Apple,4,4105,16420,10,14778,UPI,Delivered,3,CUST3485,Ishita Barad,Female,16,Mumbai,Maharashtra,2.9,,7.72,2845.86
ORD103198,11-12-2024,Amazon,Groceries,Essentials,HRX Essentials S404,HRX,1,671,671,0,671,Wallet,Delivered,7,CUST4043,Indrans Gill,Female,16,Bengaluru,Karnataka,4.4,,15.57,30.17
ORD100514,28-04-2024,Myntra,Home & Living,Decor,Campus Decor X470,Campus,2,2121,4242,25,3181.5,Wallet,Delivered,2,CUST2305,Charvi Kapur,Female,24,New Delhi,Delhi,2,,17.41,541.44
ORD104472,05-02-2025,Flipkart,Automotive,Spare Parts,Xiaomi Spare Parts X915,Xiaomi,3,10710,32130,0,32130,Credit Card,Delivered,1,CUST1466,Dhanuk Dhar,Male,23,Howrah,West Bengal,2.5,,5.64,8211.75
ORD100409,09-02-2024,Amazon,Baby Products,Diapers,Boat Diapers M968,Boat,2,2384,4768,5,4529.6,UPI,Delivered,8,CUST6245,Ela Kumar,Male,55,New Delhi,Delhi,3.9,,15.59,396.59
ORD103408,25-09-2023,Amazon,Groceries,Essentials,HUL Essentials M384,HUL,1,4671,4671,0,4671,Wallet,Delivered,12,CUST2658,Onkar Soni,Female,25,Surat,Gujarat,4.2,,16.29,340.29
ORD104342,10-02-2025,Amazon,Electronics,Computers,Dell Computers X693,Dell,1,81708,81708,10,73537.2,UPI,Delivered,6,CUST6586,Lakshay Dayal,Male,28,Bengaluru,Karnataka,4.1,,15.47,12518.24
ORD100207,22-09-2023,Amazon,Beauty & Personal Care,Healthcare,Himalaya Healthcare M287,Himalaya,3,973,2919,0,2919,Credit Card,In Transit,8,CUST8807,Adah Chatterjee,Male,59,New Delhi,Delhi,4.2,,5.06,831.64
ORD103691,02-01-2023,Myntra,Footwear,Casual,Campus Casual S525,Campus,3,2850,8550,30,5985,COD,Returned,7,CUST7362,Divyansh Deo,Female,24,Ahmedabad,Gujarat,2.1,Other,4.38,633.13
ORD100458,01-11-2023,Amazon,Books,Stationery,Lilliput Stationery S611,Lilliput,4,890,3560,10,3204,COD,Returned,12,CUST6185,Manjari Kibe,Female,20,Mumbai,Maharashtra,3.9,,17.81,617.33
ORD103471,28-03-2023,Amazon,Sports & Outdoors,Fitness,Decathlon Fitness M480,Decathlon,3,24816,74448,5,70725.6,COD,In Transit,4,CUST8527,Rasha Chadha,Male,64,New Delhi,Delhi,3.9,,14.46,10431.15
ORD102430,15-04-2023,Myntra,Accessories,Watches,Titan Watches X965,Titan,3,8945,26835,20,21468,COD,Delivered,10,CUST3864,Prisha Mand,Male,32,Ahmedabad,Gujarat,2.4,,4.51,5836.13
ORD103657,23-05-2023,Flipkart,Automotive,Accessories,Portronics Accessories M202,Portronics,2,1259,2518,0,2518,COD,Delivered,8,CUST3122,Purab Issac,Male,21,Ahmedabad,Gujarat,2.5,,11.12,349.01
ORD100110,25-09-2024,Amazon,Beauty & Personal Care,Healthcare,Patanjali Healthcare Z205,Patanjali,4,1670,6680,10,6012,Credit Card,Delivered,2,CUST2430,Umang Khalsa,Male,19,Bengaluru,Karnataka,4.8,,14.66,616.18
ORD104589,11-07-2023,Myntra,Personal Care,Makeup,Loreal Makeup X318,Loreal,1,569,569,25,426.75,COD,In Transit,7,CUST6370,Mamooty Sama,Male,20,Amritsar,Punjab,2.7,,4.18,65.23
ORD104044,22-06-2025,Myntra,Personal Care,Fragrances,FabIndia Fragrances M332,FabIndia,1,527,527,10,474.3,Debit Card,In Transit,5,CUST6744,Yasmin Mani,Female,59,Mumbai,Maharashtra,1.5,,4.71,109.17
ORD101883,03-08-2025,Myntra,Accessories,Bags,Wildcraft Bags X604,Wildcraft,4,3906,15624,10,14061.6,Debit Card,Delivered,4,CUST5164,Advik Raja,Female,59,Mumbai,Maharashtra,2.5,,14.36,1140.13
ORD101713,11-10-2023,Flipkart,"Books, Sports & Gaming",Gaming,Microsoft Gaming S438,Microsoft,1,3787,3787,5,3597.65,Debit Card,Delivered,8,CUST5128,Anvi Sharaf,Female,56,Ahmedabad,Gujarat,3.2,,10.42,464.72
ORD103958,26-08-2025,Amazon,Groceries,Snacks,Bosch Snacks S904,Bosch,3,3261,9783,10,8804.7,UPI,Delivered,4,CUST9277,Misha Chandran,Male,33,New Delhi,Delhi,5,,6.24,269.17
ORD103399,08-08-2024,Myntra,Home & Living,Decor,Himalaya Decor S937,Himalaya,4,4890,19560,30,13692,UPI,Delivered,6,CUST4333,Raunak Chaudhary,Female,32,Chennai,Tamil Nadu,3,,11.8,3458.77
ORD100552,14-12-2023,Amazon,Home & Kitchen,Kitchenware,Prestige Kitchenware S426,Prestige,4,653,2612,20,2089.6,COD,Delivered,4,CUST7626,Pranay Chaudhary,Male,27,Kolkata,West Bengal,4,,13.6,213.79
ORD101439,28-01-2023,Amazon,Baby Products,Feeding Supplies,Campus Feeding Supplies M584,Campus,2,2101,4202,5,3991.9,COD,In Transit,4,CUST4821,Shamik Gandhi,Female,22,Bengaluru,Karnataka,4.8,,6.86,585.1
ORD102270,16-03-2025,Amazon,Baby Products,Feeding Supplies,Sparx Feeding Supplies M595,Sparx,4,694,2776,15,2359.6,UPI,Delivered,1,CUST8694,Jayesh Bedi,Female,48,Mumbai,Maharashtra,3.3,,13.72,311.76
ORD103144,15-09-2024,Amazon,Books,Stationery,Zara Stationery Z274,Zara,3,231,693,0,693,UPI,Delivered,5,CUST4769,Amani Vyas,Male,34,Surat,Gujarat,5,,13.23,108.84
ORD102821,18-08-2023,Max,Kids' Fashion,Kids Shoes,Samsung Kids Shoes Z126,Samsung,1,5243,5243,30,3670.1,UPI,In Transit,6,CUST7128,Tanya Dyal,Male,23,Ahmedabad,Gujarat,2.4,,10.03,752.8
ORD104781,29-03-2025,Myntra,Home & Living,Decor,Puma Decor X807,Puma,3,2374,7122,25,5341.5,UPI,Delivered,4,CUST3827,Ivana Mander,Male,30,Kanpur,Uttar Pradesh,1.5,,9.56,1143.95
ORD101925,16-04-2023,Flipkart,Fashion,Footwear,Xiaomi Footwear Z922,Xiaomi,3,860,2580,15,2193,COD,Delivered,12,CUST8017,Kiara Tak,Female,60,Ahmedabad,Gujarat,2.7,,5.56,268.58
ORD100634,06-02-2023,Myntra,Accessories,Jewelry,Voylla Jewelry X930,Voylla,4,25593,102372,5,97253.4,COD,Delivered,7,CUST6220,Yakshit De,Female,59,Noida,Uttar Pradesh,1.9,,16.86,9594.53
ORD104805,10-09-2024,Amazon,Electronics,Cameras,Nikon Cameras X936,Nikon,1,35621,35621,0,35621,UPI,Delivered,6,CUST6023,Ranbir Raman,Male,29,Kochi,Kerala,3.6,,14.64,4313.36
ORD100316,17-08-2025,Flipkart,Automotive,Spare Parts,HomeTown Spare Parts S362,HomeTown,2,5654,11308,0,11308,UPI,Delivered,4,CUST7757,Adira Dua,Female,31,Mysuru,Karnataka,2.2,,16.76,2481.7
ORD104217,25-02-2025,Max,Accessories,Shoes,Puma Shoes S253,Puma,3,1751,5253,15,4465.05,Debit Card,Delivered,1,CUST5401,Ishaan Talwar,Female,38,New Delhi,Delhi,3.4,,6.28,776.58
ORD104699,31-01-2023,Myntra,Footwear,Formal,Red Tape Formal S968,Red Tape,4,5021,20084,5,19079.8,Wallet,Delivered,6,CUST1901,Adah Varughese,Male,32,Ahmedabad,Gujarat,3.4,,11.89,4279.17
ORD101328,01-03-2024,Max,Plus Size,Plus Bottoms,Xiaomi Plus Bottoms X820,Xiaomi,1,3610,3610,0,3610,Credit Card,Delivered,7,CUST3347,Adah Baral,Male,53,Ahmedabad,Gujarat,2.6,,4.15,860.39
ORD100427,14-07-2023,Amazon,Home & Kitchen,Kitchenware,Hawkins Kitchenware Z234,Hawkins,1,1534,1534,0,1534,UPI,Delivered,9,CUST3087,Miraya Bhakta,Female,45,New Delhi,Delhi,3.7,,10.85,289.96
ORD104374,17-02-2025,Flipkart,Automotive,Spare Parts,3M Spare Parts S757,3M,4,3828,15312,10,13780.8,UPI,Delivered,4,CUST2260,Ahana  Bhalla,Female,29,Chennai,Tamil Nadu,2.7,,10.3,2229.28
ORD100105,14-05-2024,Amazon,Sports & Outdoors,Fitness,HRX Fitness M373,HRX,3,1348,4044,15,3437.4,UPI,Delivered,2,CUST4948,Veer Kuruvilla,Male,39,Bengaluru,Karnataka,4.3,,16.85,671.55
ORD103041,20-01-2023,Amazon,Baby Products,Feeding Supplies,Portico Feeding Supplies Z996,Portico,3,509,1527,10,1374.3,Debit Card,Delivered,3,CUST8277,Vedika Venkataraman,Male,43,Noida,Uttar Pradesh,4.4,,15.34,168.51
ORD100142,04-08-2025,Flipkart,Automotive,Spare Parts,Nilkamal Spare Parts Z240,Nilkamal,2,6328,12656,20,10124.8,UPI,Delivered,5,CUST8848,Advika Sood,Male,28,Mumbai,Maharashtra,2.9,,8.13,1727.68
ORD102169,26-11-2023,Myntra,Home & Living,Kitchenware,Hawkins Kitchenware X201,Hawkins,3,8548,25644,15,21797.4,COD,Delivered,9,CUST4772,Gatik Loke,Female,20,Kolkata,West Bengal,3.3,,13.44,2359.18
ORD103458,11-09-2025,Max,Women's Fashion,Bottoms,Bata Bottoms M811,Bata,2,4453,8906,25,6679.5,Credit Card,Delivered,2,CUST5734,Anika Soman,Female,32,Ahmedabad,Gujarat,3,,6.78,1933.05
ORD100089,05-05-2024,Amazon,Groceries,Snacks,Sony Snacks S516,Sony,2,619,1238,20,990.4,UPI,Delivered,4,CUST3252,Anay Chowdhury,Male,22,Mumbai,Maharashtra,3.9,,14.04,34.69
ORD102918,27-08-2023,Myntra,Accessories,Bags,Baggit Bags M962,Baggit,3,5518,16554,10,14898.6,Credit Card,Delivered,10,CUST5644,Taran Dixit,Female,41,New Delhi,Delhi,2.1,,12.83,3791.84
ORD103237,24-09-2023,Amazon,Baby Products,Apparel,Red Tape Apparel X213,Red Tape,3,1064,3192,10,2872.8,UPI,Delivered,10,CUST7680,Zara Sabharwal,Female,19,Noida,Uttar Pradesh,3.9,,17.24,819.1
ORD102241,17-04-2023,Myntra,Accessories,Bags,Wildcraft Bags M971,Wildcraft,2,1283,2566,5,2437.7,UPI,Delivered,5,CUST6602,Chirag Srinivas,Male,26,Kolkata,West Bengal,1.3,,7.62,391.69
ORD103174,02-09-2024,Flipkart,"Books, Sports & Gaming",Gaming,Microsoft Gaming X405,Microsoft,1,62359,62359,10,56123.1,COD,Delivered,7,CUST7377,Hridaan Date,Male,23,New Delhi,Delhi,3.7,,13.48,5014.34
ORD103412,12-03-2025,Myntra,Personal Care,Fragrances,Nikon Fragrances M876,Nikon,1,2912,2912,5,2766.4,UPI,Delivered,3,CUST7543,Kashvi Goswami,Female,30,Ahmedabad,Gujarat,3,,6.14,740.3
ORD102163,12-10-2025,Amazon,Sports & Outdoors,Sportswear,Nike Sportswear Z636,Nike,1,4325,4325,10,3892.5,UPI,Delivered,4,CUST1606,Oorja Bhatt,Male,29,Chennai,Tamil Nadu,5,,12.78,1055.66
ORD102636,27-08-2024,Amazon,Beauty & Personal Care,Healthcare,Patanjali Healthcare Z591,Patanjali,1,1031,1031,0,1031,Wallet,Delivered,3,CUST2104,Urvi Reddy,Female,18,Noida,Uttar Pradesh,5,,11.6,275.64
ORD101949,05-02-2024,Flipkart,"Books, Sports & Gaming",Books,Penguin Books Z625,Penguin,4,1764,7056,20,5644.8,UPI,Delivered,3,CUST3175,Advik Jain,Female,33,Kolkata,West Bengal,2.5,,9.4,1677.14
ORD101768,05-07-2025,Flipkart,Electronics,Mobiles,Samsung Mobiles X552,Samsung,1,38170,38170,0,38170,Credit Card,Delivered,6,CUST5852,Dhanuk Mammen,Male,39,Kozhikode,Kerala,3.1,,16.13,6329.78
ORD104290,14-07-2025,Amazon,Groceries,Essentials,JBL Essentials X340,JBL,4,2457,9828,5,9336.6,UPI,Delivered,3,CUST1088,Inaaya  Tailor,Female,56,Jaipur,Rajasthan,4.9,,6.65,657.16
ORD102272,02-04-2023,Flipkart,Fashion,Accessories,Boat Accessories M452,Boat,4,5136,20544,15,17462.4,Debit Card,Delivered,11,CUST2917,Aniruddh Kala,Male,18,Ahmedabad,Gujarat,2.7,,17.5,1451.83
ORD100001,08-03-2024,Amazon,Home & Kitchen,Home Decor,FabIndia Home Decor X777,FabIndia,1,3450,3450,5,3277.5,UPI,Returned,5,CUST6925,Yuvraj  Aggarwal,Female,27,Ahmedabad,Gujarat,3.5,Late delivery,5.1,473.6
ORD103282,01-01-2023,Max,Accessories,Shoes,Bata Shoes X296,Bata,4,4875,19500,20,15600,COD,Delivered,10,CUST9500,Drishya Bath,Female,24,Mumbai,Maharashtra,3.8,,17.92,3950.65
ORD104957,01-12-2024,Flipkart,Fashion,Apparel,Bosch Apparel M512,Bosch,2,3267,6534,25,4900.5,COD,Delivered,7,CUST2629,Yasmin Bumb,Female,21,Ahmedabad,Gujarat,1.7,,13.19,511.35
ORD101951,29-06-2025,Amazon,Fashion,Clothing,Levis Clothing M540,Levis,4,1816,7264,10,6537.6,UPI,Delivered,6,CUST4791,Hrishita Ahluwalia,Female,37,Jaipur,Rajasthan,4.8,,14.57,1659.34
ORD100935,29-05-2025,Amazon,Sports & Outdoors,Fitness,HRX Fitness Z335,HRX,1,26113,26113,0,26113,Debit Card,Delivered,3,CUST8343,Navya Kala,Female,26,Chennai,Tamil Nadu,4.7,,8.32,2621.85
ORD104296,08-04-2025,Max,Accessories,Bags,Wildcraft Bags S984,Wildcraft,4,5548,22192,20,17753.6,UPI,Delivered,2,CUST6815,Mahika Sagar,Female,16,Ludhiana,Punjab,3,,10.34,4504.49
ORD102720,26-10-2023,Amazon,Groceries,Fresh Produce,LocalFarm Fresh Produce Z887,LocalFarm,3,739,2217,5,2106.15,COD,Delivered,6,CUST2535,Mahika Gala,Female,39,Mumbai,Maharashtra,4.9,,9.24,159.31
ORD104447,04-02-2024,Amazon,Home & Kitchen,Appliances,Samsung Appliances X831,Samsung,1,53573,53573,5,50894.35,Debit Card,Delivered,5,CUST8413,Rhea Saxena,Male,16,Kolkata,West Bengal,3.5,,5.12,9824.61
ORD101109,14-05-2024,Amazon,Electronics,Mobiles,Xiaomi Mobiles Z469,Xiaomi,1,35535,35535,10,31981.5,UPI,Delivered,2,CUST6741,Dharmajan Basu,Male,17,Mumbai,Maharashtra,4.1,,12.63,2477.53
ORD103960,07-03-2025,Amazon,Home & Kitchen,Kitchenware,Hawkins Kitchenware X347,Hawkins,4,6072,24288,10,21859.2,Wallet,Delivered,4,CUST6190,Jivin Din,Male,35,Mysuru,Karnataka,3.8,,17.56,6461.27
ORD100591,24-09-2025,Flipkart,Grocery,Fresh,OnePlus Fresh S265,OnePlus,2,3476,6952,20,5561.6,COD,Delivered,1,CUST1234,Drishya Wable,Male,26,Pune,Maharashtra,2.7,,15.12,439.24
ORD101695,05-03-2023,Max,Women's Fashion,Bottoms,OnePlus Bottoms S909,OnePlus,4,4645,18580,10,16722,COD,Delivered,8,CUST1474,Ivana Varghese,Female,28,Pune,Maharashtra,2.4,,5.81,3414.44
ORD103450,19-03-2024,Flipkart,Beauty & Personal Care,Grooming,HUL Grooming M690,HUL,1,2727,2727,5,2590.65,COD,Cancelled,7,CUST1871,Gatik Cheema,Male,32,Mumbai,Maharashtra,2.8,,15.19,698.74
ORD102936,25-07-2024,Amazon,Electronics,Cameras,Canon Cameras Z775,Canon,1,68212,68212,25,51159,Credit Card,Delivered,5,CUST6226,Shayak Bhalla,Male,17,Surat,Gujarat,4.2,,15.1,7998.91
ORD104204,02-05-2023,Amazon,Beauty & Personal Care,Grooming,HUL Grooming Z940,HUL,3,4975,14925,5,14178.75,Credit Card,Delivered,11,CUST7061,Aarav Atwal,Male,16,Vadodara,Gujarat,3.8,,8.62,4149.48
ORD103411,03-08-2023,Flipkart,Electronics,Mobiles,OnePlus Mobiles M284,OnePlus,1,74734,74734,0,74734,COD,Delivered,6,CUST7425,Vardaniya Yadav,Male,25,Howrah,West Bengal,2.6,,4.66,9214.65
ORD101576,27-07-2023,Flipkart,Grocery,Fresh,Adidas Fresh S460,Adidas,1,4955,4955,15,4211.75,COD,Delivered,4,CUST8529,Seher Dada,Female,40,Kolkata,West Bengal,3.8,,7.36,321.66
ORD103954,10-07-2024,Max,Men's Fashion,Shirts,Maybelline Shirts X660,Maybelline,4,4508,18032,5,17130.4,UPI,Delivered,8,CUST7940,Raunak Rana,Male,37,Bengaluru,Karnataka,3.6,,11.05,1692.32
ORD100213,12-08-2024,Flipkart,Grocery,Essentials,3M Essentials Z969,3M,4,5153,20612,5,19581.4,UPI,Delivered,3,CUST7911,Armaan Bansal,Female,30,Ahmedabad,Gujarat,3.8,,12.97,1496.57
ORD100778,09-07-2025,Flipkart,"Books, Sports & Gaming",Sporting Goods,Nikon Sporting Goods S294,Nikon,1,909,909,15,772.65,Wallet,Delivered,3,CUST3832,Urvi Keer,Female,33,Surat,Gujarat,3.6,,11.36,198.71
ORD101415,24-11-2024,Flipkart,Grocery,Fresh,Home Centre Fresh X998,Home Centre,2,1779,3558,5,3380.1,COD,In Transit,7,CUST5505,Abram Ahluwalia,Male,48,Surat,Gujarat,4,,10.36,218.77
ORD103759,08-08-2025,Amazon,Groceries,Gourmet Foods,BigBasket Gourmet Foods Z501,BigBasket,1,567,567,5,538.65,UPI,Delivered,3,CUST8669,Faiyaz Chander,Male,20,Ahmedabad,Gujarat,3.7,,5.77,42.69
ORD102043,06-12-2024,Max,Accessories,Seasonal,Nilkamal Seasonal X970,Nilkamal,1,4254,4254,30,2977.8,UPI,Returned,4,CUST6707,Vihaan Hayer,Male,36,Kanpur,Uttar Pradesh,2.5,Changed mind,17.6,735.79
ORD102848,04-11-2023,Amazon,Home & Kitchen,Home Decor,FabIndia Home Decor S140,FabIndia,3,7726,23178,25,17383.5,UPI,Delivered,10,CUST4923,Neysa Dutta,Male,33,Jaipur,Rajasthan,4.1,,8.04,3950.83
ORD104537,03-11-2024,Flipkart,Beauty & Personal Care,Grooming,Philips Grooming Z163,Philips,2,2548,5096,5,4841.2,COD,Delivered,2,CUST6488,Jayan Shetty,Female,36,Pune,Maharashtra,3.8,,9.58,1350.27
ORD103505,06-01-2023,Myntra,Accessories,Bags,Wildcraft Bags Z824,Wildcraft,4,460,1840,10,1656,Credit Card,Delivered,10,CUST3172,Nakul Kannan,Male,18,Bengaluru,Karnataka,1.7,,13.35,465.89
ORD103813,28-08-2025,Myntra,Footwear,Casual,Campus Casual S831,Campus,3,1980,5940,20,4752,UPI,Delivered,6,CUST4317,Gokul Sinha,Female,40,Chennai,Tamil Nadu,1,,6.47,1396.1
ORD101567,10-06-2025,Max,Kids' Fashion,Kids Shoes,Prestige Kids Shoes X687,Prestige,2,1066,2132,30,1492.4,Credit Card,Delivered,2,CUST9656,Sara Cheema,Male,64,Kolkata,West Bengal,2.3,,9.54,206.42
ORD100165,20-02-2025,Myntra,Footwear,Sports,Samsung Sports S331,Samsung,4,4837,19348,10,17413.2,COD,Delivered,1,CUST9700,Dhruv Krishnan,Female,37,Bengaluru,Karnataka,2.2,,16.49,4292.47
ORD104714,28-06-2023,Amazon,Electronics,Mobiles,Apple Mobiles M112,Apple,1,9205,9205,10,8284.5,UPI,Delivered,9,CUST1576,Nishith Dey,Male,39,Noida,Uttar Pradesh,4.2,,14.53,861.88
ORD104272,07-08-2025,Max,Women's Fashion,Tops,Loreal Tops Z190,Loreal,1,3816,3816,30,2671.2,UPI,Delivered,1,CUST7445,Ojas Magar,Female,24,Coimbatore,Tamil Nadu,2.4,,17.96,360.65
ORD104926,12-10-2025,Amazon,Electronics,Computers,Dell Computers X318,Dell,1,56078,56078,5,53274.1,Wallet,Delivered,3,CUST4630,Umang Dhar,Male,53,Kozhikode,Kerala,4.7,,5.23,9227.61
ORD101343,15-02-2025,Myntra,Footwear,Formal,Red Tape Formal X972,Red Tape,1,6599,6599,0,6599,UPI,Delivered,2,CUST5639,Navya Ramanathan,Female,22,Madurai,Tamil Nadu,3.3,,15.76,684.32
ORD102013,26-06-2025,Amazon,Electronics,Mobiles,OnePlus Mobiles S631,OnePlus,1,72800,72800,10,65520,COD,Delivered,2,CUST8796,Kismat Agrawal,Male,25,Noida,Uttar Pradesh,3.5,,12.58,5768.3
ORD100273,14-07-2025,Myntra,Accessories,Watches,Titan Watches X247,Titan,4,7054,28216,40,16929.6,UPI,Delivered,1,CUST7432,Tara Choudhury,Male,16,Nagpur,Maharashtra,2.5,,10.88,4812.9
ORD100071,11-03-2023,Amazon,Fashion,Watches,Titan Watches X400,Titan,3,9679,29037,25,21777.75,COD,Delivered,10,CUST2033,Taimur Banik,Female,16,Surat,Gujarat,3.8,,12.84,5630.19
ORD103887,24-10-2023,Flipkart,Automotive,Accessories,Portronics Accessories S237,Portronics,4,1112,4448,10,4003.2,UPI,Delivered,3,CUST8267,Anay Chokshi,Male,45,Mangalore,Karnataka,2.3,,8.23,667.54
ORD101087,22-07-2024,Amazon,Beauty & Personal Care,Grooming,Philips Grooming M610,Philips,1,1634,1634,20,1307.2,UPI,Delivered,8,CUST9346,Riya Gupta,Female,39,Amritsar,Punjab,4.3,,13.68,190.61
ORD100394,12-06-2025,Amazon,Books,Books,HarperCollins Books M268,HarperCollins,4,232,928,0,928,UPI,Delivered,1,CUST9313,Madhav Dara,Female,32,Mumbai,Maharashtra,4.5,,15.13,97
ORD100583,04-06-2023,Amazon,Beauty & Personal Care,Healthcare,Himalaya Healthcare X898,Himalaya,2,1562,3124,5,2967.8,COD,Delivered,5,CUST6054,Parinaaz Loyal,Female,41,Nagpur,Maharashtra,3.8,,6.64,334.24
ORD101367,12-09-2024,Amazon,Fashion,Watches,Fastrack Watches S523,Fastrack,4,3233,12932,0,12932,Credit Card,Delivered,5,CUST4659,Zeeshan Tripathi,Female,46,Howrah,West Bengal,3.9,,9.38,2849.91
ORD104987,13-01-2025,Amazon,Sports & Outdoors,Sportswear,Adidas Sportswear Z821,Adidas,4,4816,19264,5,18300.8,UPI,Delivered,2,CUST3479,Tiya Korpal,Female,65,Pune,Maharashtra,4.8,,14.51,4170.73
ORD104088,01-08-2025,Amazon,Beauty & Personal Care,Grooming,Philips Grooming Z813,Philips,2,1323,2646,5,2513.7,UPI,Delivered,6,CUST8469,Ryan Mall,Female,36,Surat,Gujarat,3.1,,17.93,727.41
ORD102548,27-07-2024,Myntra,Clothing,Ethnic Wear,Biba Ethnic Wear Z929,Biba,3,7112,21336,10,19202.4,UPI,Returned,8,CUST3600,Nishith Ben,Female,18,Surat,Gujarat,1,Changed mind,15,4560.16
ORD101013,14-06-2025,Amazon,Electronics,Computers,HP Computers Z596,HP,1,128093,128093,15,108879.05,UPI,Delivered,6,CUST2721,Anay Dhar,Male,26,Mangalore,Karnataka,4.9,,14.81,6864.58
ORD104897,25-05-2024,Amazon,Sports & Outdoors,Outdoor Gear,LocalFarm Outdoor Gear M619,LocalFarm,4,536,2144,25,1608,UPI,Delivered,3,CUST7987,Amani Vaidya,Female,28,Chennai,Tamil Nadu,3.7,,15.36,407.92
ORD103003,07-06-2024,Myntra,Personal Care,Fragrances,Adidas Fragrances S389,Adidas,1,4354,4354,20,3483.2,UPI,Delivered,5,CUST7157,Kabir Shenoy,Female,58,Noida,Uttar Pradesh,1.3,,15.19,298.31
ORD104788,09-11-2024,Amazon,Groceries,Essentials,Maybelline Essentials S735,Maybelline,1,4130,4130,15,3510.5,COD,Delivered,5,CUST6921,Ela Chanda,Female,42,Chennai,Tamil Nadu,4.2,,14.81,272.2
ORD104407,10-10-2023,Amazon,Home & Kitchen,Kitchenware,Hawkins Kitchenware Z559,Hawkins,4,2490,9960,0,9960,COD,Delivered,3,CUST1498,Kavya Kota,Female,58,Ahmedabad,Gujarat,4.5,,10.31,1861.2
ORD103532,22-07-2025,Myntra,Accessories,Wallets,LG Wallets Z743,LG,1,4740,4740,10,4266,Debit Card,Delivered,6,CUST9857,Manikya Dube,Male,29,Surat,Gujarat,1.5,,14.23,390.68
ORD101763,12-01-2024,Amazon,Home & Kitchen,Appliances,Samsung Appliances Z468,Samsung,1,6215,6215,0,6215,UPI,Returned,3,CUST1148,Divij Raja,Male,15,New Delhi,Delhi,3.7,Defective,8.57,911.17
ORD101875,14-02-2024,Flipkart,Grocery,Essentials,OnePlus Essentials X849,OnePlus,3,3012,9036,0,9036,Debit Card,Delivered,4,CUST9188,Mamooty Yohannan,Female,57,Kolkata,West Bengal,3.3,,4.54,666.18
ORD101259,30-01-2024,Amazon,Home & Kitchen,Home Decor,FabIndia Home Decor Z297,FabIndia,3,4211,12633,10,11369.7,UPI,In Transit,6,CUST2037,Adira Hayer,Female,49,Chennai,Tamil Nadu,4.9,,14.3,1163.72
ORD104530,17-10-2023,Amazon,Home & Kitchen,Kitchenware,Prestige Kitchenware X894,Prestige,4,1475,5900,20,4720,Wallet,Delivered,9,CUST6488,Lavanya Gill,Male,49,Bengaluru,Karnataka,4.9,,6.03,921.44
ORD102253,11-09-2024,Amazon,Fashion,Clothing,Zara Clothing S456,Zara,2,1933,3866,20,3092.8,UPI,Delivered,2,CUST3287,Neelofar Khatri,Female,32,Kolkata,West Bengal,3.3,,9.68,445.54
ORD102781,02-11-2023,Myntra,Clothing,Ethnic Wear,FabIndia Ethnic Wear Z110,FabIndia,1,4273,4273,5,4059.35,UPI,Delivered,10,CUST6486,Nirvi Mall,Female,17,Kanpur,Uttar Pradesh,1.5,,7.24,1164.57
ORD103592,22-03-2024,Flipkart,Grocery,Essentials,Red Tape Essentials S672,Red Tape,3,5388,16164,0,16164,UPI,Delivered,5,CUST3068,Tarini Kurian,Female,18,Mysuru,Karnataka,2,,13.9,1282.75
ORD100526,24-09-2023,Max,Kids' Fashion,Kids Shoes,Xiaomi Kids Shoes Z192,Xiaomi,2,2764,5528,5,5251.6,Debit Card,Delivered,4,CUST1326,Manjari Kade,Male,16,Jaipur,Rajasthan,3.3,,8.62,1119.07
ORD104263,01-02-2025,Max,Women's Fashion,Bottoms,Campus Bottoms X790,Campus,2,1707,3414,0,3414,UPI,Delivered,5,CUST5565,Stuvan Lad,Female,15,Pune,Maharashtra,1.7,,15.24,897.13
ORD102946,13-10-2023,Flipkart,Automotive,Spare Parts,Levis Spare Parts Z166,Levis,1,1102,1102,5,1046.9,UPI,Delivered,7,CUST3761,Myra Anne,Female,25,Jaipur,Rajasthan,3,,10.11,198.07
ORD100377,15-06-2024,Amazon,Electronics,Cameras,Canon Cameras M962,Canon,1,57576,57576,5,54697.2,Credit Card,Delivered,3,CUST2243,Ryan Borra,Male,29,New Delhi,Delhi,3.7,,10.18,4623.62
ORD101559,26-10-2023,Amazon,Sports & Outdoors,Sportswear,Adidas Sportswear M742,Adidas,3,1529,4587,0,4587,COD,Delivered,11,CUST1355,Himmat Sastry,Male,44,Kolkata,West Bengal,4.4,,8.87,1319.65
ORD103820,09-09-2025,Max,Plus Size,Plus Bottoms,Sony Plus Bottoms S272,Sony,2,1664,3328,0,3328,UPI,Delivered,6,CUST8389,Navya Baral,Male,29,Surat,Gujarat,2.3,,10.56,588.77
ORD101963,06-04-2023,Flipkart,Grocery,Essentials,LocalFarm Essentials Z640,LocalFarm,4,2301,9204,5,8743.8,Debit Card,Cancelled,11,CUST7783,Nakul Kari,Female,16,Lucknow,Uttar Pradesh,3.5,,13.24,645.41
ORD104732,27-02-2023,Flipkart,Electronics,Home Electronics,Fastrack Home Electronics M347,Fastrack,3,3366,10098,5,9593.1,Wallet,Delivered,7,CUST2311,Jayant Dasgupta,Male,17,Bengaluru,Karnataka,3.4,,11.43,1401.43
ORD100348,28-03-2023,Amazon,Books,Stationery,Campus Stationery X849,Campus,3,506,1518,5,1442.1,COD,Delivered,3,CUST5979,Miraya Biswas,Male,39,Vadodara,Gujarat,5,,12.3,157.13
ORD102434,02-12-2023,Myntra,Footwear,Formal,Red Tape Formal M248,Red Tape,1,8920,8920,25,6690,COD,Delivered,10,CUST6680,Lakshay Sachdev,Female,21,Kolkata,West Bengal,2.8,,15.81,677.3
ORD102246,26-02-2024,Amazon,Home & Kitchen,Furniture,Ikea Furniture S133,Ikea,3,10611,31833,5,30241.35,UPI,Delivered,2,CUST4470,Jayan Tailor,Female,29,Mysuru,Karnataka,3.9,,7.28,8735.23
ORD104166,13-05-2025,Flipkart,Beauty & Personal Care,Makeup,Loreal Makeup M450,Loreal,2,922,1844,10,1659.6,UPI,Delivered,5,CUST9400,Lagan Choudhry,Female,21,Howrah,West Bengal,3.2,,17.79,400.1
ORD101709,13-01-2024,Amazon,Books,Stationery,FabIndia Stationery S499,FabIndia,4,454,1816,10,1634.4,UPI,Delivered,6,CUST9174,Advika Kunda,Female,61,Chennai,Tamil Nadu,4.7,,7.21,197.44
ORD101050,25-03-2025,Max,Plus Size,Plus Bottoms,Maybelline Plus Bottoms X331,Maybelline,2,4832,9664,10,8697.6,UPI,Delivered,1,CUST2200,Zain Ganguly,Male,36,Chennai,Tamil Nadu,3.2,,10.94,1924.95
ORD100590,27-11-2023,Myntra,Accessories,Bags,Baggit Bags M827,Baggit,2,1230,2460,15,2091,Credit Card,Delivered,4,CUST5106,Vedika Soni,Female,44,Bengaluru,Karnataka,1.9,,12.61,282.18
ORD100519,29-01-2024,Amazon,Home & Kitchen,Home Decor,Home Centre Home Decor M720,Home Centre,4,3824,15296,5,14531.2,UPI,Delivered,2,CUST4664,Arhaan Kamdar,Male,52,Noida,Uttar Pradesh,4.1,,8.03,2718.2
ORD104752,19-05-2024,Flipkart,Electronics,Home Electronics,Himalaya Home Electronics X678,Himalaya,4,4330,17320,0,17320,Wallet,Delivered,6,CUST7736,Eshani Savant,Male,20,Coimbatore,Tamil Nadu,3.1,,14.01,2683.89
ORD104308,15-08-2024,Amazon,Books,Stationery,Microsoft Stationery Z160,Microsoft,3,1242,3726,5,3539.7,Wallet,Delivered,7,CUST7487,Rania Varma,Female,30,Kolkata,West Bengal,3.9,,11.37,487.65
ORD102477,27-05-2023,Flipkart,"Books, Sports & Gaming",Sporting Goods,HRX Sporting Goods X456,HRX,4,3115,12460,10,11214,UPI,In Transit,12,CUST4760,Hansh Dubey,Male,23,New Delhi,Delhi,3.4,,6.78,3251.6
ORD101083,02-06-2024,Flipkart,Home & Furniture,Kitchen Appliances,Himalaya Kitchen Appliances Z445,Himalaya,4,1815,7260,10,6534,UPI,In Transit,3,CUST1093,Romil Kale,Female,39,Mumbai,Maharashtra,3.5,,7.57,1142.21
ORD103588,10-11-2023,Flipkart,Electronics,Home Electronics,W Home Electronics S799,W,1,3442,3442,0,3442,Debit Card,Delivered,10,CUST3294,Hazel Kade,Male,61,Kolkata,West Bengal,2.4,,14.96,333.21
ORD104778,17-04-2025,Myntra,Home & Living,Furnishings,Portico Furnishings Z579,Portico,3,1912,5736,15,4875.6,Credit Card,Delivered,3,CUST3172,Rohan Baria,Male,21,Bengaluru,Karnataka,2.3,,10.58,737.11
ORD104509,28-08-2023,Amazon,Fashion,Clothing,Levis Clothing X230,Levis,3,1776,5328,20,4262.4,UPI,Delivered,10,CUST7127,Khushi Vala,Male,18,Chennai,Tamil Nadu,4.9,,16.47,856.69
ORD101294,15-05-2024,Myntra,Home & Living,Kitchenware,Prestige Kitchenware X633,Prestige,3,3002,9006,25,6754.5,UPI,Delivered,4,CUST6194,Amira Kala,Male,65,Mysuru,Karnataka,1.8,,7.01,1097.29
ORD101809,19-09-2024,Amazon,Books,Stationery,Maybelline Stationery M750,Maybelline,2,327,654,5,621.3,UPI,Delivered,3,CUST4372,Azad Kibe,Male,59,Ahmedabad,Gujarat,4.1,,16.68,58.86
ORD100791,02-09-2024,Amazon,Home & Kitchen,Furniture,HomeTown Furniture Z943,HomeTown,3,43851,131553,15,111820.05,COD,Delivered,8,CUST6656,Mishti Das,Male,36,Pune,Maharashtra,3.4,,17.03,26551.46
ORD100792,18-01-2023,Myntra,Footwear,Formal,Red Tape Formal X532,Red Tape,4,8678,34712,15,29505.2,UPI,Delivered,5,CUST3558,Tarini Varughese,Male,21,Mumbai,Maharashtra,2,,17.18,8125.22
ORD104114,25-07-2024,Myntra,Home & Living,Kitchenware,Prestige Kitchenware X994,Prestige,3,8983,26949,20,21559.2,COD,Delivered,7,CUST5020,Dhanush Sheth,Female,28,Kanpur,Uttar Pradesh,2.5,,6.82,4397.97
ORD101855,11-09-2023,Myntra,Clothing,Ethnic Wear,Biba Ethnic Wear Z212,Biba,1,2617,2617,40,1570.2,Debit Card,Delivered,9,CUST6180,Oorja Sachar,Female,21,Pune,Maharashtra,2.5,,10.94,182.86
ORD104757,25-10-2023,Amazon,Electronics,Cameras,Nikon Cameras S246,Nikon,1,71943,71943,5,68345.85,UPI,Delivered,5,CUST6397,Tejas Butala,Male,26,Chennai,Tamil Nadu,5,,4.65,5415.27
ORD101980,03-08-2025,Max,Men's Fashion,Shirts,Sparx Shirts M999,Sparx,4,2820,11280,10,10152,UPI,Delivered,6,CUST9606,Mohanlal Shere,Female,19,Kozhikode,Kerala,3.1,,8.33,2328.9
ORD103233,28-05-2025,Amazon,Fashion,Watches,Titan Watches X195,Titan,3,8641,25923,20,20738.4,UPI,Delivered,5,CUST8557,Ranbir Thaman,Male,63,New Delhi,Delhi,4.4,,16.3,3645.36
ORD103908,22-04-2024,Amazon,Beauty & Personal Care,Grooming,Philips Grooming Z995,Philips,3,2397,7191,5,6831.45,Credit Card,Delivered,3,CUST5261,Sahil Chaudhari,Female,61,Thiruvananthapuram,Kerala,4,,13.98,830.54
ORD104984,17-02-2025,Flipkart,Electronics,Mobiles,Realme Mobiles X713,Realme,1,86084,86084,10,77475.6,UPI,Delivered,6,CUST8823,Chirag Borde,Male,27,Ludhiana,Punjab,2,,16.73,13837.98
ORD103328,26-06-2025,Max,Kids' Fashion,Kids Shoes,3M Kids Shoes M934,3M,3,3514,10542,30,7379.4,UPI,Delivered,6,CUST5262,Riaan Kunda,Male,23,Vadodara,Gujarat,1.9,,6.65,1667.7
ORD101530,21-05-2025,Max,Men's Fashion,Winter Wear,Sony Winter Wear M217,Sony,4,1542,6168,10,5551.2,UPI,Returned,5,CUST8912,Lakshay Kurian,Male,40,Kolkata,West Bengal,1.5,Defective,12.8,976.82
ORD101410,03-12-2024,Myntra,Footwear,Sports,HarperCollins Sports M709,HarperCollins,2,3696,7392,30,5174.4,UPI,Delivered,4,CUST6468,Tiya Shan,Male,15,Surat,Gujarat,1.5,,13.16,1393.06
ORD104294,05-01-2023,Amazon,Sports & Outdoors,Outdoor Gear,Ikea Outdoor Gear X205,Ikea,2,1371,2742,5,2604.9,COD,Delivered,10,CUST4644,Jiya Subramanian,Male,23,Surat,Gujarat,4.3,,15.34,327.88
ORD104648,26-11-2024,Amazon,Beauty & Personal Care,Grooming,HUL Grooming S419,HUL,3,3748,11244,0,11244,COD,Delivered,5,CUST4916,Aaryahi Guha,Female,41,Kolkata,West Bengal,3.8,,16.84,2271.56
ORD100083,18-05-2023,Max,Kids' Fashion,Kids Shoes,Canon Kids Shoes Z482,Canon,3,3381,10143,10,9128.7,COD,Delivered,11,CUST2946,Ojas Vaidya,Female,16,Pune,Maharashtra,2.6,,7.92,2716.7
ORD100868,11-06-2024,Max,Women's Fashion,Winter Wear,Hawkins Winter Wear S237,Hawkins,1,3777,3777,30,2643.9,COD,Delivered,8,CUST4614,Saira Kar,Female,41,Bengaluru,Karnataka,2.1,,11.99,432.7
ORD102350,22-01-2024,Flipkart,Home & Furniture,Kitchen Appliances,IFB Kitchen Appliances M467,IFB,3,5646,16938,10,15244.2,UPI,In Transit,7,CUST4828,Vanya Mand,Female,24,Kochi,Kerala,3.3,,13,4069.5
ORD100020,01-09-2025,Myntra,Accessories,Wallets,Nikon Wallets Z324,Nikon,2,5661,11322,20,9057.6,Credit Card,Delivered,5,CUST1090,Kartik Chahal,Male,16,Noida,Uttar Pradesh,2.3,,10.92,1210.79
ORD103424,01-04-2025,Flipkart,Beauty & Personal Care,Grooming,Philips Grooming S532,Philips,3,2611,7833,10,7049.7,UPI,Delivered,3,CUST3913,Lakshit Kant,Male,16,Ahmedabad,Gujarat,2.9,,7.92,891.31
ORD102795,25-02-2025,Amazon,Fashion,Shoes,Bata Shoes S824,Bata,4,5671,22684,30,15878.8,UPI,Delivered,1,CUST6102,Bhavin Mane,Female,36,New Delhi,Delhi,3.4,,6.28,4700.14
ORD104572,06-04-2023,Amazon,Home & Kitchen,Home Decor,Home Centre Home Decor Z834,Home Centre,3,8636,25908,10,23317.2,COD,Delivered,4,CUST1100,Inaaya  Seth,Male,18,Noida,Uttar Pradesh,5,,9.82,2601.02
ORD101562,04-09-2024,Amazon,Home & Kitchen,Kitchenware,Hawkins Kitchenware X326,Hawkins,4,1036,4144,0,4144,UPI,Delivered,8,CUST8850,Hiran Iyengar,Male,36,Vadodara,Gujarat,4.4,,16.14,903.61
ORD103093,23-04-2025,Amazon,Fashion,Clothing,Roadster Clothing X844,Roadster,1,504,504,15,428.4,UPI,Delivered,6,CUST4664,Jhanvi Ahuja,Female,54,Surat,Gujarat,3.5,,12.82,54.25
ORD103155,25-10-2024,Flipkart,Beauty & Personal Care,Makeup,Lakme Makeup S792,Lakme,1,1332,1332,5,1265.4,UPI,Delivered,6,CUST6992,Alisha Borra,Female,42,Surat,Gujarat,2.4,,10.99,170.27
ORD100973,23-07-2025,Amazon,Beauty & Personal Care,Grooming,Philips Grooming Z171,Philips,3,5726,17178,0,17178,UPI,In Transit,5,CUST6439,Ahana  Dugar,Female,22,Pune,Maharashtra,4.3,,17.31,3459.05
ORD101710,30-03-2024,Flipkart,"Books, Sports & Gaming",Gaming,Microsoft Gaming X995,Microsoft,1,41428,41428,10,37285.2,Credit Card,Delivered,8,CUST6586,Myra Dhar,Female,26,Amritsar,Punjab,3,,11.98,10982.47
ORD103201,08-07-2024,Flipkart,Grocery,Essentials,Asus Essentials S997,Asus,4,2827,11308,20,9046.4,UPI,Delivered,8,CUST2718,Prerak Badal,Male,23,Pune,Maharashtra,2.6,,17.57,422.64
ORD104371,30-06-2023,Myntra,Personal Care,Fragrances,Patanjali Fragrances S719,Patanjali,3,2612,7836,5,7444.2,UPI,Delivered,11,CUST8086,Badal Rama,Male,34,New Delhi,Delhi,2.9,,11.56,1265.71
ORD104819,30-07-2023,Max,Men's Fashion,Winter Wear,LG Winter Wear X145,LG,2,2015,4030,20,3224,COD,Delivered,8,CUST6924,Baiju Acharya,Male,17,Mumbai,Maharashtra,2,,17.88,475.36
ORD101098,08-11-2023,Flipkart,"Books, Sports & Gaming",Books,Penguin Books S960,Penguin,4,1032,4128,5,3921.6,UPI,Delivered,6,CUST8976,Sumer Anne,Male,31,Chennai,Tamil Nadu,3.6,,8.96,698.59
ORD104161,28-08-2024,Amazon,Books,Stationery,LocalFarm Stationery Z844,LocalFarm,3,919,2757,10,2481.3,UPI,Delivered,4,CUST5430,Divit Bhatti,Male,16,Madurai,Tamil Nadu,4.3,,16.64,489.45
ORD102844,20-05-2024,Amazon,Groceries,Gourmet Foods,LocalFarm Gourmet Foods Z136,LocalFarm,3,783,2349,0,2349,Wallet,Delivered,4,CUST5923,Pari Chacko,Female,29,Chennai,Tamil Nadu,3.9,,6.13,133.36
ORD100886,13-08-2025,Myntra,Home & Living,Kitchenware,Prestige Kitchenware S414,Prestige,3,3771,11313,15,9616.05,Credit Card,Returned,1,CUST9128,Yasmin Soni,Female,34,Pune,Maharashtra,1,,4.21,2086.73
ORD104931,05-12-2024,Flipkart,Grocery,Fresh,Roadster Fresh Z725,Roadster,4,980,3920,0,3920,UPI,Cancelled,8,CUST6727,Charvi Warrior,Male,23,Surat,Gujarat,4,,13.87,291.33
ORD103678,03-06-2025,Max,Accessories,Seasonal,Ikea Seasonal S926,Ikea,1,3573,3573,5,3394.35,Wallet,Delivered,6,CUST4526,Onkar Balakrishnan,Male,37,Chennai,Tamil Nadu,2.9,,13.24,853.78
ORD104580,07-02-2023,Amazon,Baby Products,Diapers,Sony Diapers X545,Sony,3,3681,11043,5,10490.85,Credit Card,Delivered,10,CUST5037,Gatik Raju,Female,57,Mumbai,Maharashtra,3.5,,14.56,2664.84
ORD103566,28-05-2023,Flipkart,Grocery,Essentials,Voylla Essentials S742,Voylla,4,3179,12716,0,12716,UPI,In Transit,8,CUST3587,Kabir Setty,Male,29,Ahmedabad,Gujarat,3.5,,8.3,751.77
ORD104401,09-08-2025,Max,Women's Fashion,Winter Wear,Campus Sutra Winter Wear S607,Campus Sutra,3,2609,7827,15,6652.95,Debit Card,Returned,1,CUST6901,Kanav Sandhu,Female,64,Surat,Gujarat,1,Late delivery,13.4,1819.65
ORD100515,31-10-2024,Flipkart,Fashion,Footwear,Levis Footwear Z747,Levis,2,4541,9082,10,8173.8,UPI,Delivered,4,CUST7692,Pihu Gandhi,Female,19,Kozhikode,Kerala,2.4,,8.78,866.03
ORD104620,18-02-2023,Amazon,Electronics,Cameras,Sony Cameras Z680,Sony,1,95908,95908,0,95908,UPI,Delivered,11,CUST6562,Sana Johal,Male,19,Lucknow,Uttar Pradesh,3.7,,11.23,5235.16
ORD100737,15-09-2023,Amazon,Electronics,Cameras,Sony Cameras S400,Sony,1,24075,24075,20,19260,COD,Delivered,5,CUST7046,Tara Lalla,Male,58,New Delhi,Delhi,4.8,,9.65,1536.57
ORD101453,12-10-2025,Amazon,Books,Stationery,FabIndia Stationery M803,FabIndia,1,1974,1974,0,1974,Wallet,Delivered,4,CUST9563,Amani Sen,Female,22,New Delhi,Delhi,4.2,,14.86,384.49
ORD103971,06-09-2023,Myntra,Accessories,Watches,Fastrack Watches M167,Fastrack,1,4297,4297,10,3867.3,UPI,In Transit,11,CUST2021,Aniruddh Upadhyay,Female,54,Coimbatore,Tamil Nadu,2.5,,15.03,719.36
ORD104700,11-10-2023,Amazon,Electronics,Cameras,Nikon Cameras M814,Nikon,1,22466,22466,5,21342.7,UPI,Delivered,8,CUST5909,Dhruv Raj,Male,49,New Delhi,Delhi,4.1,,4.01,1127.53
ORD102506,12-11-2023,Amazon,Home & Kitchen,Appliances,LG Appliances S105,LG,1,16864,16864,10,15177.6,Wallet,Delivered,11,CUST2879,Elakshi Cherian,Female,57,New Delhi,Delhi,3.2,,17.06,4284.77
ORD102994,15-09-2023,Max,Kids' Fashion,Accessories,Portronics Accessories M697,Portronics,3,4015,12045,5,11442.75,UPI,Delivered,8,CUST2185,Ishaan Viswanathan,Female,64,Lucknow,Uttar Pradesh,2.4,,6.56,2240.34
ORD102126,26-01-2025,Flipkart,Grocery,Fresh,Microsoft Fresh X464,Microsoft,2,2050,4100,5,3895,Credit Card,Delivered,5,CUST1350,Mannat Borra,Male,64,Howrah,West Bengal,4.1,,10.91,152.96
ORD102926,03-04-2025,Amazon,Beauty & Personal Care,Grooming,Philips Grooming Z880,Philips,4,339,1356,10,1220.4,UPI,Delivered,2,CUST1198,Vivaan Zacharia,Female,31,Surat,Gujarat,2.7,,9.37,314.51
ORD104745,30-11-2024,Amazon,Baby Products,Apparel,Voylla Apparel S755,Voylla,1,5112,5112,15,4345.2,UPI,Delivered,5,CUST3907,Aniruddh Vasa,Male,19,Kolkata,West Bengal,4,,10.85,561.71
ORD100906,12-01-2025,Myntra,Footwear,Formal,Red Tape Formal X565,Red Tape,1,6561,6561,0,6561,UPI,Delivered,4,CUST7814,Drishya Raja,Male,38,Kolkata,West Bengal,2.2,,13.76,1943.07
ORD103647,19-04-2025,Amazon,Sports & Outdoors,Outdoor Gear,Decathlon Outdoor Gear X938,Decathlon,2,2638,5276,5,5012.2,UPI,Delivered,5,CUST1315,Ryan Dada,Female,49,Mumbai,Maharashtra,4.6,,4.28,1429.37
ORD101030,11-09-2023,Flipkart,"Books, Sports & Gaming",Sporting Goods,Nilkamal Sporting Goods X729,Nilkamal,4,3829,15316,10,13784.4,COD,Delivered,4,CUST8788,Anvi Shere,Male,27,Noida,Uttar Pradesh,2.9,,14.29,2378.34
ORD102507,21-08-2025,Myntra,Footwear,Formal,Red Tape Formal M557,Red Tape,1,1631,1631,0,1631,UPI,In Transit,5,CUST6161,Yakshit Bajwa,Male,17,Kolkata,West Bengal,2.3,,7.56,479.88
ORD102428,15-05-2025,Myntra,Personal Care,Skincare,Nilkamal Skincare Z789,Nilkamal,3,3152,9456,5,8983.2,UPI,Delivered,6,CUST7245,Himmat Gulati,Female,37,Ahmedabad,Gujarat,3.3,,4.28,2337.25
ORD100947,04-03-2023,Max,Kids' Fashion,Kids Apparel,LocalFarm Kids Apparel S314,LocalFarm,2,5386,10772,25,8079,UPI,Delivered,5,CUST6712,Abram Shanker,Female,17,Chennai,Tamil Nadu,2,,16.81,786.49
ORD103806,06-07-2024,Myntra,Clothing,Ethnic Wear,Biba Ethnic Wear S301,Biba,2,4936,9872,25,7404,COD,Delivered,7,CUST5193,Zaina Sandal,Male,45,Madurai,Tamil Nadu,1,,16.11,1467.97
ORD104754,02-07-2025,Flipkart,Electronics,Mobiles,Xiaomi Mobiles S408,Xiaomi,1,74395,74395,10,66955.5,UPI,Delivered,6,CUST6355,Kavya Borah,Female,22,Madurai,Tamil Nadu,3.1,,6.73,10626.55
ORD100715,01-09-2023,Amazon,Beauty & Personal Care,Healthcare,Patanjali Healthcare X217,Patanjali,3,412,1236,25,927,COD,Delivered,12,CUST7884,Hansh Dutt,Female,24,Bengaluru,Karnataka,4.1,,15.99,99.58
ORD104055,04-07-2025,Amazon,Fashion,Clothing,Roadster Clothing M993,Roadster,2,733,1466,15,1246.1,UPI,In Transit,6,CUST7577,Vidur Dhingra,Female,26,Mysuru,Karnataka,3.2,,10.21,323.37
ORD100686,09-09-2023,Flipkart,Beauty & Personal Care,Makeup,Loreal Makeup Z869,Loreal,1,3394,3394,0,3394,COD,Delivered,9,CUST9514,Jivin Sodhi,Female,16,New Delhi,Delhi,2.3,,16.44,619.94
ORD100703,07-12-2023,Amazon,Fashion,Bags,Wildcraft Bags S141,Wildcraft,2,7466,14932,25,11199,COD,Delivered,3,CUST5163,Aarav Thaker,Female,29,Kochi,Kerala,3,,15.43,2542.79
ORD103341,26-08-2023,Max,Men's Fashion,Winter Wear,Maybelline Winter Wear X184,Maybelline,2,328,656,30,459.2,COD,Delivered,3,CUST9024,Lavanya Seth,Male,56,Noida,Uttar Pradesh,2.2,,16.67,66.34
ORD102353,12-04-2023,Max,Women's Fashion,Dresses,3M Dresses X485,3M,4,4872,19488,5,18513.6,COD,Delivered,4,CUST7635,Zara Atwal,Female,18,New Delhi,Delhi,3.1,,5.58,3702.33
ORD102257,26-05-2023,Myntra,Footwear,Formal,Red Tape Formal Z859,Red Tape,4,7814,31256,5,29693.2,COD,Delivered,11,CUST6369,Zaina Varghese,Female,20,Bengaluru,Karnataka,3.2,,12.71,8085.09
ORD103551,19-10-2023,Amazon,Fashion,Watches,Fastrack Watches Z816,Fastrack,3,11689,35067,10,31560.3,Debit Card,Delivered,10,CUST3051,Pari Datta,Female,29,New Delhi,Delhi,3.7,,13.18,8541.44
ORD100473,17-09-2025,Flipkart,Grocery,Essentials,Patanjali Essentials M813,Patanjali,4,747,2988,15,2539.8,Credit Card,Delivered,4,CUST9090,Kaira D’Alia,Female,32,Ahmedabad,Gujarat,3.7,,5.12,174.56
ORD100021,30-06-2023,Myntra,Home & Living,Decor,Sony Decor Z262,Sony,1,2445,2445,25,1833.75,UPI,Delivered,10,CUST9270,Romil Kumer,Male,45,Kozhikode,Kerala,3.1,,12.58,436.87
ORD102752,03-06-2023,Myntra,Accessories,Wallets,Campus Sutra Wallets S780,Campus Sutra,4,1259,5036,0,5036,UPI,Delivered,6,CUST2248,Tejas Mahal,Female,31,Chennai,Tamil Nadu,1.8,,15.53,1018.4
ORD100885,06-03-2023,Amazon,Groceries,Essentials,Ikea Essentials X683,Ikea,1,4665,4665,20,3732,UPI,Delivered,7,CUST6606,Rati Cherian,Male,23,New Delhi,Delhi,5,,5.01,217.62
ORD102448,04-03-2025,Myntra,Home & Living,Decor,LG Decor M817,LG,4,3693,14772,30,10340.4,UPI,Delivered,2,CUST7637,Rania Kade,Female,62,New Delhi,Delhi,2.7,,16.79,962.3
ORD100917,17-02-2025,Flipkart,Grocery,Fresh,Maybelline Fresh S865,Maybelline,2,821,1642,5,1559.9,UPI,Delivered,1,CUST1034,Renee Mand,Male,39,Mumbai,Maharashtra,2.9,,14.33,104.91
ORD103757,23-01-2024,Amazon,Fashion,Clothing,Roadster Clothing M314,Roadster,4,778,3112,15,2645.2,Credit Card,Delivered,8,CUST2382,Eshani Ratti,Female,46,Mysuru,Karnataka,4.1,,5.65,494.76
ORD103751,14-07-2024,Myntra,Home & Living,Furnishings,Portico Furnishings X561,Portico,2,13446,26892,5,25547.4,COD,Delivered,5,CUST2172,Romil Behl,Male,34,Ludhiana,Punjab,2.2,,7.86,7424.37
ORD102239,03-03-2024,Flipkart,Grocery,Fresh,HomeTown Fresh X939,HomeTown,2,3550,7100,0,7100,UPI,Delivered,8,CUST7805,Ryan Deo,Female,38,Chennai,Tamil Nadu,3,,16.65,250.12
ORD103844,31-03-2024,Amazon,Sports & Outdoors,Sportswear,Adidas Sportswear M161,Adidas,3,7784,23352,15,19849.2,UPI,Delivered,6,CUST7056,Madhav Agrawal,Male,29,New Delhi,Delhi,3.6,,9.32,4076.45
ORD103395,05-04-2025,Flipkart,Grocery,Essentials,H&M Essentials S670,H&M,3,4752,14256,5,13543.2,Credit Card,Delivered,2,CUST6814,Shayak Gade,Female,20,Ahmedabad,Gujarat,3.3,,8.37,530.22
ORD101265,01-10-2023,Flipkart,Grocery,Fresh,Levis Fresh Z116,Levis,4,5421,21684,0,21684,COD,Delivered,3,CUST1377,Emir Sridhar,Male,21,Surat,Gujarat,2.4,,8.64,1730.22
ORD100483,31-05-2023,Myntra,Clothing,Western Wear,Campus Sutra Western Wear X376,Campus Sutra,3,6834,20502,10,18451.8,UPI,Cancelled,8,CUST9484,Tanya Dutt,Female,30,Kolkata,West Bengal,1.5,,8.22,2830.92
ORD104337,02-10-2024,Flipkart,"Books, Sports & Gaming",Sporting Goods,Xiaomi Sporting Goods X942,Xiaomi,2,1744,3488,5,3313.6,COD,Delivered,3,CUST1967,Sana Balasubramanian,Female,19,Mysuru,Karnataka,3.2,,17.99,926.8
ORD102963,02-03-2023,Flipkart,Grocery,Fresh,Maybelline Fresh M974,Maybelline,1,2421,2421,0,2421,Debit Card,Delivered,6,CUST7845,Badal Brahmbhatt,Female,30,Mumbai,Maharashtra,4.1,,15.57,113.71
ORD101219,07-09-2024,Amazon,Sports & Outdoors,Fitness,Decathlon Fitness X128,Decathlon,1,48489,48489,5,46064.55,UPI,Delivered,6,CUST4546,Aarav Kaul,Female,30,New Delhi,Delhi,4.5,,16.63,13079.29
ORD100277,30-08-2024,Amazon,Sports & Outdoors,Fitness,Decathlon Fitness S173,Decathlon,4,48345,193380,0,193380,UPI,Delivered,5,CUST9570,Indrajit Deshmukh,Female,38,Chennai,Tamil Nadu,3.8,,5.65,49807.5
ORD100988,07-06-2025,Amazon,Home & Kitchen,Home Decor,Home Centre Home Decor X547,Home Centre,1,2922,2922,0,2922,Wallet,Delivered,5,CUST7372,Indranil Thaman,Female,51,Kolkata,West Bengal,3.8,,9.58,537.28
ORD102084,16-02-2025,Flipkart,Beauty & Personal Care,Grooming,HUL Grooming S447,HUL,3,1653,4959,0,4959,Debit Card,Delivered,5,CUST5916,Nakul Dugal,Female,37,Surat,Gujarat,4,,16.57,521.66
ORD101245,17-09-2025,Myntra,Footwear,Casual,Sparx Casual S865,Sparx,3,845,2535,30,1774.5,Credit Card,Delivered,4,CUST6366,Aniruddh Dhingra,Female,39,Thiruvananthapuram,Kerala,2.7,,4.68,226.38
ORD102382,16-07-2025,Flipkart,"Books, Sports & Gaming",Sporting Goods,W Sporting Goods S753,W,3,2859,8577,5,8148.15,UPI,Delivered,4,CUST1887,Sumer Dash,Female,30,Noida,Uttar Pradesh,3.9,,8.11,772.02
ORD100571,12-04-2023,Max,Accessories,Bags,Baggit Bags S141,Baggit,1,6124,6124,0,6124,UPI,Delivered,5,CUST5015,Yashvi Dave,Male,63,Bengaluru,Karnataka,1.4,,13.66,1366.74
ORD101435,27-01-2023,Max,Kids' Fashion,Accessories,JBL Accessories M234,JBL,1,2903,2903,20,2322.4,COD,Delivered,7,CUST6652,Hunar Dewan,Male,37,Kanpur,Uttar Pradesh,1.8,,16.57,471.48
ORD100993,17-01-2024,Myntra,Personal Care,Skincare,HarperCollins Skincare Z579,HarperCollins,1,4465,4465,25,3348.75,UPI,Delivered,3,CUST7058,Nirvi Madan,Female,27,Kolkata,West Bengal,3,,8.14,483.55
ORD103930,14-07-2024,Amazon,Sports & Outdoors,Outdoor Gear,Sony Outdoor Gear M177,Sony,4,3866,15464,5,14690.8,UPI,Delivered,5,CUST4705,Nayantara Chaudhari,Female,16,Bengaluru,Karnataka,4.8,,11.5,3519.22
ORD103447,04-02-2024,Amazon,Fashion,Bags,Wildcraft Bags M941,Wildcraft,4,1470,5880,20,4704,UPI,Delivered,4,CUST3504,Miraya Swamy,Female,25,Madurai,Tamil Nadu,3.8,,17.18,502.72
ORD100585,02-04-2024,Flipkart,Fashion,Apparel,Samsung Apparel Z295,Samsung,1,4855,4855,15,4126.75,UPI,Delivered,3,CUST6871,Alia Thakur,Female,32,Kolkata,West Bengal,3.2,,5.69,774.19
ORD103658,25-11-2023,Myntra,Clothing,Kids Wear,LG Kids Wear M177,LG,2,5281,10562,0,10562,COD,Delivered,9,CUST3109,Yakshit Borra,Female,19,Ludhiana,Punjab,3.4,,10.02,1136.38
ORD102514,13-10-2024,Amazon,Electronics,Computers,Lenovo Computers M716,Lenovo,1,127315,127315,15,108217.75,Credit Card,Delivered,5,CUST2264,Tejas Dhingra,Male,63,Ahmedabad,Gujarat,4.3,,11.67,12980.51
ORD101349,18-07-2023,Flipkart,Home & Furniture,Decor,Sony Decor S989,Sony,3,1981,5943,0,5943,COD,Delivered,11,CUST7437,Neelofar Singhal,Female,25,Bengaluru,Karnataka,3.9,,6.09,1177.14
ORD101007,10-07-2023,Myntra,Accessories,Watches,Fastrack Watches S466,Fastrack,3,4894,14682,15,12479.7,COD,Delivered,8,CUST3839,Heer Arora,Female,16,Mumbai,Maharashtra,1.7,,17.4,1677.25
ORD100674,02-10-2023,Max,Kids' Fashion,Accessories,JBL Accessories M294,JBL,1,3354,3354,10,3018.6,COD,Delivered,9,CUST3281,Nishith Khurana,Male,25,Kolkata,West Bengal,2.4,,13.38,366.57
ORD102412,09-04-2023,Amazon,Sports & Outdoors,Fitness,HRX Fitness X737,HRX,4,16634,66536,10,59882.4,UPI,Delivered,3,CUST6786,Aayush Mammen,Male,36,Ludhiana,Punjab,3.8,,17.21,15724.72
ORD102903,04-10-2024,Flipkart,"Books, Sports & Gaming",Gaming,Microsoft Gaming S948,Microsoft,1,12426,12426,0,12426,Debit Card,Delivered,8,CUST7245,Bhavin Dash,Male,18,New Delhi,Delhi,3.7,,6.59,1535.01
ORD100447,26-02-2024,Myntra,Personal Care,Skincare,Tanishq Skincare Z260,Tanishq,2,3065,6130,0,6130,Credit Card,Delivered,6,CUST9222,Taimur Dyal,Male,16,New Delhi,Delhi,2.3,,13.96,838.41
ORD103834,29-11-2023,Flipkart,Beauty & Personal Care,Grooming,Philips Grooming M250,Philips,4,3561,14244,10,12819.6,COD,Delivered,6,CUST4108,Krish Mallick,Female,39,Bengaluru,Karnataka,2.5,,16.16,3732.11
ORD103758,19-09-2025,Amazon,Books,Stationery,Portronics Stationery M886,Portronics,1,1957,1957,0,1957,Credit Card,Delivered,4,CUST3047,Arhaan Kanda,Male,29,Surat,Gujarat,4.5,,13.16,310.99
ORD103703,18-02-2023,Amazon,Electronics,Televisions,LG Televisions X727,LG,1,34817,34817,15,29594.45,UPI,Delivered,11,CUST9240,Kartik Sahni,Male,25,Thiruvananthapuram,Kerala,3.9,,11.01,1830.16
ORD100359,13-10-2024,Flipkart,Automotive,Accessories,Portronics Accessories M712,Portronics,4,4333,17332,5,16465.4,COD,Delivered,6,CUST1008,Nehmat Bedi,Male,53,Mumbai,Maharashtra,2.8,,8.05,4838.49
ORD102064,25-10-2023,Amazon,Electronics,Mobiles,Realme Mobiles X992,Realme,1,38644,38644,5,36711.8,COD,Delivered,11,CUST1052,Advik Yadav,Female,29,Kolkata,West Bengal,4.3,,16.69,4199.95
ORD104449,23-01-2025,Amazon,Home & Kitchen,Appliances,IFB Appliances S687,IFB,1,4914,4914,5,4668.3,Debit Card,Cancelled,5,CUST6918,Kanav Shankar,Male,44,Mumbai,Maharashtra,3.9,,5.5,1081.71
ORD103810,13-04-2025,Flipkart,Grocery,Essentials,Campus Sutra Essentials X115,Campus Sutra,1,1386,1386,5,1316.7,COD,Delivered,4,CUST7301,Hridaan Chopra,Female,23,Nagpur,Maharashtra,3.4,,6.21,63.54
ORD101690,13-01-2023,Amazon,Beauty & Personal Care,Makeup,Lakme Makeup M546,Lakme,1,2370,2370,0,2370,COD,Delivered,11,CUST2020,Darshit Hora,Female,17,Bengaluru,Karnataka,3.9,,9.78,444.77
ORD104326,09-08-2024,Myntra,Home & Living,Kitchenware,Prestige Kitchenware S635,Prestige,3,2707,8121,5,7714.95,UPI,Delivered,2,CUST9289,Zain Loyal,Female,44,Jaipur,Rajasthan,1.8,,12.81,1982.19
ORD101548,31-12-2023,Flipkart,Home & Furniture,Kitchen Appliances,Home Centre Kitchen Appliances X130,Home Centre,4,4466,17864,20,14291.2,UPI,Delivered,10,CUST6834,Nishith Atwal,Female,49,Kolkata,West Bengal,2.8,,9.8,2743.54
ORD101247,08-05-2025,Amazon,Baby Products,Diapers,Sony Diapers Z933,Sony,4,4018,16072,0,16072,UPI,Delivered,4,CUST1674,Damini Bhatnagar,Female,60,Chennai,Tamil Nadu,4.9,,10.22,2393.05
ORD101985,28-04-2024,Amazon,Fashion,Shoes,Bata Shoes Z153,Bata,1,2148,2148,10,1933.2,COD,Delivered,4,CUST9277,Shanaya Chatterjee,Female,18,Ahmedabad,Gujarat,3.6,,7.58,481.36
ORD100294,05-01-2023,Max,Accessories,Seasonal,JBL Seasonal X415,JBL,4,4500,18000,40,10800,Credit Card,Delivered,12,CUST8847,Jivin Dugar,Female,35,Noida,Uttar Pradesh,2.1,,8.74,1130.86
ORD101547,26-11-2024,Flipkart,Home & Furniture,Decor,Wildcraft Decor M461,Wildcraft,1,3203,3203,0,3203,COD,Delivered,2,CUST6972,Saanvi Dube,Male,57,New Delhi,Delhi,4.2,,4.78,455.6
ORD102012,21-05-2024,Amazon,Baby Products,Diapers,Samsung Diapers Z302,Samsung,2,892,1784,0,1784,UPI,Delivered,4,CUST8162,Chirag Sabharwal,Male,50,Pune,Maharashtra,4.4,,12.07,312.45
ORD100588,26-06-2023,Amazon,Home & Kitchen,Home Decor,FabIndia Home Decor Z147,FabIndia,2,390,780,0,780,COD,Delivered,12,CUST1560,Faiyaz Verma,Female,49,Kolkata,West Bengal,3.7,,8.64,214.92
ORD103329,10-08-2024,Max,Plus Size,Plus Bottoms,BigBasket Plus Bottoms X259,BigBasket,1,4887,4887,0,4887,UPI,Returned,7,CUST9944,Tarini Seshadri,Male,25,Mumbai,Maharashtra,1.8,Defective,5.42,1145.65
ORD102403,06-07-2023,Amazon,Sports & Outdoors,Fitness,Decathlon Fitness X692,Decathlon,4,38175,152700,5,145065,COD,Delivered,7,CUST6814,Armaan Bawa,Male,19,Coimbatore,Tamil Nadu,4.1,,15.81,27821.56
ORD102129,10-12-2024,Amazon,Baby Products,Apparel,Himalaya Apparel S155,Himalaya,4,537,2148,20,1718.4,Credit Card,Delivered,3,CUST8936,Anaya Korpal,Female,43,Mangalore,Karnataka,3,,15.73,338.84
ORD104388,02-09-2024,Flipkart,Electronics,Mobiles,OnePlus Mobiles S333,OnePlus,1,25892,25892,10,23302.8,COD,Delivered,8,CUST2537,Navya Sur,Male,22,Coimbatore,Tamil Nadu,3,,5.55,3826.84
ORD102410,08-03-2023,Amazon,Sports & Outdoors,Fitness,Decathlon Fitness X382,Decathlon,2,30113,60226,5,57214.7,COD,Delivered,4,CUST4755,Madhup Lal,Male,17,Howrah,West Bengal,3.8,,4.35,9306.9
ORD102719,07-05-2024,Amazon,Home & Kitchen,Home Decor,Home Centre Home Decor S597,Home Centre,2,7414,14828,0,14828,Debit Card,Delivered,6,CUST5414,Ojas Doshi,Female,29,Bengaluru,Karnataka,4.2,,17.25,1849.93
ORD100425,02-07-2025,Flipkart,"Books, Sports & Gaming",Books,Penguin Books Z226,Penguin,3,766,2298,0,2298,UPI,Delivered,1,CUST2388,Kartik Mall,Female,29,Coimbatore,Tamil Nadu,3.9,,5.42,432.6
ORD102582,30-03-2024,Max,Kids' Fashion,Kids Shoes,Asus Kids Shoes M128,Asus,2,5071,10142,15,8620.7,Credit Card,Delivered,8,CUST1292,Anika Barman,Male,23,Amritsar,Punjab,2,,4.89,1777.61
ORD101054,05-01-2025,Myntra,Personal Care,Fragrances,Xiaomi Fragrances S718,Xiaomi,4,520,2080,15,1768,UPI,Returned,1,CUST2920,Raghav Gole,Male,45,Madurai,Tamil Nadu,1.1,,8.36,488.7
ORD103966,13-03-2024,Flipkart,Automotive,Accessories,JBL Accessories M393,JBL,3,2163,6489,25,4866.75,COD,Delivered,2,CUST8248,Ryan Batra,Male,44,Mumbai,Maharashtra,3.5,,8.3,716.82
ORD104562,11-10-2025,Amazon,Home & Kitchen,Furniture,Ikea Furniture Z171,Ikea,4,7872,31488,5,29913.6,UPI,Delivered,5,CUST1672,Madhup Dada,Male,21,Kolkata,West Bengal,3.3,,6.77,5430.07
ORD100556,20-05-2024,Flipkart,Home & Furniture,Kitchen Appliances,Xiaomi Kitchen Appliances S864,Xiaomi,4,491,1964,5,1865.8,COD,Delivered,8,CUST5947,Jivin Gala,Female,34,Kozhikode,Kerala,3.6,,17.72,181.6
ORD104358,30-09-2025,Myntra,Personal Care,Haircare,Roadster Haircare Z513,Roadster,1,4339,4339,0,4339,Credit Card,Returned,1,CUST6972,Devansh Varma,Female,17,Pune,Maharashtra,2.1,Size issue,12.84,712.54
ORD103938,02-12-2023,Amazon,Fashion,Jewelry,Tanishq Jewelry M294,Tanishq,3,11993,35979,30,25185.3,COD,Delivered,10,CUST1214,Sara Bera,Female,26,Pune,Maharashtra,3.6,,17.64,7514.16
ORD104712,16-07-2025,Amazon,Fashion,Watches,Fastrack Watches S550,Fastrack,4,10505,42020,20,33616,UPI,Delivered,1,CUST4330,Hazel Kothari,Male,15,Madurai,Tamil Nadu,2.9,,15,8382.01
ORD102469,05-02-2024,Amazon,Groceries,Gourmet Foods,Xiaomi Gourmet Foods Z640,Xiaomi,4,1846,7384,5,7014.8,UPI,Delivered,5,CUST7601,Zaina Thakur,Male,37,Pune,Maharashtra,5,,7.79,218.73
ORD104710,17-07-2023,Flipkart,Fashion,Footwear,Realme Footwear Z112,Realme,2,2315,4630,10,4167,COD,Returned,6,CUST8881,Navya Gopal,Male,20,Chennai,Tamil Nadu,2.6,Late delivery,16.35,403.46
ORD100355,22-10-2024,Amazon,Fashion,Shoes,Adidas Shoes S949,Adidas,1,7679,7679,15,6527.15,Credit Card,Cancelled,7,CUST1310,Drishya Mandal,Female,43,Mysuru,Karnataka,4.3,,17.11,780.28
ORD101193,21-05-2025,Amazon,Beauty & Personal Care,Makeup,Loreal Makeup Z472,Loreal,1,273,273,20,218.4,UPI,Returned,2,CUST7938,Baiju Char,Female,20,Pune,Maharashtra,4.1,Defective,16.67,48.76
ORD101716,15-08-2023,Myntra,Home & Living,Decor,Patanjali Decor S309,Patanjali,4,2063,8252,5,7839.4,COD,In Transit,5,CUST6802,Jayant Mangat,Male,34,Pune,Maharashtra,2,,4.3,729.86
ORD103416,04-09-2023,Flipkart,Grocery,Fresh,BigBasket Fresh X111,BigBasket,3,834,2502,20,2001.6,UPI,Delivered,5,CUST8684,Pranay Warrior,Female,49,Kolkata,West Bengal,3.2,,6.69,159.51
ORD102604,16-05-2025,Max,Accessories,Seasonal,Nike Seasonal M673,Nike,1,1864,1864,10,1677.6,UPI,Delivered,3,CUST2202,Vihaan Swaminathan,Female,16,Noida,Uttar Pradesh,2.3,,5.75,186.72
ORD104129,14-09-2024,Myntra,Footwear,Sports,Realme Sports Z223,Realme,1,2809,2809,30,1966.3,UPI,Delivered,5,CUST4878,Nakul Bala,Male,20,Mumbai,Maharashtra,1.9,,8.6,563.15
ORD102828,17-01-2024,Myntra,Home & Living,Decor,Patanjali Decor X672,Patanjali,2,2949,5898,5,5603.1,COD,Returned,6,CUST8100,Sana Doctor,Female,46,Mangalore,Karnataka,1.4,Other,15.69,1417.15
ORD101704,08-04-2025,Amazon,Books,Books,HarperCollins Books Z407,HarperCollins,2,1658,3316,15,2818.6,COD,Delivered,5,CUST9243,Neysa Sen,Male,61,Pune,Maharashtra,4.5,,6.75,251.27
ORD102863,05-03-2025,Amazon,Home & Kitchen,Appliances,LG Appliances X272,LG,1,51786,51786,5,49196.7,Wallet,Delivered,5,CUST1413,Reyansh Desai,Female,22,Kolkata,West Bengal,4.7,,12.51,10620.71
ORD102618,29-01-2025,Amazon,Fashion,Bags,Wildcraft Bags M976,Wildcraft,3,5670,17010,15,14458.5,UPI,Delivered,2,CUST5219,Stuvan Chakrabarti,Female,17,New Delhi,Delhi,4.3,,6.61,1372.15
ORD102400,08-07-2024,Amazon,Home & Kitchen,Home Decor,Home Centre Home Decor X645,Home Centre,2,4369,8738,15,7427.3,UPI,Delivered,5,CUST4750,Eva Khurana,Female,37,Surat,Gujarat,4.5,,9.79,1318.28
ORD102139,28-09-2024,Amazon,Baby Products,Diapers,LG Diapers X275,LG,2,2592,5184,0,5184,COD,Delivered,3,CUST4961,Bhamini Koshy,Female,18,New Delhi,Delhi,4.3,,5.53,1008.02
ORD103239,04-01-2025,Amazon,Books,Books,Penguin Books X658,Penguin,3,1325,3975,25,2981.25,UPI,Delivered,1,CUST7496,Aaryahi Virk,Female,24,Bengaluru,Karnataka,5,,14.41,260.86
ORD102383,04-01-2025,Flipkart,Home & Furniture,Decor,Xiaomi Decor X334,Xiaomi,2,4756,9512,10,8560.8,UPI,Delivered,4,CUST9604,Tiya Chana,Male,41,New Delhi,Delhi,2.8,,11.59,1928.42
ORD103218,25-05-2024,Amazon,Electronics,Mobiles,Apple Mobiles X750,Apple,1,61927,61927,15,52637.95,Credit Card,Delivered,7,CUST5874,Chirag Bhandari,Male,24,New Delhi,Delhi,3.8,,5.21,2990.49
ORD103935,23-12-2024,Amazon,Home & Kitchen,Appliances,IFB Appliances S796,IFB,1,40790,40790,10,36711,COD,Delivered,3,CUST2365,Damini Deshmukh,Female,43,Chennai,Tamil Nadu,4.7,,14.82,7995.06
ORD101285,27-12-2023,Max,Plus Size,Plus Bottoms,Samsung Plus Bottoms S343,Samsung,3,1806,5418,20,4334.4,UPI,Delivered,8,CUST4506,Samar Chauhan,Female,22,Ahmedabad,Gujarat,2.4,,16.26,703.47
ORD103796,05-01-2024,Myntra,Personal Care,Haircare,Loreal Haircare X469,Loreal,1,4028,4028,0,4028,UPI,Delivered,6,CUST1777,Zain Sura,Female,37,Amritsar,Punjab,1.8,,11.48,486.68
ORD104894,12-03-2024,Amazon,Home & Kitchen,Appliances,IFB Appliances Z113,IFB,1,23837,23837,10,21453.3,UPI,Delivered,5,CUST4590,Nehmat Bawa,Male,29,Noida,Uttar Pradesh,4.6,,16.19,4854.46
ORD104468,12-11-2023,Max,Accessories,Bags,Baggit Bags X921,Baggit,3,2998,8994,0,8994,UPI,Returned,4,CUST6745,Shaan Halder,Female,41,Surat,Gujarat,1.5,Other,13.96,989.31
ORD102087,30-12-2024,Amazon,Home & Kitchen,Furniture,Ikea Furniture X423,Ikea,4,8301,33204,10,29883.6,Credit Card,Delivered,3,CUST4905,Nishith Kumer,Female,41,Kolkata,West Bengal,3.3,,12.95,3413.23
ORD101889,01-12-2024,Amazon,Baby Products,Feeding Supplies,IFB Feeding Supplies M754,IFB,4,3010,12040,10,10836,UPI,In Transit,6,CUST1224,Riaan Mane,Male,39,Mysuru,Karnataka,4.6,,15.21,2122.94
ORD104622,05-12-2024,Flipkart,Automotive,Spare Parts,Prestige Spare Parts X279,Prestige,2,7103,14206,5,13495.7,UPI,Delivered,2,CUST9938,Romil Bakshi,Female,35,Surat,Gujarat,3.5,,15.55,2760.92
ORD101591,21-08-2024,Max,Women's Fashion,Bottoms,Nike Bottoms X391,Nike,3,2667,8001,10,7200.9,UPI,Delivered,6,CUST7500,Priyansh Chad,Male,40,Noida,Uttar Pradesh,2.5,,17.46,1674.5
ORD101346,11-11-2023,Flipkart,Fashion,Apparel,Nike Apparel Z260,Nike,3,799,2397,40,1438.2,UPI,Delivered,7,CUST4189,Mohanlal Mane,Female,42,New Delhi,Delhi,2.5,,11.17,272.16
ORD104431,09-09-2023,Amazon,Electronics,Cameras,Sony Cameras S730,Sony,1,50473,50473,5,47949.35,COD,Delivered,5,CUST4236,Stuvan Sampath,Male,25,Mumbai,Maharashtra,5,,7.73,5749.97
ORD102162,08-06-2025,Amazon,Beauty & Personal Care,Grooming,Philips Grooming S267,Philips,2,4617,9234,0,9234,UPI,Delivered,5,CUST6982,Jayant Dutta,Male,23,Bengaluru,Karnataka,4.2,,12.67,2553.35
ORD102396,24-10-2024,Flipkart,Fashion,Apparel,Lenovo Apparel X247,Lenovo,4,2282,9128,5,8671.6,UPI,Delivered,3,CUST8885,Samarth Koshy,Female,33,Jaipur,Rajasthan,3.3,,13.53,1652.02
ORD104768,04-01-2023,Myntra,Footwear,Formal,Red Tape Formal Z600,Red Tape,1,3816,3816,10,3434.4,UPI,Delivered,8,CUST2340,Nirvi Virk,Female,19,Surat,Gujarat,2.8,,9.67,336.06
ORD102271,05-01-2023,Flipkart,Automotive,Spare Parts,Levis Spare Parts X379,Levis,1,6268,6268,5,5954.6,Credit Card,Cancelled,9,CUST7982,Akarsh Saini,Female,51,Chennai,Tamil Nadu,3.3,,12.71,1067.25
ORD104490,07-11-2023,Amazon,Fashion,Jewelry,Tanishq Jewelry Z848,Tanishq,3,2599,7797,15,6627.45,COD,Returned,12,CUST8463,Kabir Chandra,Female,39,Pune,Maharashtra,3.4,,9.09,881.09
ORD103111,22-08-2023,Myntra,Personal Care,Fragrances,Decathlon Fragrances Z863,Decathlon,3,4144,12432,30,8702.4,UPI,Returned,7,CUST2204,Jayan Bala,Male,45,Kochi,Kerala,3.4,Defective,17.89,713.58
ORD101137,11-09-2024,Amazon,Beauty & Personal Care,Makeup,Loreal Makeup X566,Loreal,4,1683,6732,20,5385.6,Debit Card,Delivered,6,CUST4018,Saira Sibal,Male,25,Chennai,Tamil Nadu,2.9,,8.15,603.41
ORD103895,01-09-2025,Flipkart,Fashion,Accessories,Portronics Accessories M933,Portronics,4,1809,7236,30,5065.2,UPI,Delivered,6,CUST8455,Anaya Goswami,Male,16,Surat,Gujarat,2.9,,12.09,691.52
ORD100972,27-02-2025,Flipkart,Electronics,Home Electronics,Biba Home Electronics S908,Biba,4,2793,11172,10,10054.8,Wallet,Delivered,2,CUST6320,Shanaya Gaba,Male,53,Noida,Uttar Pradesh,3.7,,16.42,1152.22
ORD100795,24-11-2024,Myntra,Accessories,Watches,Fastrack Watches X312,Fastrack,3,6708,20124,5,19117.8,Credit Card,Delivered,2,CUST2941,Kiara Jha,Male,53,Kolkata,West Bengal,1.6,,4.62,1779.25
ORD103020,17-08-2025,Max,Plus Size,Plus Bottoms,Hawkins Plus Bottoms X637,Hawkins,2,555,1110,0,1110,UPI,Delivered,5,CUST5403,Vedika Bhagat,Female,40,Bengaluru,Karnataka,3.5,,8.07,194.42
ORD101711,17-05-2023,Flipkart,Automotive,Spare Parts,Samsung Spare Parts X190,Samsung,1,11576,11576,5,10997.2,COD,Delivered,9,CUST2341,Hiran Behl,Male,59,Kolkata,West Bengal,4.3,,4.24,2056.01
ORD103387,20-04-2023,Amazon,Home & Kitchen,Furniture,Nilkamal Furniture Z737,Nilkamal,3,36969,110907,5,105361.65,COD,Delivered,3,CUST9382,Kavya Sarkar,Male,32,Lucknow,Uttar Pradesh,4.1,,12.04,29375.04
ORD100036,22-08-2024,Flipkart,Automotive,Spare Parts,Sony Spare Parts Z985,Sony,3,5772,17316,0,17316,COD,Delivered,7,CUST6153,Chirag Chacko,Female,28,Bengaluru,Karnataka,4.2,,11.7,3117.95
ORD100453,14-08-2025,Amazon,Fashion,Jewelry,Tanishq Jewelry X472,Tanishq,2,32856,65712,15,55855.2,Wallet,Delivered,4,CUST3031,Taran Rout,Female,17,Amritsar,Punjab,4.1,,13.1,6194.25
ORD100913,15-11-2024,Flipkart,Electronics,Mobiles,Apple Mobiles X481,Apple,1,11711,11711,5,11125.45,Debit Card,Delivered,2,CUST3487,Misha Ram,Male,16,Pune,Maharashtra,1.9,,15.46,677.34
ORD104081,30-04-2023,Max,Accessories,Shoes,Nike Shoes X651,Nike,4,1816,7264,10,6537.6,Wallet,Delivered,4,CUST9688,Ehsaan Thakur,Male,41,Pune,Maharashtra,1.1,,15.19,1675.55
ORD101199,12-10-2024,Myntra,Accessories,Bags,Wildcraft Bags X419,Wildcraft,4,1177,4708,15,4001.8,UPI,Delivered,7,CUST6627,Nirvi Sibal,Male,48,Mumbai,Maharashtra,1.2,,13.76,324.43
ORD101274,17-09-2025,Myntra,Accessories,Jewelry,Voylla Jewelry M897,Voylla,4,16225,64900,25,48675,Credit Card,Delivered,5,CUST6826,Dishani Lanka,Female,51,Kolkata,West Bengal,1.5,,7.14,10459.69
ORD102375,23-03-2024,Myntra,Personal Care,Fragrances,Tanishq Fragrances M124,Tanishq,4,1261,5044,0,5044,UPI,Delivered,3,CUST4198,Samarth Chhabra,Male,18,Mangalore,Karnataka,1.7,,11.49,1367.22
ORD100037,10-06-2024,Myntra,Clothing,Kids Wear,Campus Sutra Kids Wear X129,Campus Sutra,2,3147,6294,20,5035.2,UPI,In Transit,4,CUST8178,Prerak Tandon,Female,16,Noida,Uttar Pradesh,1.6,,11.69,1430.44
ORD100974,05-10-2024,Amazon,Books,Stationery,Samsung Stationery S305,Samsung,1,2045,2045,0,2045,UPI,Delivered,5,CUST8508,Kaira Batta,Male,27,Pune,Maharashtra,4.5,,11.86,291.79
ORD103195,07-03-2023,Myntra,Clothing,Western Wear,Campus Sutra Western Wear S992,Campus Sutra,1,2145,2145,25,1608.75,COD,Delivered,4,CUST3999,Yashvi Saraf,Male,39,Pune,Maharashtra,2.5,,8.8,282
ORD100983,13-04-2023,Myntra,Home & Living,Decor,Nilkamal Decor X113,Nilkamal,2,534,1068,20,854.4,COD,Delivered,12,CUST2313,Himmat Dubey,Male,52,Pune,Maharashtra,2.6,,12.46,248.42
ORD103904,26-11-2024,Amazon,Books,Books,HarperCollins Books S154,HarperCollins,1,1520,1520,10,1368,Credit Card,Delivered,7,CUST9640,Hansh Tella,Male,39,Kolkata,West Bengal,3.8,,10.26,242.13
ORD104069,12-06-2024,Myntra,Footwear,Formal,Red Tape Formal Z649,Red Tape,4,3115,12460,10,11214,UPI,Delivered,3,CUST3912,Renee Gopal,Male,59,Bengaluru,Karnataka,1.5,,11.2,2629.62
ORD101418,16-03-2024,Amazon,Home & Kitchen,Kitchenware,Hawkins Kitchenware M400,Hawkins,3,2949,8847,0,8847,Credit Card,Delivered,8,CUST9876,Urvi Sharma,Female,43,Coimbatore,Tamil Nadu,3,,11.26,1911.88
ORD103332,11-06-2023,Amazon,Baby Products,Apparel,HRX Apparel Z843,HRX,2,1571,3142,10,2827.8,Credit Card,Delivered,7,CUST5876,Darshit Savant,Female,19,Bengaluru,Karnataka,4.2,,10.16,313.52
ORD101560,14-04-2023,Amazon,Books,Stationery,Dell Stationery M231,Dell,3,1978,5934,20,4747.2,Credit Card,Delivered,10,CUST9027,Shanaya Rout,Male,41,Surat,Gujarat,4.7,,17.93,485.83
ORD100039,29-05-2023,Amazon,Home & Kitchen,Furniture,Nilkamal Furniture M440,Nilkamal,4,21712,86848,10,78163.2,COD,Returned,7,CUST3434,Divit Ganguly,Female,44,Chennai,Tamil Nadu,4.2,Other,17.98,14672.86
ORD101486,17-02-2024,Amazon,Groceries,Essentials,Maybelline Essentials Z827,Maybelline,1,3388,3388,15,2879.8,UPI,Delivered,4,CUST7636,Advik Konda,Female,40,Surat,Gujarat,5,,14.18,203.91
ORD103883,27-04-2024,Flipkart,"Books, Sports & Gaming",Sporting Goods,IFB Sporting Goods Z560,IFB,2,515,1030,20,824,UPI,Delivered,5,CUST5964,Manjari Sheth,Female,23,Mangalore,Karnataka,2.8,,13.13,123.51
ORD100169,14-03-2025,Amazon,Beauty & Personal Care,Healthcare,Himalaya Healthcare X955,Himalaya,2,780,1560,5,1482,UPI,Delivered,6,CUST1044,Armaan Bala,Male,44,Mumbai,Maharashtra,3.6,,17.06,226.35
ORD101355,05-01-2023,Myntra,Clothing,Ethnic Wear,FabIndia Ethnic Wear M402,FabIndia,3,2019,6057,0,6057,UPI,Returned,10,CUST1593,Vritika Chakraborty,Male,38,Mumbai,Maharashtra,1.8,Late delivery,7.38,1397.94
ORD102785,25-04-2024,Max,Women's Fashion,Tops,Red Tape Tops S343,Red Tape,2,1397,2794,10,2514.6,UPI,Delivered,7,CUST6469,Prisha Cherian,Female,65,Kolkata,West Bengal,2.3,,14.96,356.17
ORD103632,02-11-2023,Amazon,Home & Kitchen,Kitchenware,Prestige Kitchenware Z404,Prestige,4,6874,27496,0,27496,COD,Delivered,7,CUST9821,Nirvi Shankar,Female,25,Pune,Maharashtra,5,,5.44,4762.85
ORD104748,07-04-2023,Myntra,Home & Living,Kitchenware,Prestige Kitchenware Z873,Prestige,3,4535,13605,30,9523.5,COD,Returned,10,CUST9867,Arhaan Bobal,Female,44,Pune,Maharashtra,1,Late delivery,12.87,1068.62
ORD104004,16-05-2024,Amazon,Books,Books,HarperCollins Books S285,HarperCollins,4,776,3104,0,3104,COD,Delivered,7,CUST4677,Shamik Bobal,Female,29,Surat,Gujarat,4.1,,4.32,417.2
ORD102682,22-01-2023,Flipkart,Electronics,Computers,HP Computers X599,HP,1,164977,164977,5,156728.15,Credit Card,Returned,7,CUST2415,Samiha Ganesh,Male,26,New Delhi,Delhi,2.5,Other,16.22,25879.59
ORD104704,15-12-2023,Amazon,Beauty & Personal Care,Grooming,Philips Grooming Z928,Philips,2,2010,4020,5,3819,UPI,Delivered,5,CUST6548,Vritika Cheema,Male,20,New Delhi,Delhi,5,,16.95,877.41
ORD104025,07-06-2025,Amazon,Electronics,Cameras,Sony Cameras Z516,Sony,1,19015,19015,15,16162.75,Wallet,In Transit,4,CUST9632,Vanya Bajaj,Female,28,Ahmedabad,Gujarat,3.4,,7.69,1145.05
ORD101640,10-02-2025,Amazon,Books,Books,Penguin Books X415,Penguin,4,434,1736,0,1736,UPI,Delivered,4,CUST3045,Yashvi Kulkarni,Female,45,Mangalore,Karnataka,4.5,,8.75,251.41
ORD101290,24-11-2024,Amazon,Beauty & Personal Care,Grooming,Philips Grooming X176,Philips,3,3217,9651,5,9168.45,COD,Delivered,6,CUST6659,Alisha Madan,Female,57,Howrah,West Bengal,3.7,,5.2,1164.38
ORD101380,03-12-2024,Flipkart,Home & Furniture,Household Essentials,Samsung Household Essentials X769,Samsung,3,3725,11175,0,11175,UPI,Delivered,8,CUST2949,Prerak Badami,Female,32,New Delhi,Delhi,2.9,,12.21,1621.02
ORD101933,04-05-2025,Myntra,Clothing,Kids Wear,Baggit Kids Wear Z157,Baggit,2,443,886,0,886,UPI,Delivered,1,CUST5584,Nitara Gara,Female,16,Bengaluru,Karnataka,2.3,,11.93,97.13
ORD100579,04-07-2024,Amazon,Groceries,Fresh Produce,BigBasket Fresh Produce M806,BigBasket,3,1686,5058,10,4552.2,Credit Card,Delivered,6,CUST5017,Hridaan Sane,Female,17,New Delhi,Delhi,3,,6.8,156.6
ORD104220,03-12-2024,Myntra,Clothing,Western Wear,Campus Sutra Western Wear Z165,Campus Sutra,3,4213,12639,15,10743.15,UPI,Delivered,4,CUST3807,Riya Borah,Female,52,Chennai,Tamil Nadu,1.6,,17.64,2205.12
ORD103160,12-05-2025,Myntra,Home & Living,Decor,HRX Decor X489,HRX,1,1297,1297,15,1102.45,Wallet,Delivered,5,CUST8071,Anahita Dora,Male,43,Kolkata,West Bengal,2,,5.54,194.82
ORD102030,30-09-2025,Flipkart,Home & Furniture,Kitchen Appliances,Wildcraft Kitchen Appliances X374,Wildcraft,3,5066,15198,0,15198,COD,Delivered,4,CUST6080,Abram Mannan,Female,18,Kozhikode,Kerala,3.6,,9.05,1525.2
ORD100892,05-08-2024,Myntra,Footwear,Formal,Red Tape Formal Z457,Red Tape,4,6938,27752,5,26364.4,UPI,Delivered,5,CUST6144,Arhaan Kanda,Male,26,Ahmedabad,Gujarat,1.7,,7.29,2563.67
ORD103951,12-03-2025,Amazon,Sports & Outdoors,Outdoor Gear,Prestige Outdoor Gear M770,Prestige,1,2898,2898,10,2608.2,Credit Card,Delivered,3,CUST1839,Shayak Kakar,Female,18,Chennai,Tamil Nadu,3.2,,12.51,392.82
ORD100780,15-06-2024,Myntra,Personal Care,Haircare,Lilliput Haircare Z773,Lilliput,4,1627,6508,20,5206.4,UPI,Delivered,5,CUST2478,Sana Gaba,Female,61,Chennai,Tamil Nadu,2.6,,4.46,579.67
ORD100159,24-05-2025,Flipkart,Fashion,Apparel,LG Apparel M533,LG,4,2712,10848,30,7593.6,Wallet,Delivered,2,CUST1138,Zara Johal,Male,35,Bengaluru,Karnataka,2.7,,13.06,1611.75
ORD100002,22-08-2023,Myntra,Clothing,Ethnic Wear,Biba Ethnic Wear M963,Biba,3,1790,5370,10,4833,UPI,Delivered,4,CUST7216,Inaaya  Comar,Female,29,Mysuru,Karnataka,1.7,,14.21,560.38
ORD102263,12-12-2024,Myntra,Home & Living,Decor,Only Decor S302,Only,4,3014,12056,10,10850.4,UPI,Delivered,6,CUST8255,Krish Khurana,Male,60,Thiruvananthapuram,Kerala,1.8,,9.31,2836.76
ORD103216,30-03-2025,Myntra,Personal Care,Haircare,Samsung Haircare S325,Samsung,1,673,673,40,403.8,UPI,In Transit,4,CUST6331,Dishani Batta,Female,27,Noida,Uttar Pradesh,1.4,,12.68,74.16
ORD102109,07-02-2024,Amazon,Electronics,Cameras,Canon Cameras S369,Canon,1,21531,21531,10,19377.9,Credit Card,Delivered,8,CUST9767,Gatik Gola,Male,39,Mumbai,Maharashtra,3.5,,16.72,1036.19
ORD100849,14-03-2025,Myntra,Home & Living,Decor,Hawkins Decor X548,Hawkins,1,771,771,5,732.45,UPI,Delivered,3,CUST5253,Yashvi Chauhan,Male,28,Chennai,Tamil Nadu,2,,17.53,164.09
ORD102737,13-08-2023,Amazon,Groceries,Fresh Produce,LocalFarm Fresh Produce S120,LocalFarm,2,946,1892,5,1797.4,COD,Delivered,6,CUST1185,Aarush Balan,Female,63,Pune,Maharashtra,4.4,,5.56,77.57
ORD102466,12-12-2023,Max,Plus Size,Plus Tops,JBL Plus Tops Z317,JBL,4,2971,11884,0,11884,Credit Card,Delivered,10,CUST2283,Rati Chad,Female,31,Bengaluru,Karnataka,2.4,,17.44,2870.87
ORD103650,26-09-2023,Amazon,Beauty & Personal Care,Makeup,Maybelline Makeup S682,Maybelline,1,1300,1300,20,1040,Credit Card,Delivered,3,CUST5703,Nitara Deol,Female,35,Mumbai,Maharashtra,4.2,,4.59,184.89
ORD101596,31-01-2023,Amazon,Home & Kitchen,Home Decor,FabIndia Home Decor X346,FabIndia,4,5724,22896,20,18316.8,COD,Delivered,10,CUST3924,Prisha Madan,Female,45,Kolkata,West Bengal,3.9,,4.56,4085.81
ORD101776,21-08-2024,Amazon,Books,Books,Penguin Books X305,Penguin,4,381,1524,0,1524,COD,Delivered,6,CUST8936,Rati Soman,Male,60,Kanpur,Uttar Pradesh,3.9,,13.69,208.18
ORD101913,28-11-2024,Myntra,Clothing,Kids Wear,Nilkamal Kids Wear Z923,Nilkamal,1,2011,2011,5,1910.45,Wallet,Delivered,8,CUST2165,Anahita Master,Female,25,Ahmedabad,Gujarat,2.2,,4.99,361.83
ORD101043,17-01-2023,Max,Plus Size,Plus Bottoms,Biba Plus Bottoms Z390,Biba,4,1689,6756,5,6418.2,Wallet,Delivered,6,CUST1629,Aradhya Rattan,Male,29,New Delhi,Delhi,3.5,,17.45,839.38
ORD104713,14-08-2023,Amazon,Sports & Outdoors,Outdoor Gear,Dell Outdoor Gear X747,Dell,3,886,2658,10,2392.2,Credit Card,Delivered,9,CUST3758,Kabir Trivedi,Male,32,Chennai,Tamil Nadu,3.9,,7.02,444.3
ORD101544,05-03-2023,Flipkart,Beauty & Personal Care,Makeup,Maybelline Makeup M854,Maybelline,3,1669,5007,15,4255.95,UPI,Delivered,12,CUST4552,Priyansh Kanda,Female,25,Chennai,Tamil Nadu,3.6,,16.31,450.47
ORD102736,28-08-2024,Max,Plus Size,Plus Bottoms,Tanishq Plus Bottoms X396,Tanishq,2,326,652,5,619.4,COD,Delivered,7,CUST4092,Sumer Loyal,Male,44,Kolkata,West Bengal,1.5,,15.38,167.76
ORD103706,04-10-2023,Amazon,Fashion,Shoes,Bata Shoes S252,Bata,3,1854,5562,10,5005.8,COD,Delivered,4,CUST8556,Miraan Tandon,Male,65,Noida,Uttar Pradesh,3.3,,7.51,836.45
ORD104617,05-06-2025,Amazon,Groceries,Essentials,Samsung Essentials M582,Samsung,4,601,2404,10,2163.6,UPI,Returned,5,CUST6788,Vardaniya Walia,Male,37,Bengaluru,Karnataka,3.4,Size issue,12.61,123.87
ORD100053,23-03-2025,Myntra,Home & Living,Kitchenware,Prestige Kitchenware Z198,Prestige,4,3346,13384,15,11376.4,UPI,Returned,4,CUST2494,Aarna Badami,Male,22,Howrah,West Bengal,2.2,Defective,13.62,2097.11
ORD101796,09-12-2023,Amazon,Home & Kitchen,Kitchenware,Hawkins Kitchenware M236,Hawkins,3,5250,15750,0,15750,Wallet,Delivered,10,CUST7305,Nayantara Balasubramanian,Male,15,Mangalore,Karnataka,4.2,,9.29,4054.37
ORD101911,13-11-2023,Flipkart,Electronics,Mobiles,Xiaomi Mobiles S469,Xiaomi,1,7778,7778,10,7000.2,COD,Delivered,9,CUST9773,Siya Vaidya,Male,47,Kolkata,West Bengal,3.5,,11.4,542.08
ORD102306,20-06-2024,Flipkart,"Books, Sports & Gaming",Gaming,Microsoft Gaming S820,Microsoft,1,25919,25919,0,25919,COD,Delivered,4,CUST6477,Faiyaz Bath,Male,22,Jaipur,Rajasthan,2.7,,14.89,5400.96
ORD102553,21-12-2023,Max,Accessories,Bags,Wildcraft Bags S566,Wildcraft,1,6786,6786,10,6107.4,Wallet,Delivered,5,CUST7619,Amira Chadha,Female,26,New Delhi,Delhi,2.7,,12.41,834.57
ORD102800,10-02-2024,Flipkart,Automotive,Accessories,JBL Accessories S792,JBL,4,3333,13332,0,13332,UPI,Returned,5,CUST2247,Ojas Ahluwalia,Male,26,Chennai,Tamil Nadu,2.1,Late delivery,9.85,3302.78
ORD104086,22-05-2024,Flipkart,Grocery,Fresh,3M Fresh X317,3M,3,1016,3048,0,3048,UPI,Delivered,7,CUST8700,Aarna Dyal,Male,37,Amritsar,Punjab,3.6,,16.29,157.88
ORD104127,15-04-2025,Amazon,Baby Products,Diapers,Home Centre Diapers M921,Home Centre,4,1997,7988,15,6789.8,UPI,In Transit,2,CUST3500,Yashvi Keer,Male,60,New Delhi,Delhi,4.3,,4.43,1976.74
ORD100824,11-11-2024,Amazon,Home & Kitchen,Kitchenware,Prestige Kitchenware X495,Prestige,2,7602,15204,15,12923.4,UPI,Returned,6,CUST5176,Shalv Bobal,Male,27,New Delhi,Delhi,5,Late delivery,17.47,3384.31
ORD104733,01-08-2024,Amazon,Beauty & Personal Care,Healthcare,Himalaya Healthcare S881,Himalaya,3,1469,4407,20,3525.6,UPI,Delivered,5,CUST2968,Ira Dalal,Female,22,Noida,Uttar Pradesh,5,,14.12,972.45
ORD103178,14-12-2024,Amazon,Electronics,Cameras,Sony Cameras S129,Sony,1,84711,84711,20,67768.8,COD,Delivered,7,CUST2263,Anya Sur,Male,28,Surat,Gujarat,4.6,,15.13,3993.02
ORD103401,24-01-2023,Amazon,Home & Kitchen,Appliances,Samsung Appliances S744,Samsung,1,24294,24294,5,23079.3,UPI,Delivered,3,CUST1510,Jayesh Chokshi,Female,60,Jaipur,Rajasthan,4,,6.51,6239.26
ORD101389,06-09-2023,Amazon,Electronics,Mobiles,Xiaomi Mobiles M212,Xiaomi,1,59719,59719,25,44789.25,Credit Card,Delivered,7,CUST5139,Riaan Suresh,Male,24,Noida,Uttar Pradesh,4.2,,14.95,4059.8
ORD103564,03-11-2024,Myntra,Clothing,Kids Wear,Campus Sutra Kids Wear X558,Campus Sutra,2,1976,3952,15,3359.2,COD,Returned,8,CUST5227,Ivan Sehgal,Female,25,Ahmedabad,Gujarat,1.4,Changed mind,12.29,540.81
ORD104876,23-06-2025,Flipkart,Home & Furniture,Kitchen Appliances,Roadster Kitchen Appliances X700,Roadster,4,2018,8072,0,8072,UPI,In Transit,3,CUST4340,Pihu Kala,Male,43,Thiruvananthapuram,Kerala,3.2,,17.53,1288.59
ORD100884,27-04-2025,Amazon,Baby Products,Feeding Supplies,FabIndia Feeding Supplies M495,FabIndia,1,3875,3875,5,3681.25,COD,Delivered,4,CUST7542,Devansh Keer,Female,24,Bengaluru,Karnataka,4.6,,11.12,526.79
ORD103805,25-09-2025,Flipkart,Beauty & Personal Care,Grooming,HUL Grooming S148,HUL,2,2613,5226,0,5226,UPI,Delivered,4,CUST3928,Yasmin Tata,Male,21,Chennai,Tamil Nadu,3.5,,7.44,849.27
ORD101607,31-03-2023,Flipkart,Fashion,Accessories,Boat Accessories S780,Boat,4,2920,11680,15,9928,COD,Delivered,4,CUST8835,Raghav De,Female,48,Noida,Uttar Pradesh,1.8,,7.94,2119.11
ORD101594,25-03-2025,Amazon,Fashion,Watches,Fastrack Watches S251,Fastrack,2,1254,2508,10,2257.2,UPI,Delivered,5,CUST5107,Yuvaan Suresh,Female,49,Kanpur,Uttar Pradesh,4.1,,7.3,271.47
ORD100771,16-09-2024,Amazon,Baby Products,Feeding Supplies,Roadster Feeding Supplies X303,Roadster,1,1091,1091,10,981.9,COD,Delivered,6,CUST8884,Nirvi Walla,Female,53,Ahmedabad,Gujarat,4.8,,5.04,258.36
ORD102611,28-06-2023,Myntra,Personal Care,Skincare,HP Skincare M154,HP,4,3776,15104,30,10572.8,COD,Delivered,5,CUST3282,Emir Solanki,Female,49,Noida,Uttar Pradesh,1.7,,10.95,1452.22
ORD104661,23-03-2025,Flipkart,Automotive,Spare Parts,FabIndia Spare Parts Z216,FabIndia,2,10076,20152,10,18136.8,Credit Card,Returned,2,CUST2241,Kanav Mane,Female,61,Kolkata,West Bengal,3.9,Size issue,9.26,5020.43
ORD102273,10-09-2023,Max,Plus Size,Plus Bottoms,HUL Plus Bottoms Z444,HUL,4,4238,16952,5,16104.4,COD,Delivered,7,CUST8635,Emir Dixit,Female,35,Pune,Maharashtra,2.8,,4.68,3424.78
ORD101868,23-04-2023,Amazon,Beauty & Personal Care,Healthcare,Patanjali Healthcare M161,Patanjali,3,1020,3060,0,3060,COD,Delivered,3,CUST4004,Prisha Borra,Female,32,Bengaluru,Karnataka,3.7,,4.17,527.7
ORD101085,21-02-2024,Max,Plus Size,Plus Tops,Red Tape Plus Tops Z162,Red Tape,1,3358,3358,5,3190.1,Wallet,In Transit,6,CUST3521,Emir Sha,Male,61,Noida,Uttar Pradesh,3.5,,8.18,912.54
ORD100010,04-06-2025,Flipkart,Electronics,Mobiles,OnePlus Mobiles X865,OnePlus,1,67172,67172,10,60454.8,UPI,Delivered,5,CUST1958,Ira Vala,Male,54,Ahmedabad,Gujarat,2.8,,6.66,4733.68
ORD103611,26-09-2023,Amazon,Fashion,Clothing,Only Clothing Z278,Only,2,731,1462,0,1462,Debit Card,Delivered,11,CUST4096,Badal Gera,Male,22,Chennai,Tamil Nadu,3.9,,16.25,313.64
ORD101325,21-10-2023,Amazon,Fashion,Bags,Wildcraft Bags Z900,Wildcraft,4,1427,5708,30,3995.6,COD,Delivered,5,CUST3519,Vritika Kumar,Female,30,Noida,Uttar Pradesh,4.1,,5.76,549.69
ORD103390,16-02-2024,Amazon,Baby Products,Diapers,Prestige Diapers Z620,Prestige,4,1008,4032,15,3427.2,UPI,Delivered,3,CUST7965,Kiaan Som,Female,29,Bengaluru,Karnataka,3.9,,16.83,569.6
ORD101463,05-01-2023,Amazon,Fashion,Shoes,Bata Shoes Z845,Bata,2,1321,2642,20,2113.6,Credit Card,Delivered,5,CUST1989,Pari Karpe,Female,18,Ahmedabad,Gujarat,2.4,,14.57,357.96
ORD100806,13-11-2024,Amazon,Home & Kitchen,Home Decor,Home Centre Home Decor Z780,Home Centre,4,913,3652,10,3286.8,COD,Delivered,7,CUST9268,Heer Datta,Female,35,Pune,Maharashtra,4.4,,6.31,747.72
ORD104260,01-03-2024,Myntra,Accessories,Wallets,HRX Wallets S634,HRX,3,3447,10341,10,9306.9,UPI,In Transit,2,CUST7205,Sahil Dara,Female,17,Noida,Uttar Pradesh,2.6,,16.12,1802.22
ORD103985,19-01-2023,Flipkart,Grocery,Fresh,HUL Fresh S451,HUL,1,3457,3457,15,2938.45,UPI,Delivered,5,CUST8682,Zara Babu,Female,37,Chennai,Tamil Nadu,2.8,,13.96,168.69
ORD103771,24-10-2024,Amazon,Baby Products,Feeding Supplies,Samsung Feeding Supplies M420,Samsung,3,1949,5847,5,5554.65,COD,Delivered,8,CUST5344,Manjari Dua,Male,22,Vadodara,Gujarat,4.2,,13.97,1482.23
ORD102108,14-11-2024,Flipkart,Fashion,Apparel,Campus Apparel M193,Campus,4,5268,21072,5,20018.4,Credit Card,Delivered,4,CUST4767,Jiya Gour,Male,24,Bengaluru,Karnataka,2.4,,17.67,3118.97
ORD104235,08-11-2023,Amazon,Home & Kitchen,Kitchenware,Hawkins Kitchenware M650,Hawkins,4,1802,7208,10,6487.2,COD,Delivered,4,CUST3493,Samarth Butala,Female,15,Amritsar,Punjab,4.6,,12.57,1454.21
ORD104956,10-08-2024,Amazon,Baby Products,Feeding Supplies,HUL Feeding Supplies X948,HUL,1,3871,3871,15,3290.35,COD,Delivered,6,CUST6574,Tanya Babu,Female,29,New Delhi,Delhi,2.6,,15.33,320.74
ORD102234,04-01-2025,Max,Men's Fashion,Shirts,Sony Shirts X718,Sony,4,5182,20728,30,14509.6,UPI,Delivered,6,CUST8971,Vanya Balasubramanian,Female,18,Mumbai,Maharashtra,1.4,,16.76,2480.12
ORD103211,28-05-2024,Flipkart,"Books, Sports & Gaming",Sporting Goods,Lakme Sporting Goods S934,Lakme,1,3054,3054,0,3054,COD,Delivered,7,CUST8795,Jivin Maharaj,Male,44,Howrah,West Bengal,3,,11.37,827.3
ORD100963,23-02-2024,Amazon,Baby Products,Feeding Supplies,Home Centre Feeding Supplies X274,Home Centre,2,1570,3140,5,2983,UPI,Delivered,5,CUST2809,Neelofar Maharaj,Female,31,New Delhi,Delhi,4.3,,4.52,308.05
ORD103415,04-10-2025,Max,Men's Fashion,Bottoms,Samsung Bottoms M738,Samsung,3,1544,4632,25,3474,Debit Card,Returned,4,CUST9390,Rhea Goswami,Male,54,Ahmedabad,Gujarat,2.4,Changed mind,10.39,1039.14
ORD103753,27-05-2025,Flipkart,Electronics,Computers,HP Computers M973,HP,1,125103,125103,5,118847.85,UPI,Delivered,2,CUST4447,Samarth Dalal,Female,65,Kanpur,Uttar Pradesh,3.4,,4.84,13445.76
ORD100398,01-03-2023,Myntra,Personal Care,Haircare,Himalaya Haircare Z823,Himalaya,1,4114,4114,20,3291.2,COD,Delivered,7,CUST2912,Vaibhav Walla,Male,26,Kolkata,West Bengal,2.2,,13.28,380.18
ORD102632,09-06-2025,Flipkart,Fashion,Footwear,Home Centre Footwear M366,Home Centre,1,688,688,10,619.2,UPI,Delivered,4,CUST7858,Anahi Barad,Male,30,Chennai,Tamil Nadu,3.5,,9.16,55.41
ORD104851,28-10-2024,Amazon,Books,Books,HarperCollins Books X618,HarperCollins,4,659,2636,10,2372.4,UPI,Delivered,8,CUST2687,Gatik Contractor,Male,26,Mysuru,Karnataka,4.2,,8.15,386.14
ORD102996,24-10-2024,Amazon,Groceries,Essentials,Boat Essentials M490,Boat,4,1227,4908,5,4662.6,COD,In Transit,7,CUST2675,Mahika Apte,Female,32,Pune,Maharashtra,5,,11.89,177.37
ORD100704,16-08-2023,Max,Plus Size,Plus Tops,Bata Plus Tops M898,Bata,1,4681,4681,0,4681,Credit Card,Delivered,11,CUST1838,Mehul Grover,Female,16,Chennai,Tamil Nadu,3.2,,14.73,1185.97
ORD100431,28-04-2024,Amazon,Fashion,Bags,Wildcraft Bags M315,Wildcraft,3,2167,6501,0,6501,COD,Delivered,4,CUST9664,Lakshay Chokshi,Male,57,Ahmedabad,Gujarat,3.6,,9.05,1678.61
ORD100292,19-03-2025,Amazon,Baby Products,Diapers,Sony Diapers X424,Sony,2,1959,3918,5,3722.1,UPI,Delivered,3,CUST3514,Damini Wable,Female,31,Pune,Maharashtra,4.4,,13.91,1038.6
ORD104867,30-01-2023,Myntra,Accessories,Watches,Titan Watches M185,Titan,2,7350,14700,20,11760,UPI,Returned,10,CUST9136,Zain Sampath,Female,61,New Delhi,Delhi,2.9,Late delivery,12.76,1733.28
ORD100145,29-01-2023,Myntra,Accessories,Wallets,Hawkins Wallets S921,Hawkins,3,938,2814,0,2814,COD,Cancelled,10,CUST4300,Nehmat Tella,Male,61,Kolkata,West Bengal,1.2,,4.01,793.37
ORD104393,17-01-2025,Myntra,Personal Care,Haircare,HRX Haircare Z331,HRX,2,2224,4448,15,3780.8,UPI,Delivered,1,CUST4113,Tarini Bhagat,Male,15,Noida,Uttar Pradesh,1.9,,17.84,842.94
ORD102033,29-12-2023,Myntra,Accessories,Jewelry,Tanishq Jewelry S110,Tanishq,2,31175,62350,30,43645,UPI,Delivered,12,CUST9813,Uthkarsh Zacharia,Male,20,Noida,Uttar Pradesh,1.9,,13.43,6811.71
ORD104283,16-04-2025,Amazon,Home & Kitchen,Kitchenware,Hawkins Kitchenware M445,Hawkins,1,6866,6866,5,6522.7,UPI,Delivered,3,CUST9144,Kavya Malhotra,Male,32,Mumbai,Maharashtra,4.3,,15.85,1131.18
ORD101165,09-10-2025,Amazon,Home & Kitchen,Furniture,Nilkamal Furniture Z123,Nilkamal,3,28076,84228,0,84228,UPI,Delivered,5,CUST4481,Hrishita Arora,Male,62,Kozhikode,Kerala,4.3,,6.85,25135.93
ORD103500,26-08-2024,Flipkart,Fashion,Apparel,Biba Apparel Z353,Biba,4,462,1848,40,1108.8,UPI,Delivered,5,CUST1780,Anika Dugal,Female,17,Pune,Maharashtra,2.3,,14.38,231.18
ORD102050,03-06-2024,Myntra,Clothing,Western Wear,Campus Sutra Western Wear S368,Campus Sutra,3,6237,18711,15,15904.35,UPI,Delivered,4,CUST3793,Kabir Tailor,Female,16,Kozhikode,Kerala,1.9,,14.02,3216.88
ORD102624,13-10-2024,Amazon,Baby Products,Feeding Supplies,Puma Feeding Supplies M939,Puma,2,3727,7454,5,7081.3,UPI,Delivered,3,CUST7532,Stuvan Varty,Male,30,Ahmedabad,Gujarat,4.4,,5.79,1419.6
ORD104378,10-06-2024,Amazon,Electronics,Computers,HP Computers S414,HP,1,112785,112785,0,112785,COD,Delivered,2,CUST8553,Aarna Suri,Male,51,Noida,Uttar Pradesh,4,,11.84,13046.35
ORD100339,27-04-2024,Amazon,Baby Products,Feeding Supplies,LocalFarm Feeding Supplies Z625,LocalFarm,1,2149,2149,0,2149,Credit Card,Delivered,5,CUST5764,Rohan Basu,Male,27,Mumbai,Maharashtra,4.7,,14.32,453.62
ORD103879,15-10-2025,Flipkart,"Books, Sports & Gaming",Books,HarperCollins Books X299,HarperCollins,3,1852,5556,15,4722.6,UPI,Delivered,6,CUST1816,Kabir Dutta,Male,18,Thiruvananthapuram,Kerala,2.4,,4.21,962.34
ORD104632,15-09-2023,Amazon,Home & Kitchen,Appliances,IFB Appliances S314,IFB,1,41557,41557,10,37401.3,COD,Delivered,8,CUST7710,Prerak Buch,Female,23,Chennai,Tamil Nadu,4.3,,16.07,5626.04
ORD102973,10-08-2023,Amazon,Beauty & Personal Care,Makeup,Lakme Makeup S169,Lakme,1,1315,1315,0,1315,UPI,Delivered,7,CUST1614,Indrans Sura,Male,45,Lucknow,Uttar Pradesh,4.5,,14.08,250.14
ORD100265,19-04-2025,Flipkart,Home & Furniture,Decor,Sony Decor Z807,Sony,4,4921,19684,0,19684,UPI,Delivered,3,CUST8917,Ayesha Kara,Male,15,Surat,Gujarat,2.1,,4.47,1738.69
ORD102424,05-01-2024,Amazon,Beauty & Personal Care,Makeup,Loreal Makeup S332,Loreal,1,2855,2855,20,2284,Debit Card,Delivered,5,CUST4136,Arnav Desai,Female,28,Chennai,Tamil Nadu,4.4,,17.69,472.97
ORD101262,19-08-2025,Flipkart,Grocery,Fresh,Adidas Fresh S263,Adidas,3,4044,12132,20,9705.6,Debit Card,In Transit,1,CUST2528,Anaya Sidhu,Female,28,Mumbai,Maharashtra,4.1,,17.75,475.83
ORD101771,07-09-2023,Myntra,Clothing,Western Wear,Campus Sutra Western Wear M361,Campus Sutra,4,2828,11312,0,11312,UPI,Delivered,6,CUST2320,Ayesha Kothari,Female,44,Bengaluru,Karnataka,1.2,,14.87,2148.32
ORD103511,07-08-2025,Amazon,Home & Kitchen,Home Decor,Home Centre Home Decor X500,Home Centre,3,5762,17286,0,17286,COD,Delivered,5,CUST6780,Umang Butala,Female,59,Pune,Maharashtra,3.8,,4.87,1414.34
ORD100271,22-11-2024,Myntra,Home & Living,Furnishings,Home Centre Furnishings X708,Home Centre,3,8440,25320,20,20256,Credit Card,Returned,2,CUST4163,Alisha Walia,Female,33,Mumbai,Maharashtra,1,Changed mind,7.07,2882.94
ORD100696,08-08-2023,Flipkart,Automotive,Accessories,Boat Accessories Z281,Boat,3,964,2892,5,2747.4,COD,In Transit,3,CUST3488,Trisha Arya,Male,33,Ludhiana,Punjab,3.6,,16.55,784.55
ORD100747,13-09-2025,Amazon,Beauty & Personal Care,Grooming,Philips Grooming X204,Philips,2,1844,3688,0,3688,Debit Card,Delivered,5,CUST4829,Rhea Dalal,Male,38,Surat,Gujarat,3.9,,5.91,332.46
ORD100244,10-02-2023,Flipkart,Grocery,Essentials,Portico Essentials S502,Portico,3,4526,13578,0,13578,COD,Delivered,11,CUST9202,Ela Varghese,Male,27,Pune,Maharashtra,3.8,,13.05,468.74
ORD100317,04-12-2024,Flipkart,"Books, Sports & Gaming",Books,HarperCollins Books S759,HarperCollins,2,1856,3712,5,3526.4,UPI,Delivered,2,CUST1477,Bhamini Bansal,Male,15,Bengaluru,Karnataka,3.8,,6.83,493.68
ORD100476,02-04-2024,Myntra,Home & Living,Kitchenware,Prestige Kitchenware Z161,Prestige,4,7817,31268,10,28141.2,Credit Card,Delivered,4,CUST4373,Urvi Goswami,Male,41,Surat,Gujarat,2.1,,15.7,3751.86
ORD102032,07-08-2023,Amazon,Fashion,Bags,Baggit Bags Z749,Baggit,4,6107,24428,25,18321,COD,Delivered,10,CUST3646,Mishti Swaminathan,Female,15,Kochi,Kerala,4.3,,17.76,3796.87
ORD100957,11-10-2023,Flipkart,"Books, Sports & Gaming",Books,HarperCollins Books S276,HarperCollins,3,2006,6018,5,5717.1,COD,In Transit,10,CUST4039,Miraan Golla,Female,27,Mangalore,Karnataka,3,,15.79,1455.34
ORD103816,02-11-2023,Amazon,Sports & Outdoors,Fitness,HRX Fitness Z197,HRX,4,25069,100276,10,90248.4,Credit Card,Delivered,5,CUST9550,Adira Karnik,Female,21,Pune,Maharashtra,4.2,,7.8,15822.26
ORD100813,15-02-2024,Flipkart,Grocery,Essentials,Home Centre Essentials S815,Home Centre,3,2581,7743,15,6581.55,COD,Delivered,3,CUST5342,Tiya Sengupta,Male,29,Madurai,Tamil Nadu,2.9,,16.87,403.64
ORD104532,29-06-2024,Max,Accessories,Seasonal,Sony Seasonal X968,Sony,2,957,1914,20,1531.2,UPI,Delivered,4,CUST9501,Siya Mallick,Male,23,Mumbai,Maharashtra,2.6,,14.17,367.21
ORD101914,10-05-2024,Max,Plus Size,Plus Tops,Nilkamal Plus Tops Z707,Nilkamal,2,3951,7902,0,7902,UPI,Delivered,2,CUST5161,Aaryahi Garg,Male,42,Noida,Uttar Pradesh,2.8,,9.26,1350.65
ORD104602,05-04-2024,Myntra,Personal Care,Fragrances,Lakme Fragrances S358,Lakme,2,5578,11156,0,11156,UPI,Delivered,5,CUST1608,Saksham D’Alia,Male,23,Chennai,Tamil Nadu,2.3,,16.13,1252.63
ORD103487,08-02-2024,Flipkart,Fashion,Apparel,Canon Apparel Z527,Canon,3,4912,14736,5,13999.2,COD,Delivered,7,CUST6113,Drishya Rau,Female,28,Amritsar,Punjab,2.7,,4.14,3208.51
ORD101297,02-01-2023,Flipkart,Automotive,Spare Parts,Philips Spare Parts X594,Philips,1,12724,12724,0,12724,COD,Delivered,11,CUST3365,Shlok Bala,Female,30,Kolkata,West Bengal,3,,7.32,2319.68
ORD104030,16-01-2025,Amazon,Sports & Outdoors,Sportswear,Nike Sportswear M775,Nike,4,2456,9824,15,8350.4,UPI,Returned,2,CUST1119,Oorja Lanka,Female,22,Pune,Maharashtra,3,Other,14.65,1539.4
ORD101804,23-07-2025,Max,Kids' Fashion,Kids Shoes,Titan Kids Shoes M713,Titan,1,2409,2409,5,2288.55,UPI,Delivered,2,CUST9343,Zaina Dhawan,Female,54,Howrah,West Bengal,2.2,,10.4,590.26
ORD100758,11-07-2024,Max,Plus Size,Plus Tops,Nike Plus Tops S558,Nike,1,602,602,0,602,UPI,Delivered,8,CUST6651,Uthkarsh Tara,Male,51,New Delhi,Delhi,1.6,,5.85,113.82
ORD100250,11-01-2025,Myntra,Accessories,Jewelry,Voylla Jewelry S918,Voylla,2,28479,56958,15,48414.3,Credit Card,Delivered,5,CUST8616,Jhanvi Chacko,Female,26,Ahmedabad,Gujarat,2.1,,6.71,5132.19
ORD102461,25-09-2023,Max,Accessories,Bags,Wildcraft Bags Z719,Wildcraft,1,995,995,5,945.25,UPI,Returned,6,CUST1270,Parinaaz Kanda,Male,56,Surat,Gujarat,3.7,Other,5.61,96.87
ORD100545,01-07-2023,Max,Kids' Fashion,Accessories,JBL Accessories S819,JBL,2,3424,6848,10,6163.2,UPI,Delivered,5,CUST7318,Jivika Rau,Female,30,Pune,Maharashtra,3,,4.51,1624.86
ORD103241,17-06-2025,Flipkart,Automotive,Accessories,Portronics Accessories S293,Portronics,1,2923,2923,15,2484.55,UPI,Delivered,6,CUST6384,Faiyaz Basak,Male,45,Mumbai,Maharashtra,3.7,,6.69,254.44
ORD100738,16-07-2023,Max,Women's Fashion,Dresses,Nilkamal Dresses M842,Nilkamal,3,3117,9351,40,5610.6,UPI,In Transit,6,CUST3923,Pari Shukla,Female,23,Howrah,West Bengal,2.2,,11.79,1067.21
ORD100310,22-04-2024,Amazon,Baby Products,Diapers,Roadster Diapers Z541,Roadster,1,4777,4777,0,4777,UPI,Delivered,4,CUST5965,Heer Dhar,Female,43,Noida,Uttar Pradesh,4.6,,4.5,568.04
ORD103780,09-04-2025,Amazon,Books,Stationery,Maybelline Stationery M831,Maybelline,1,702,702,0,702,COD,Delivered,3,CUST9011,Jayesh Tank,Female,50,New Delhi,Delhi,3.9,,12.37,118.86
ORD102941,31-07-2024,Max,Kids' Fashion,Kids Apparel,Wildcraft Kids Apparel S172,Wildcraft,3,1668,5004,10,4503.6,COD,Delivered,7,CUST6436,Nakul Bhatnagar,Female,42,Kanpur,Uttar Pradesh,3,,9.65,861.82
ORD101131,09-07-2025,Max,Women's Fashion,Tops,Adidas Tops M613,Adidas,4,4186,16744,10,15069.6,UPI,Returned,1,CUST2998,Vihaan Bawa,Female,59,Jaipur,Rajasthan,2.2,Other,4.55,2173.57
ORD101449,28-12-2024,Flipkart,"Books, Sports & Gaming",Sporting Goods,Roadster Sporting Goods M200,Roadster,1,520,520,10,468,UPI,Delivered,5,CUST9474,Dharmajan Grover,Male,22,Kozhikode,Kerala,2.8,,9.9,119.76
ORD104919,05-06-2023,Myntra,Home & Living,Kitchenware,Hawkins Kitchenware S436,Hawkins,1,6402,6402,10,5761.8,COD,Delivered,12,CUST5358,Divit Kanda,Male,45,Ahmedabad,Gujarat,2.6,,10.83,979.3
ORD100015,11-05-2023,Amazon,Books,Books,Penguin Books S854,Penguin,1,887,887,5,842.65,Debit Card,Delivered,6,CUST3900,Ira Shroff,Female,22,Noida,Uttar Pradesh,4.2,,16.1,166.12
ORD103232,29-08-2025,Max,Accessories,Seasonal,Lilliput Seasonal S911,Lilliput,2,3149,6298,5,5983.1,Credit Card,Delivered,5,CUST9751,Madhup Kala,Female,45,Bengaluru,Karnataka,2.9,,14.86,965.27
ORD102769,17-10-2023,Amazon,Books,Stationery,Lilliput Stationery S358,Lilliput,1,1662,1662,0,1662,COD,Delivered,6,CUST4704,Heer Wadhwa,Male,25,Pune,Maharashtra,4.2,,16.1,168.37
ORD103468,22-06-2024,Flipkart,Automotive,Spare Parts,Campus Sutra Spare Parts M374,Campus Sutra,3,12148,36444,5,34621.8,Credit Card,Delivered,8,CUST9926,Vidur Deo,Male,45,Mumbai,Maharashtra,3,,12.65,6692.91
ORD100920,14-04-2025,Flipkart,Beauty & Personal Care,Makeup,Maybelline Makeup S201,Maybelline,4,695,2780,5,2641,UPI,Delivered,1,CUST3569,Zaina Thakur,Female,45,Bengaluru,Karnataka,3.4,,6.17,505.18
ORD103029,28-12-2024,Amazon,Books,Books,HarperCollins Books X128,HarperCollins,2,1013,2026,5,1924.7,COD,Delivered,6,CUST3355,Tushar Bhatnagar,Female,42,Noida,Uttar Pradesh,4.1,,12.24,167.43
ORD101372,30-04-2023,Flipkart,Beauty & Personal Care,Grooming,Philips Grooming M600,Philips,2,1113,2226,5,2114.7,COD,Delivered,8,CUST4725,Samar Dugal,Female,34,Vadodara,Gujarat,2.7,,11.95,397
ORD103587,03-10-2023,Flipkart,Automotive,Spare Parts,Samsung Spare Parts X208,Samsung,2,6818,13636,5,12954.2,COD,Delivered,11,CUST4293,Mahika Mandal,Male,46,Noida,Uttar Pradesh,3.6,,12.38,3393.89
ORD102544,18-04-2025,Flipkart,Home & Furniture,Kitchen Appliances,Red Tape Kitchen Appliances X268,Red Tape,2,784,1568,5,1489.6,Debit Card,In Transit,2,CUST3743,Madhup Thaman,Female,26,Kolkata,West Bengal,3.7,,15.17,342.16
ORD103598,09-06-2025,Amazon,Fashion,Bags,Baggit Bags M263,Baggit,2,4687,9374,20,7499.2,Credit Card,Delivered,1,CUST7677,Zoya Taneja,Male,28,Chennai,Tamil Nadu,4.6,,16.35,2233.57
ORD100038,23-09-2025,Flipkart,Automotive,Accessories,Boat Accessories Z664,Boat,4,744,2976,25,2232,Debit Card,Delivered,2,CUST8905,Mehul Sarma,Female,15,Amritsar,Punjab,2.2,,11.12,312.82
ORD100363,01-08-2025,Myntra,Footwear,Casual,Campus Casual Z274,Campus,2,3533,7066,40,4239.6,COD,Delivered,5,CUST7489,Oorja Amble,Female,53,Pune,Maharashtra,2,,6.93,522.06
ORD104101,30-06-2025,Amazon,Fashion,Shoes,Bata Shoes X338,Bata,3,7043,21129,10,19016.1,UPI,Delivered,1,CUST5159,Kiara Sahni,Female,44,Surat,Gujarat,3.7,,10.33,2091.48
ORD100182,01-02-2024,Flipkart,Automotive,Spare Parts,Nike Spare Parts M559,Nike,2,10835,21670,10,19503,Debit Card,Delivered,7,CUST4218,Hunar Lall,Female,23,Kolkata,West Bengal,3.1,,12.24,4728.68
ORD103033,08-11-2024,Flipkart,Beauty & Personal Care,Grooming,HUL Grooming M731,HUL,3,3298,9894,0,9894,Debit Card,Delivered,8,CUST1023,Romil Varughese,Female,34,Mangalore,Karnataka,1.8,,17.05,1423.15
ORD102983,20-01-2025,Flipkart,Electronics,Mobiles,OnePlus Mobiles X389,OnePlus,1,81763,81763,0,81763,Wallet,Delivered,5,CUST9851,Azad Sodhi,Male,21,New Delhi,Delhi,2.9,,12.93,5531.01
ORD101194,02-09-2023,Flipkart,Automotive,Spare Parts,Portico Spare Parts Z907,Portico,4,13296,53184,10,47865.6,Credit Card,Delivered,12,CUST1814,Miraya Talwar,Female,36,Vadodara,Gujarat,2.8,,14.88,9052.74
ORD102852,14-03-2024,Amazon,Books,Stationery,Sony Stationery M980,Sony,3,2074,6222,10,5599.8,COD,Delivered,3,CUST9230,Anvi Roy,Female,15,Noida,Uttar Pradesh,3,,16.89,766.58
ORD104542,18-04-2025,Flipkart,Fashion,Footwear,HP Footwear X737,HP,1,576,576,30,403.2,UPI,Delivered,4,CUST1449,Arhaan Kant,Female,15,New Delhi,Delhi,3.3,,11.71,97.63
ORD101121,19-02-2024,Myntra,Clothing,Western Wear,Campus Sutra Western Wear Z407,Campus Sutra,3,4462,13386,15,11378.1,COD,Delivered,3,CUST9370,Pihu Grover,Female,58,Mumbai,Maharashtra,2.2,,9.18,1526.75
ORD102235,16-10-2025,Flipkart,Beauty & Personal Care,Grooming,Philips Grooming Z408,Philips,3,2571,7713,20,6170.4,UPI,Delivered,4,CUST9450,Vanya Badal,Male,32,Thiruvananthapuram,Kerala,3.4,,5.64,1372.17
ORD102667,23-12-2023,Amazon,Fashion,Bags,Baggit Bags X263,Baggit,4,3886,15544,15,13212.4,COD,Delivered,10,CUST3140,Dhanuk Batta,Male,37,Chennai,Tamil Nadu,4.7,,13.44,3609.33
ORD103699,26-03-2025,Amazon,Sports & Outdoors,Outdoor Gear,Decathlon Outdoor Gear Z372,Decathlon,2,3751,7502,20,6001.6,UPI,Delivered,4,CUST2014,Akarsh Kapadia,Female,61,Chennai,Tamil Nadu,4.3,,4.67,989
ORD103223,25-04-2023,Myntra,Footwear,Formal,Red Tape Formal X123,Red Tape,3,4675,14025,0,14025,COD,Returned,7,CUST3279,Prisha Gade,Female,28,Mumbai,Maharashtra,1.6,Late delivery,7.06,2087.94
ORD101182,10-04-2025,Amazon,Home & Kitchen,Furniture,HomeTown Furniture S340,HomeTown,3,40659,121977,5,115878.15,COD,In Transit,3,CUST4324,Badal Jaggi,Female,32,Vadodara,Gujarat,4,,10.94,12190.28
ORD104184,26-06-2024,Myntra,Footwear,Formal,Red Tape Formal Z401,Red Tape,2,5768,11536,15,9805.6,UPI,Delivered,8,CUST8148,Suhana Dhaliwal,Female,54,Ahmedabad,Gujarat,2.5,,9.53,1702.35
ORD104293,25-08-2023,Max,Kids' Fashion,Kids Apparel,Xiaomi Kids Apparel X909,Xiaomi,2,3004,6008,20,4806.4,UPI,Delivered,3,CUST2873,Oorja Warrior,Female,40,Kanpur,Uttar Pradesh,2.3,,10.77,935.04
ORD100614,24-05-2024,Amazon,Home & Kitchen,Appliances,LG Appliances Z930,LG,1,37883,37883,10,34094.7,Wallet,In Transit,3,CUST7623,Arhaan Sane,Female,63,Mumbai,Maharashtra,3.9,,15.45,4140.28
ORD104908,02-03-2023,Flipkart,Beauty & Personal Care,Makeup,Maybelline Makeup S184,Maybelline,1,2488,2488,0,2488,Debit Card,Delivered,11,CUST3877,Lakshay Wason,Female,49,Chennai,Tamil Nadu,3.5,,7.63,565.82
ORD101466,05-10-2023,Flipkart,Beauty & Personal Care,Grooming,HUL Grooming Z504,HUL,4,4353,17412,20,13929.6,COD,In Transit,10,CUST6188,Seher Hora,Female,39,Chennai,Tamil Nadu,3.5,,7.77,2157.26
ORD100401,13-04-2025,Amazon,Beauty & Personal Care,Makeup,Maybelline Makeup M130,Maybelline,3,2657,7971,15,6775.35,UPI,Delivered,6,CUST7188,Emir Dar,Female,52,Pune,Maharashtra,3.8,,6.33,978.95
ORD103042,06-03-2023,Max,Kids' Fashion,Kids Shoes,Nilkamal Kids Shoes Z104,Nilkamal,1,4014,4014,15,3411.9,COD,Delivered,11,CUST2813,Ayesha Mani,Male,31,Vadodara,Gujarat,3.1,,9.93,949.51
ORD100934,03-08-2025,Myntra,Footwear,Sports,Maybelline Sports S829,Maybelline,3,3242,9726,15,8267.1,UPI,Delivered,6,CUST3790,Rasha Atwal,Female,28,Surat,Gujarat,1.8,,6.53,1877.38
ORD102419,17-02-2025,Flipkart,Beauty & Personal Care,Grooming,HUL Grooming S801,HUL,3,5312,15936,10,14342.4,UPI,Delivered,3,CUST2516,Zoya Sarin,Male,26,Noida,Uttar Pradesh,2.8,,16.11,1315.06
ORD104860,12-08-2025,Amazon,Baby Products,Diapers,LocalFarm Diapers X643,LocalFarm,4,2985,11940,15,10149,UPI,Delivered,3,CUST8001,Zoya Chowdhury,Female,52,Chennai,Tamil Nadu,4.6,,12.7,2450.55
ORD104910,24-09-2024,Flipkart,Grocery,Essentials,HP Essentials X119,HP,2,3141,6282,0,6282,COD,Delivered,7,CUST6458,Tarini Sood,Female,42,Mumbai,Maharashtra,3.1,,11.29,279.67
ORD102641,12-12-2024,Amazon,Sports & Outdoors,Fitness,Decathlon Fitness X123,Decathlon,4,24274,97096,0,97096,Credit Card,Delivered,6,CUST9908,Hridaan Kala,Male,43,Noida,Uttar Pradesh,3.4,,4.03,27412.71
ORD104017,27-09-2025,Amazon,Groceries,Fresh Produce,BigBasket Fresh Produce S387,BigBasket,1,223,223,10,200.7,COD,Delivered,6,CUST8745,Arhaan Rout,Female,23,Jaipur,Rajasthan,3.8,,11.78,8.35
ORD100726,13-02-2025,Max,Kids' Fashion,Accessories,JBL Accessories S372,JBL,1,2844,2844,0,2844,UPI,Delivered,4,CUST2776,Reyansh Keer,Female,17,Chennai,Tamil Nadu,3.3,,6.96,323.71
ORD100826,01-06-2024,Amazon,Fashion,Bags,Wildcraft Bags X757,Wildcraft,3,7418,22254,40,13352.4,UPI,Delivered,3,CUST4562,Drishya Sandhu,Female,23,Chennai,Tamil Nadu,4.5,,13.64,2463.85
ORD101521,16-04-2024,Myntra,Clothing,Western Wear,Campus Sutra Western Wear Z285,Campus Sutra,1,2086,2086,30,1460.2,UPI,In Transit,5,CUST8565,Madhup Kapur,Female,65,Surat,Gujarat,2,,12.58,300.66
ORD104856,05-09-2025,Myntra,Home & Living,Kitchenware,Hawkins Kitchenware Z872,Hawkins,3,2644,7932,10,7138.8,UPI,In Transit,5,CUST6723,Alisha Chokshi,Male,33,New Delhi,Delhi,1.1,,16.01,1964.81
ORD102930,06-08-2025,Flipkart,Grocery,Fresh,Fastrack Fresh M938,Fastrack,3,2363,7089,20,5671.2,Debit Card,Delivered,4,CUST4999,Sumer Comar,Female,39,Ahmedabad,Gujarat,2.5,,8.63,199.55
ORD100136,29-05-2024,Myntra,Clothing,Ethnic Wear,FabIndia Ethnic Wear S850,FabIndia,4,948,3792,15,3223.2,UPI,Delivered,6,CUST4974,Mohanlal Master,Male,31,Chennai,Tamil Nadu,1.4,,8.08,814.15
ORD103590,22-07-2025,Flipkart,Grocery,Fresh,Red Tape Fresh X881,Red Tape,4,5208,20832,20,16665.6,UPI,Delivered,3,CUST3442,Samar Lal,Female,18,Bengaluru,Karnataka,4.2,,6.5,663.24
ORD100628,04-10-2025,Myntra,Home & Living,Furnishings,Home Centre Furnishings X121,Home Centre,2,2684,5368,10,4831.2,UPI,Delivered,4,CUST1578,Tara Sankaran,Female,43,Surat,Gujarat,1.6,,12.57,1168.04
ORD100334,24-07-2023,Flipkart,"Books, Sports & Gaming",Gaming,Sony Gaming M579,Sony,1,45876,45876,15,38994.6,UPI,Delivered,3,CUST3540,Chirag Mangal,Male,32,Noida,Uttar Pradesh,1.6,,13.47,8675.3
ORD100390,21-04-2023,Myntra,Accessories,Wallets,Philips Wallets X168,Philips,4,701,2804,5,2663.8,COD,Delivered,8,CUST5562,Ritvik Koshy,Male,58,Surat,Gujarat,2.4,,7.08,598.69
ORD104387,27-02-2025,Max,Kids' Fashion,Accessories,Boat Accessories Z154,Boat,2,2490,4980,10,4482,Credit Card,Delivered,5,CUST6708,Ela Behl,Male,45,Kolkata,West Bengal,2.4,,4.18,685.16
ORD104904,13-09-2025,Amazon,Electronics,Computers,Lenovo Computers Z333,Lenovo,1,125870,125870,5,119576.5,UPI,Delivered,4,CUST6725,Rohan Thakkar,Male,26,Coimbatore,Tamil Nadu,4.3,,9.81,21410.48
ORD103832,04-10-2024,Amazon,Home & Kitchen,Appliances,IFB Appliances X117,IFB,1,36084,36084,5,34279.8,Debit Card,Delivered,7,CUST3470,Charvi Wason,Female,27,Kolkata,West Bengal,4.7,,12.58,5445.92
ORD101817,04-01-2025,Flipkart,Electronics,Mobiles,Xiaomi Mobiles X189,Xiaomi,1,73553,73553,5,69875.35,Credit Card,Delivered,1,CUST8179,Taimur Chaudhry,Female,24,Nagpur,Maharashtra,4.1,,13.97,6539.71
ORD100400,27-05-2023,Amazon,Beauty & Personal Care,Healthcare,Himalaya Healthcare Z680,Himalaya,2,1651,3302,0,3302,COD,Delivered,7,CUST4244,Ira Bal,Female,31,Chennai,Tamil Nadu,4.2,,9.25,775.61
ORD100710,19-04-2024,Amazon,Fashion,Watches,Fastrack Watches X407,Fastrack,2,7364,14728,15,12518.8,UPI,Delivered,8,CUST7973,Azad Chahal,Female,40,Mangalore,Karnataka,5,,8.44,1860.95
ORD101039,31-05-2023,Flipkart,Beauty & Personal Care,Grooming,HUL Grooming Z501,HUL,3,626,1878,5,1784.1,COD,Delivered,12,CUST2805,Seher Rau,Male,38,Nagpur,Maharashtra,2.4,,16.38,293.79
ORD103989,20-01-2023,Amazon,Electronics,Mobiles,OnePlus Mobiles X282,OnePlus,1,48448,48448,0,48448,UPI,Returned,6,CUST5144,Vaibhav Bawa,Male,62,Noida,Uttar Pradesh,3.6,Changed mind,7.46,4115.8
ORD103359,11-05-2023,Amazon,Beauty & Personal Care,Makeup,Lakme Makeup S127,Lakme,3,2024,6072,0,6072,COD,Returned,3,CUST6540,Raghav Tata,Female,47,Noida,Uttar Pradesh,4.8,Other,6.78,488.09
ORD100046,16-05-2023,Myntra,Accessories,Watches,Titan Watches X370,Titan,3,13023,39069,10,35162.1,COD,Delivered,6,CUST6992,Azad Sabharwal,Female,30,Pune,Maharashtra,2.6,,17.72,10295.44
ORD101561,01-08-2023,Amazon,Fashion,Clothing,Roadster Clothing M732,Roadster,1,3386,3386,15,2878.1,COD,Delivered,11,CUST5841,Indrajit Arya,Female,62,Ahmedabad,Gujarat,3.6,,7.74,520.96
ORD104799,03-04-2025,Myntra,Accessories,Jewelry,Voylla Jewelry S537,Voylla,4,23456,93824,10,84441.6,UPI,Delivered,5,CUST3551,Rhea Vasa,Female,16,Ahmedabad,Gujarat,1.7,,7.49,8977.05
ORD103642,02-04-2025,Amazon,Beauty & Personal Care,Makeup,Lakme Makeup M340,Lakme,1,893,893,10,803.7,UPI,Delivered,4,CUST4785,Prerak Babu,Female,40,Bengaluru,Karnataka,4,,7.72,162.68
ORD103726,13-10-2023,Flipkart,Electronics,Mobiles,OnePlus Mobiles S417,OnePlus,1,75425,75425,20,60340,COD,Delivered,5,CUST1255,Ritvik Sarma,Male,37,Kolkata,West Bengal,2.7,,11.2,4279.08
ORD104982,05-08-2024,Amazon,Books,Stationery,Prestige Stationery X613,Prestige,2,1654,3308,10,2977.2,UPI,Delivered,8,CUST9125,Neelofar Sarin,Female,33,Jaipur,Rajasthan,3.5,,11.85,594.32
ORD101112,23-10-2023,Max,Kids' Fashion,Accessories,Portronics Accessories M694,Portronics,3,5256,15768,5,14979.6,COD,Delivered,6,CUST2371,Misha Jaggi,Female,20,New Delhi,Delhi,3.8,,7.86,3608.1
ORD102513,16-01-2024,Amazon,Electronics,Mobiles,Xiaomi Mobiles Z378,Xiaomi,1,10281,10281,0,10281,Credit Card,Delivered,3,CUST5203,Vanya Dutta,Male,28,Noida,Uttar Pradesh,3.9,,6.25,1139.15
ORD103608,24-03-2023,Flipkart,Automotive,Accessories,JBL Accessories M282,JBL,3,3817,11451,0,11451,Debit Card,Delivered,5,CUST8255,Shamik Kuruvilla,Male,21,Noida,Uttar Pradesh,3.1,,15.35,1247.9
ORD101223,19-03-2024,Amazon,Beauty & Personal Care,Healthcare,Patanjali Healthcare X528,Patanjali,1,2285,2285,0,2285,COD,Delivered,4,CUST3916,Alia Issac,Female,22,Kolkata,West Bengal,4.7,,15.66,408.33
ORD104060,22-10-2024,Amazon,Home & Kitchen,Appliances,IFB Appliances X468,IFB,1,16794,16794,5,15954.3,Wallet,Delivered,5,CUST8227,Emir Behl,Male,44,Kanpur,Uttar Pradesh,4.8,,16.11,4282.26
ORD103023,21-12-2024,Myntra,Home & Living,Decor,Adidas Decor M747,Adidas,1,5516,5516,30,3861.2,Credit Card,In Transit,6,CUST6497,Inaaya  Bal,Female,28,Mangalore,Karnataka,1,,7.36,1141.66
ORD102421,13-03-2024,Flipkart,Grocery,Fresh,Samsung Fresh M340,Samsung,1,365,365,15,310.25,Debit Card,Delivered,5,CUST6931,Himmat Ramesh,Female,17,Mangalore,Karnataka,2,,9.47,17.63
ORD101508,12-11-2024,Amazon,Baby Products,Diapers,Titan Diapers S103,Titan,4,3347,13388,10,12049.2,COD,Delivered,5,CUST2346,Samiha Deo,Male,21,Bengaluru,Karnataka,4.8,,4.48,3194.33
ORD101750,23-01-2024,Flipkart,Grocery,Essentials,Lakme Essentials M980,Lakme,3,1932,5796,20,4636.8,UPI,Delivered,3,CUST1685,Yuvraj  Comar,Male,15,Bengaluru,Karnataka,3.1,,5.21,348.45
ORD104837,05-07-2025,Amazon,Home & Kitchen,Furniture,Nilkamal Furniture X139,Nilkamal,1,27836,27836,10,25052.4,UPI,Delivered,2,CUST5192,Stuvan Tella,Female,28,Nagpur,Maharashtra,4.2,,12.7,5081.35
ORD104096,30-06-2024,Amazon,Home & Kitchen,Kitchenware,Prestige Kitchenware Z969,Prestige,3,1385,4155,10,3739.5,UPI,Delivered,7,CUST9723,Shanaya Shukla,Female,36,Pune,Maharashtra,4.7,,12.85,316.34
ORD101799,05-06-2025,Flipkart,"Books, Sports & Gaming",Sporting Goods,Sparx Sporting Goods Z804,Sparx,1,4225,4225,0,4225,Credit Card,Delivered,3,CUST2083,Manjari Dubey,Female,34,Ahmedabad,Gujarat,3.5,,11.42,356.49
ORD100338,09-05-2023,Amazon,Beauty & Personal Care,Makeup,Maybelline Makeup Z596,Maybelline,1,785,785,10,706.5,UPI,Delivered,11,CUST1357,Eva Wable,Female,34,Pune,Maharashtra,4.4,,10.49,130.19
ORD100215,18-12-2024,Myntra,Footwear,Casual,Sparx Casual M553,Sparx,4,2678,10712,0,10712,UPI,In Transit,4,CUST7387,Keya Krishna,Female,17,New Delhi,Delhi,1.3,,12.65,1055.65
ORD103663,25-07-2023,Myntra,Accessories,Wallets,Philips Wallets X769,Philips,1,474,474,10,426.6,UPI,Returned,9,CUST9992,Sana Korpal,Male,54,Mumbai,Maharashtra,1,Size issue,12.46,104.4
ORD101341,18-10-2024,Amazon,Groceries,Gourmet Foods,Canon Gourmet Foods X535,Canon,3,2439,7317,0,7317,COD,Delivered,7,CUST6531,Mannat Batta,Female,17,Kolkata,West Bengal,4.3,,9.85,355.82
ORD100011,18-11-2023,Amazon,Baby Products,Feeding Supplies,Bosch Feeding Supplies M367,Bosch,2,715,1430,0,1430,Debit Card,Delivered,12,CUST2343,Aayush Hayer,Male,17,Kozhikode,Kerala,3.6,,7.45,301.44
ORD101520,12-11-2023,Flipkart,Electronics,Computers,Asus Computers M945,Asus,1,146477,146477,5,139153.15,COD,Delivered,12,CUST2593,Reyansh Dass,Male,37,Kolkata,West Bengal,3.2,,14.17,24156.84
ORD103640,27-08-2024,Flipkart,Electronics,Mobiles,Apple Mobiles S153,Apple,1,83180,83180,10,74862,COD,Returned,3,CUST8398,Drishya Bali,Male,23,Pune,Maharashtra,2.9,Defective,13.76,9549.7
ORD103937,23-11-2024,Flipkart,Grocery,Fresh,HRX Fresh M397,HRX,4,2550,10200,5,9690,UPI,Delivered,3,CUST8875,Abram Grewal,Male,30,New Delhi,Delhi,3.3,,7.75,579.17
ORD104427,21-09-2023,Flipkart,Automotive,Accessories,Boat Accessories X615,Boat,2,2293,4586,0,4586,COD,Delivered,6,CUST9666,Pranay Thaker,Male,41,Kozhikode,Kerala,3.3,,4.31,379.44
ORD103004,14-05-2023,Flipkart,"Books, Sports & Gaming",Gaming,Sony Gaming Z796,Sony,1,8115,8115,0,8115,COD,Delivered,9,CUST1725,Ivana Chaudhry,Male,19,Noida,Uttar Pradesh,1,,4.78,2279.06
ORD102864,14-09-2023,Amazon,Fashion,Shoes,Puma Shoes S195,Puma,4,8868,35472,40,21283.2,COD,Delivered,10,CUST9240,Tiya Tata,Female,15,New Delhi,Delhi,3.5,,5.56,2308.22
ORD103115,01-09-2023,Amazon,Fashion,Clothing,Only Clothing Z398,Only,1,1690,1690,5,1605.5,UPI,Delivered,11,CUST7429,Uthkarsh Shankar,Female,21,Surat,Gujarat,4,,4.15,464.8
ORD104840,13-11-2024,Max,Plus Size,Plus Bottoms,Wildcraft Plus Bottoms S447,Wildcraft,3,4538,13614,25,10210.5,UPI,In Transit,3,CUST8893,Zaina Kulkarni,Female,28,New Delhi,Delhi,3.2,,16.45,2875.92
ORD102322,10-04-2025,Amazon,Beauty & Personal Care,Grooming,Philips Grooming Z330,Philips,4,812,3248,0,3248,UPI,Delivered,2,CUST1523,Tara Gera,Female,43,Noida,Uttar Pradesh,4.3,,14.85,851.46
ORD102571,17-03-2025,Flipkart,"Books, Sports & Gaming",Sporting Goods,Zara Sporting Goods X740,Zara,1,3589,3589,0,3589,UPI,In Transit,3,CUST4649,Sana Sachdev,Female,29,Noida,Uttar Pradesh,2.3,,6.64,604.23
ORD102913,08-05-2023,Flipkart,Beauty & Personal Care,Grooming,HUL Grooming X851,HUL,3,658,1974,10,1776.6,COD,Delivered,5,CUST9232,Ela Raj,Male,49,Ludhiana,Punjab,2.8,,12.1,188.78
ORD100101,06-09-2023,Amazon,Books,Books,HarperCollins Books M115,HarperCollins,2,178,356,5,338.2,UPI,Returned,4,CUST4422,Zain Badal,Female,48,Noida,Uttar Pradesh,2.5,,13.4,35.86
ORD103549,29-06-2023,Myntra,Home & Living,Furnishings,Portico Furnishings S262,Portico,3,14824,44472,30,31130.4,COD,Delivered,11,CUST1928,Khushi Thakkar,Female,26,Ahmedabad,Gujarat,1.8,,7.21,4330.01
ORD101458,06-08-2023,Flipkart,Automotive,Accessories,Portronics Accessories Z514,Portronics,4,3283,13132,10,11818.8,UPI,Returned,4,CUST5650,Dhanush Kaul,Male,62,Surat,Gujarat,2.6,Size issue,5.76,2797.07
ORD100171,15-02-2025,Max,Women's Fashion,Tops,Roadster Tops Z764,Roadster,4,5507,22028,10,19825.2,Credit Card,Delivered,1,CUST5453,Dharmajan Ben,Female,26,Lucknow,Uttar Pradesh,2.5,,9.61,5783.17
ORD100107,20-03-2024,Flipkart,Home & Furniture,Household Essentials,OnePlus Household Essentials S970,OnePlus,2,1164,2328,15,1978.8,Debit Card,In Transit,2,CUST9897,Yuvraj  Upadhyay,Male,47,Ahmedabad,Gujarat,3.5,,13.58,280.36
ORD104196,27-01-2024,Amazon,Fashion,Shoes,Puma Shoes Z296,Puma,1,5923,5923,30,4146.1,UPI,Delivered,8,CUST9926,Suhana Wason,Male,42,Chennai,Tamil Nadu,3.8,,4.01,513.64
ORD103569,15-02-2025,Amazon,Electronics,Computers,Dell Computers Z875,Dell,1,75408,75408,0,75408,UPI,Delivered,3,CUST9066,Keya Ravel,Male,30,Noida,Uttar Pradesh,4.3,,12.74,11591.51
ORD104991,12-02-2024,Flipkart,Beauty & Personal Care,Grooming,HUL Grooming X546,HUL,4,2998,11992,0,11992,UPI,Delivered,5,CUST2461,Dhanuk Sarma,Male,24,Chennai,Tamil Nadu,3.3,,16.38,2498.97
ORD104295,08-05-2024,Myntra,Clothing,Ethnic Wear,FabIndia Ethnic Wear X288,FabIndia,3,6043,18129,15,15409.65,UPI,Delivered,5,CUST8741,Miraan Dalal,Female,22,Surat,Gujarat,1.4,,11.69,2872.79
ORD104063,25-01-2024,Amazon,Groceries,Snacks,Red Tape Snacks Z371,Red Tape,1,2540,2540,0,2540,UPI,Delivered,7,CUST3122,Baiju Dugar,Female,43,Pune,Maharashtra,4.4,,8.95,164.51
ORD103861,15-01-2024,Amazon,Sports & Outdoors,Sportswear,Adidas Sportswear Z640,Adidas,4,5648,22592,0,22592,UPI,Delivered,8,CUST8096,Alia Seth,Male,25,Noida,Uttar Pradesh,4.3,,13.67,4789.4
ORD104122,11-09-2023,Max,Women's Fashion,Winter Wear,LocalFarm Winter Wear Z694,LocalFarm,3,4102,12306,10,11075.4,UPI,Delivered,9,CUST8565,Indrans Vohra,Male,35,Surat,Gujarat,2.4,,11.5,2740.4
ORD104629,10-02-2024,Amazon,Groceries,Fresh Produce,LocalFarm Fresh Produce M586,LocalFarm,2,443,886,5,841.7,Wallet,Delivered,2,CUST2383,Ayesha Bhatti,Female,26,Kolkata,West Bengal,4.6,,15.45,43.29
ORD100060,22-06-2023,Amazon,Fashion,Watches,Titan Watches M984,Titan,3,9942,29826,25,22369.5,Credit Card,Delivered,6,CUST9095,Shlok Bhakta,Female,57,Chennai,Tamil Nadu,4.2,,14.63,2160.4
ORD101240,05-07-2024,Flipkart,Home & Furniture,Kitchen Appliances,Bata Kitchen Appliances M915,Bata,4,4130,16520,15,14042,COD,Delivered,6,CUST2323,Rhea Ghosh,Male,18,Mumbai,Maharashtra,4.3,,12.7,3928.96
ORD104637,27-01-2025,Amazon,Fashion,Bags,Baggit Bags X585,Baggit,2,1829,3658,10,3292.2,Credit Card,Delivered,1,CUST6807,Nitara Hayer,Female,24,Pune,Maharashtra,3.7,,15.37,894.9
ORD101040,16-05-2023,Amazon,Electronics,Accessories,Portronics Accessories Z106,Portronics,4,543,2172,10,1954.8,COD,Delivered,7,CUST4012,Shlok Sami,Male,18,Surat,Gujarat,4.1,,15.24,194.68
ORD104187,03-05-2023,Flipkart,Fashion,Accessories,Portronics Accessories M646,Portronics,4,3792,15168,15,12892.8,UPI,Delivered,6,CUST4782,Gatik Ghosh,Male,43,Pune,Maharashtra,4,,13.27,3178
ORD102760,12-04-2025,Max,Kids' Fashion,Kids Shoes,Sony Kids Shoes Z519,Sony,2,1792,3584,30,2508.8,UPI,Delivered,4,CUST9208,Indrans Sheth,Male,19,Ahmedabad,Gujarat,1.7,,7.52,460.85
ORD102120,02-07-2023,Max,Women's Fashion,Dresses,Zara Dresses X873,Zara,1,5009,5009,25,3756.75,UPI,Returned,6,CUST8848,Ishita Sharma,Female,15,Ahmedabad,Gujarat,1.8,Other,17.61,1015.67
ORD101524,06-05-2025,Max,Women's Fashion,Winter Wear,Nike Winter Wear Z380,Nike,1,533,533,25,399.75,UPI,Delivered,3,CUST5806,Devansh Dyal,Female,28,Howrah,West Bengal,1,,10.7,104.97
ORD103521,11-01-2025,Amazon,Fashion,Jewelry,Voylla Jewelry M952,Voylla,3,39469,118407,0,118407,Wallet,Delivered,6,CUST8248,Kashvi Sule,Female,18,Pune,Maharashtra,4,,15.1,11708.65
ORD100153,04-03-2023,Myntra,Home & Living,Decor,MotherCare Decor S271,MotherCare,4,1704,6816,10,6134.4,Debit Card,Returned,12,CUST2970,Ranbir Din,Female,34,Kanpur,Uttar Pradesh,2.3,Other,13.49,1327.85
ORD102248,07-07-2024,Myntra,Clothing,Ethnic Wear,Biba Ethnic Wear M268,Biba,4,7716,30864,30,21604.8,Credit Card,Delivered,2,CUST3464,Advika D’Alia,Female,30,Kanpur,Uttar Pradesh,2.1,,8.9,4993.92
ORD100481,25-06-2023,Myntra,Accessories,Watches,Titan Watches S113,Titan,1,3661,3661,30,2562.7,UPI,Delivered,6,CUST3730,Ivana Bahl,Female,15,Bengaluru,Karnataka,2.7,,6.38,589.21
ORD104233,18-08-2023,Amazon,Groceries,Snacks,Tanishq Snacks X865,Tanishq,2,3310,6620,0,6620,COD,Delivered,4,CUST3004,Neelofar Sur,Male,35,Mumbai,Maharashtra,3.6,,4.99,374.73
ORD104305,19-02-2024,Flipkart,Beauty & Personal Care,Grooming,HUL Grooming Z476,HUL,4,3089,12356,0,12356,COD,Delivered,3,CUST8726,Madhup Ramanathan,Female,46,New Delhi,Delhi,3.6,,4.38,1924.86
ORD103578,16-02-2024,Myntra,Accessories,Jewelry,Tanishq Jewelry M561,Tanishq,4,14808,59232,0,59232,UPI,Delivered,6,CUST2030,Neelofar Chaudhary,Female,26,Mumbai,Maharashtra,2.3,,4.12,11719.58
ORD104125,05-07-2024,Flipkart,Home & Furniture,Household Essentials,3M Household Essentials M202,3M,4,2630,10520,5,9994,Credit Card,Delivered,2,CUST1250,Yuvraj  Manda,Male,62,Pune,Maharashtra,2.9,,16.38,2087.14
ORD103562,03-04-2024,Amazon,Sports & Outdoors,Fitness,HRX Fitness M381,HRX,3,54420,163260,5,155097,UPI,Delivered,3,CUST7358,Purab Balakrishnan,Male,26,New Delhi,Delhi,3.4,,6.17,40809.1
ORD103315,10-03-2023,Amazon,Groceries,Gourmet Foods,Sony Gourmet Foods M744,Sony,2,3199,6398,15,5438.3,COD,Returned,4,CUST8510,Tushar Bhatnagar,Male,37,Chennai,Tamil Nadu,3.1,Size issue,9.1,349.44
ORD101762,26-03-2025,Flipkart,Fashion,Accessories,Portronics Accessories M449,Portronics,2,1000,2000,25,1500,COD,Delivered,4,CUST2553,Elakshi Dhaliwal,Female,20,Noida,Uttar Pradesh,3.2,,12.12,406.29
ORD103538,21-02-2024,Myntra,Home & Living,Kitchenware,Hawkins Kitchenware M368,Hawkins,3,8023,24069,0,24069,Credit Card,Delivered,7,CUST3558,Aaryahi Kamdar,Male,18,Kolkata,West Bengal,3,,9.49,4056.6
ORD104803,13-04-2024,Flipkart,Electronics,Home Electronics,HRX Home Electronics Z781,HRX,3,2883,8649,15,7351.65,UPI,Delivered,7,CUST2700,Jivin Kakar,Male,56,Noida,Uttar Pradesh,2.9,,5.39,398.19
ORD100750,21-04-2023,Amazon,Beauty & Personal Care,Grooming,Philips Grooming S416,Philips,4,2906,11624,20,9299.2,COD,In Transit,11,CUST1500,Tushar Aggarwal,Male,37,Surat,Gujarat,3.6,,5.65,2306.52
ORD103619,04-01-2025,Amazon,Home & Kitchen,Home Decor,Home Centre Home Decor X828,Home Centre,4,6205,24820,5,23579,UPI,Delivered,2,CUST1029,Divij Majumdar,Male,45,Lucknow,Uttar Pradesh,3.2,,10.68,6846.54
ORD101785,28-09-2023,Flipkart,Home & Furniture,Kitchen Appliances,Campus Sutra Kitchen Appliances M764,Campus Sutra,2,2426,4852,15,4124.2,UPI,In Transit,5,CUST2927,Arhaan Bawa,Female,18,Pune,Maharashtra,3.5,,15.77,862.4
ORD104270,22-10-2024,Amazon,Home & Kitchen,Furniture,Nilkamal Furniture Z376,Nilkamal,3,20399,61197,5,58137.15,COD,Delivered,6,CUST6596,Pihu Sura,Male,33,Pune,Maharashtra,4.3,,11.56,15556.26
ORD103383,18-04-2024,Amazon,Electronics,Cameras,Sony Cameras S501,Sony,1,27659,27659,0,27659,Credit Card,Delivered,7,CUST1201,Eshani Singhal,Male,65,New Delhi,Delhi,4.3,,13.08,2429.25
ORD104348,03-12-2023,Flipkart,Home & Furniture,Household Essentials,HUL Household Essentials M285,HUL,3,4978,14934,5,14187.3,Wallet,Returned,5,CUST7833,Jayant Raj,Female,30,Mysuru,Karnataka,3.2,Other,5.49,1314.2
ORD100405,19-09-2024,Myntra,Accessories,Jewelry,Voylla Jewelry M952,Voylla,1,26553,26553,10,23897.7,COD,Delivered,6,CUST1520,Rasha Maharaj,Female,61,Pune,Maharashtra,2.1,,14.99,5679.68
ORD100757,03-08-2025,Amazon,Home & Kitchen,Furniture,Nilkamal Furniture X578,Nilkamal,1,67018,67018,0,67018,UPI,Delivered,3,CUST4319,Seher Bajwa,Female,23,New Delhi,Delhi,3.5,,9.01,19082.33
ORD102711,21-08-2023,Flipkart,Electronics,Home Electronics,Nike Home Electronics Z647,Nike,1,1684,1684,5,1599.8,Debit Card,Delivered,8,CUST5675,Vihaan Sani,Male,27,Ludhiana,Punjab,3.1,,14.1,262.79
ORD102670,21-05-2023,Amazon,Beauty & Personal Care,Healthcare,Patanjali Healthcare Z462,Patanjali,1,654,654,10,588.6,COD,Delivered,4,CUST5690,Dhanuk Contractor,Female,29,Thiruvananthapuram,Kerala,5,,15.26,47.89
ORD103983,13-12-2024,Flipkart,Electronics,Home Electronics,Bata Home Electronics M838,Bata,1,1004,1004,15,853.4,COD,Delivered,2,CUST3068,Nehmat Kohli,Female,63,Noida,Uttar Pradesh,2.8,,14.38,138.08
ORD100097,13-10-2025,Max,Plus Size,Plus Bottoms,Portico Plus Bottoms Z644,Portico,3,986,2958,25,2218.5,UPI,Delivered,1,CUST8585,Ritvik Sule,Female,19,Surat,Gujarat,2.4,,14.59,655.05
ORD101333,18-04-2025,Amazon,Fashion,Jewelry,Tanishq Jewelry M172,Tanishq,1,37095,37095,40,22257,UPI,In Transit,2,CUST5901,Nayantara Seshadri,Female,30,Kanpur,Uttar Pradesh,4.6,,6.13,4951.71
ORD104451,06-09-2023,Flipkart,Home & Furniture,Household Essentials,Nilkamal Household Essentials X432,Nilkamal,3,5527,16581,0,16581,COD,Delivered,12,CUST3174,Emir Chada,Male,29,Kolkata,West Bengal,3.4,,16.04,3915
ORD102791,02-02-2025,Amazon,Groceries,Gourmet Foods,Nikon Gourmet Foods S386,Nikon,1,1127,1127,5,1070.65,UPI,Delivered,1,CUST3369,Navya Samra,Female,43,Kozhikode,Kerala,3.4,,5.87,71.52
ORD102854,06-10-2024,Amazon,Beauty & Personal Care,Grooming,HUL Grooming S121,HUL,1,910,910,0,910,UPI,In Transit,7,CUST6889,Divyansh Chopra,Male,19,Bengaluru,Karnataka,4.7,,8.03,78.07
ORD100186,22-07-2025,Flipkart,Automotive,Spare Parts,HarperCollins Spare Parts X310,HarperCollins,1,4657,4657,10,4191.3,UPI,In Transit,5,CUST4492,Nirvi Deol,Male,38,Noida,Uttar Pradesh,2.4,,6.95,915.77
ORD104003,08-10-2025,Max,Kids' Fashion,Accessories,Portronics Accessories X210,Portronics,3,4204,12612,5,11981.4,UPI,Delivered,2,CUST5681,Kanav Hegde,Male,58,Vadodara,Gujarat,2.9,,14.34,2620.35
ORD102723,29-08-2025,Amazon,Groceries,Fresh Produce,LocalFarm Fresh Produce X143,LocalFarm,2,548,1096,5,1041.2,UPI,Returned,3,CUST2947,Elakshi Kuruvilla,Male,39,New Delhi,Delhi,3.1,Other,6.25,74.92
ORD103583,05-04-2023,Amazon,Baby Products,Apparel,Red Tape Apparel M657,Red Tape,1,492,492,10,442.8,COD,Delivered,9,CUST2067,Amira Atwal,Female,37,Mumbai,Maharashtra,3.8,,7.3,96.96
ORD102058,10-07-2023,Amazon,Baby Products,Feeding Supplies,BigBasket Feeding Supplies X536,BigBasket,2,4074,8148,0,8148,UPI,In Transit,9,CUST2085,Vanya Goyal,Female,38,Surat,Gujarat,4.6,,16.26,1882.58
ORD101319,25-12-2024,Flipkart,"Books, Sports & Gaming",Books,HarperCollins Books X197,HarperCollins,4,1762,7048,0,7048,COD,Delivered,7,CUST2633,Seher Upadhyay,Male,56,Ahmedabad,Gujarat,3.9,,11.44,1339.38
ORD100148,02-08-2024,Amazon,Baby Products,Apparel,Nikon Apparel X149,Nikon,3,4917,14751,0,14751,Debit Card,Delivered,7,CUST2110,Kanav Brar,Female,34,New Delhi,Delhi,4.1,,4.16,1860.55
ORD100028,22-03-2024,Myntra,Home & Living,Decor,Nilkamal Decor X629,Nilkamal,3,3999,11997,5,11397.15,UPI,Delivered,2,CUST5232,Drishya Halder,Female,48,New Delhi,Delhi,1.7,,10.83,1801.45
ORD104140,12-06-2024,Amazon,Fashion,Jewelry,Voylla Jewelry S468,Voylla,1,10252,10252,15,8714.2,UPI,Delivered,3,CUST7696,Indrajit Char,Female,61,New Delhi,Delhi,5,,17.54,2531.59
ORD104009,04-03-2023,Myntra,Personal Care,Skincare,Sparx Skincare M973,Sparx,1,4335,4335,25,3251.25,COD,Delivered,4,CUST3001,Samar Mahajan,Female,61,Mysuru,Karnataka,2.1,,13.61,794.09
ORD103363,28-07-2024,Amazon,Books,Books,HarperCollins Books Z789,HarperCollins,1,1077,1077,5,1023.15,Debit Card,Delivered,4,CUST9733,Ehsaan Master,Male,38,Kolkata,West Bengal,4.4,,4.17,147.77
ORD100692,03-09-2025,Amazon,Sports & Outdoors,Outdoor Gear,Sparx Outdoor Gear X181,Sparx,4,3301,13204,0,13204,Debit Card,Returned,1,CUST3713,Khushi Uppal,Male,19,Noida,Uttar Pradesh,4.3,Size issue,7.07,3714.67
ORD102866,13-03-2023,Flipkart,Grocery,Fresh,Bata Fresh S147,Bata,2,3542,7084,10,6375.6,COD,Delivered,7,CUST4919,Kartik Balay,Male,37,Noida,Uttar Pradesh,2.4,,8.82,379.52
ORD103776,30-11-2024,Amazon,Groceries,Essentials,Nike Essentials M607,Nike,2,5047,10094,15,8579.9,UPI,Delivered,7,CUST8738,Kavya Chaudhry,Male,21,Vadodara,Gujarat,4.7,,5,484.74
ORD101386,06-08-2024,Max,Kids' Fashion,Accessories,Portronics Accessories Z797,Portronics,1,3973,3973,20,3178.4,Wallet,Delivered,3,CUST9421,Tiya Kannan,Female,47,Bengaluru,Karnataka,2,,14.88,296.78
ORD101845,25-08-2023,Myntra,Footwear,Formal,Red Tape Formal Z268,Red Tape,3,3481,10443,5,9920.85,COD,In Transit,8,CUST8517,Yashvi Mani,Female,20,Chennai,Tamil Nadu,1.6,,9.95,1057.91
ORD104730,13-05-2024,Amazon,Home & Kitchen,Furniture,Nilkamal Furniture X528,Nilkamal,2,43307,86614,15,73621.9,UPI,Delivered,3,CUST7820,Myra Deo,Male,25,Mumbai,Maharashtra,3.8,,9.76,19574.16
ORD100129,27-06-2024,Flipkart,Grocery,Essentials,HarperCollins Essentials M910,HarperCollins,2,5317,10634,10,9570.6,UPI,Delivered,3,CUST7291,Ishita Sawhney,Female,21,New Delhi,Delhi,2.9,,14.53,569.25
ORD101599,22-01-2023,Flipkart,Beauty & Personal Care,Makeup,Loreal Makeup S790,Loreal,3,2730,8190,5,7780.5,UPI,Delivered,8,CUST2321,Rasha Thakkar,Male,34,Vadodara,Gujarat,2.6,,12.1,743.59
ORD103629,28-04-2024,Flipkart,Electronics,Home Electronics,Zara Home Electronics M876,Zara,2,3158,6316,5,6000.2,UPI,Delivered,6,CUST9530,Rohan Halder,Male,27,Kolkata,West Bengal,3,,13,731.02
ORD104503,20-04-2025,Max,Men's Fashion,Bottoms,Samsung Bottoms X291,Samsung,4,3023,12092,5,11487.4,Credit Card,Delivered,2,CUST6148,Mahika Deshpande,Male,51,Mangalore,Karnataka,3.2,,7.9,1880.87
ORD100701,09-06-2025,Myntra,Accessories,Jewelry,Tanishq Jewelry M445,Tanishq,2,1944,3888,5,3693.6,UPI,Delivered,2,CUST1151,Mohanlal Ram,Male,56,Ahmedabad,Gujarat,1,,14.09,635.05
ORD103982,14-12-2023,Amazon,Groceries,Essentials,IFB Essentials S978,IFB,1,3115,3115,0,3115,COD,Delivered,3,CUST9209,Nayantara Cherian,Male,30,New Delhi,Delhi,5,,16.38,245.92
ORD103028,18-07-2024,Amazon,Sports & Outdoors,Sportswear,Adidas Sportswear M805,Adidas,2,8517,17034,15,14478.9,COD,Delivered,4,CUST9309,Mamooty Vaidya,Female,15,Noida,Uttar Pradesh,4,,16.32,2695.23
ORD102969,10-03-2025,Flipkart,Electronics,Computers,HP Computers M638,HP,1,103831,103831,0,103831,Debit Card,Delivered,2,CUST2691,Trisha Rout,Male,60,Kolkata,West Bengal,3.5,,10.48,13921.13
ORD104356,25-08-2025,Max,Plus Size,Plus Tops,Samsung Plus Tops M631,Samsung,3,776,2328,5,2211.6,UPI,Delivered,3,CUST1149,Riaan Handa,Female,36,Ahmedabad,Gujarat,3.8,,9.86,488.67
ORD101708,09-02-2024,Myntra,Home & Living,Kitchenware,Prestige Kitchenware M692,Prestige,2,549,1098,0,1098,COD,Returned,8,CUST9736,Vivaan Sama,Female,35,Noida,Uttar Pradesh,1.1,Late delivery,6.37,258.27
ORD102953,19-09-2025,Flipkart,"Books, Sports & Gaming",Sporting Goods,Home Centre Sporting Goods X297,Home Centre,3,2038,6114,0,6114,UPI,Delivered,3,CUST7312,Divyansh Ramachandran,Female,31,Bengaluru,Karnataka,2.2,,14.42,748.77
ORD100454,29-05-2025,Amazon,Sports & Outdoors,Outdoor Gear,Nikon Outdoor Gear M484,Nikon,3,796,2388,5,2268.6,UPI,Delivered,1,CUST1130,Kiara Wason,Male,25,Pune,Maharashtra,3.6,,14.37,303.67
ORD102868,05-04-2025,Myntra,Personal Care,Fragrances,Home Centre Fragrances X267,Home Centre,3,2967,8901,5,8455.95,UPI,Returned,3,CUST6822,Advik Gandhi,Female,44,Kanpur,Uttar Pradesh,1.1,Other,5.31,2319.53
ORD102040,23-06-2023,Amazon,Electronics,Accessories,Boat Accessories M743,Boat,3,1597,4791,25,3593.25,Wallet,Delivered,10,CUST8076,Anika Sehgal,Male,17,Pune,Maharashtra,5,,12.11,259.37
ORD101772,23-01-2025,Myntra,Footwear,Sports,HRX Sports Z660,HRX,2,376,752,25,564,UPI,Delivered,3,CUST6803,Ritvik Zacharia,Male,20,Pune,Maharashtra,2.1,,11.13,151.77
ORD102315,15-11-2024,Max,Accessories,Shoes,Puma Shoes X369,Puma,3,4595,13785,5,13095.75,Debit Card,Returned,5,CUST6910,Drishya Bhatti,Female,26,Thiruvananthapuram,Kerala,1.7,Defective,13.5,2337.71
ORD100609,22-12-2024,Myntra,Footwear,Formal,Red Tape Formal M701,Red Tape,3,3313,9939,15,8448.15,Debit Card,Delivered,6,CUST1111,Prerak Seshadri,Male,35,Amritsar,Punjab,2.2,,17.72,1766.61
ORD100167,18-02-2024,Amazon,Beauty & Personal Care,Healthcare,Himalaya Healthcare X806,Himalaya,2,384,768,10,691.2,Credit Card,Delivered,8,CUST1785,Nayantara Dhawan,Male,15,Surat,Gujarat,5,,11.49,62.68
ORD100730,28-03-2024,Amazon,Fashion,Jewelry,Voylla Jewelry Z924,Voylla,3,1683,5049,25,3786.75,Credit Card,Delivered,8,CUST2328,Saanvi Contractor,Female,44,Mumbai,Maharashtra,4.1,,8.51,934.05
ORD104248,28-09-2024,Myntra,Accessories,Wallets,Sparx Wallets M784,Sparx,3,3730,11190,10,10071,UPI,In Transit,6,CUST3667,Gokul Grewal,Female,20,Kolkata,West Bengal,2.4,,17.4,2544.88
ORD103358,04-03-2024,Flipkart,Automotive,Spare Parts,FabIndia Spare Parts S322,FabIndia,1,13169,13169,5,12510.55,UPI,Delivered,6,CUST2758,Yuvraj  Varkey,Male,26,Bengaluru,Karnataka,3.7,,8.17,2982.8
ORD102074,24-02-2023,Flipkart,Home & Furniture,Kitchen Appliances,Baggit Kitchen Appliances X358,Baggit,4,3375,13500,0,13500,UPI,Delivered,5,CUST2480,Nirvaan Korpal,Female,19,Noida,Uttar Pradesh,2.7,,4.77,2023.29
ORD104039,19-01-2025,Myntra,Home & Living,Furnishings,Portico Furnishings Z176,Portico,1,8128,8128,10,7315.2,UPI,Delivered,2,CUST9704,Bhamini Dugal,Female,25,Noida,Uttar Pradesh,3,,10.72,1475.53
ORD103700,11-05-2024,Amazon,Groceries,Gourmet Foods,HarperCollins Gourmet Foods Z751,HarperCollins,2,1533,3066,5,2912.7,UPI,Delivered,8,CUST9346,Shlok Ganesh,Female,37,Bengaluru,Karnataka,3.5,,4.58,133.07
ORD101622,13-03-2025,Amazon,Home & Kitchen,Home Decor,Home Centre Home Decor X226,Home Centre,3,1330,3990,15,3391.5,Credit Card,Delivered,2,CUST3229,Armaan Bhavsar,Male,55,New Delhi,Delhi,4.2,,6.8,469.43
ORD100587,01-09-2025,Max,Kids' Fashion,Kids Apparel,Penguin Kids Apparel S529,Penguin,3,309,927,15,787.95,UPI,In Transit,5,CUST5801,Darshit Jha,Male,51,New Delhi,Delhi,2,,15.23,213.22
ORD101401,03-01-2023,Max,Men's Fashion,Shirts,Samsung Shirts M735,Samsung,1,5025,5025,30,3517.5,COD,Delivered,10,CUST8438,Kabir Vyas,Male,28,Kolkata,West Bengal,1.9,,10.22,497.87
ORD103045,29-07-2025,Flipkart,Beauty & Personal Care,Makeup,Maybelline Makeup S820,Maybelline,1,1901,1901,5,1805.95,UPI,Delivered,4,CUST9499,Jiya Grover,Male,45,Pune,Maharashtra,3.7,,6.08,447.13
ORD103224,22-01-2024,Myntra,Clothing,Western Wear,Campus Sutra Western Wear S901,Campus Sutra,3,1980,5940,30,4158,COD,Returned,6,CUST6034,Saksham Gulati,Female,58,Kolkata,West Bengal,1.2,Changed mind,5.74,421.21
ORD101700,07-10-2024,Amazon,Fashion,Bags,Baggit Bags S322,Baggit,1,2447,2447,30,1712.9,COD,Delivered,7,CUST3807,Keya Saxena,Female,16,Kolkata,West Bengal,4.4,,16.23,216.84
ORD103088,20-02-2023,Amazon,Beauty & Personal Care,Makeup,Maybelline Makeup Z818,Maybelline,4,2779,11116,0,11116,COD,Delivered,10,CUST9788,Azad Halder,Female,16,Bengaluru,Karnataka,3.7,,8.48,1200.26
ORD104390,10-10-2025,Amazon,Baby Products,Apparel,BigBasket Apparel Z552,BigBasket,1,1995,1995,0,1995,Credit Card,In Transit,5,CUST5871,Lakshit Vig,Male,30,Pune,Maharashtra,3.9,,8.39,380.77
ORD102981,04-09-2025,Max,Kids' Fashion,Kids Shoes,Boat Kids Shoes S140,Boat,1,4560,4560,30,3192,COD,Delivered,2,CUST5911,Veer Shukla,Male,21,Mysuru,Karnataka,2.8,,13.21,818.03
ORD100040,19-07-2024,Myntra,Personal Care,Makeup,Maybelline Makeup S614,Maybelline,4,768,3072,25,2304,COD,Delivered,8,CUST3492,Ahana  Bhardwaj,Female,53,Chennai,Tamil Nadu,1,,15.09,514.82
ORD101379,10-02-2024,Amazon,Sports & Outdoors,Sportswear,Adidas Sportswear X131,Adidas,3,512,1536,0,1536,COD,Delivered,2,CUST8141,Madhav Kannan,Male,61,Kochi,Kerala,3.4,,17.2,254.51
ORD102089,17-12-2023,Myntra,Home & Living,Furnishings,Portico Furnishings S617,Portico,2,16342,32684,20,26147.2,COD,In Transit,8,CUST7024,Lavanya Khanna,Male,23,Surat,Gujarat,1.9,,13.54,6515.2
ORD102175,24-04-2023,Max,Women's Fashion,Bottoms,Puma Bottoms S935,Puma,2,3903,7806,20,6244.8,Wallet,Delivered,9,CUST4744,Reyansh Lal,Male,15,Noida,Uttar Pradesh,1.4,,4.29,1225.85
ORD103217,02-07-2025,Flipkart,"Books, Sports & Gaming",Sporting Goods,Wildcraft Sporting Goods X511,Wildcraft,1,1883,1883,10,1694.7,UPI,Delivered,2,CUST9714,Amira Gulati,Male,24,Lucknow,Uttar Pradesh,3.4,,7.33,472.15
ORD102885,15-12-2023,Myntra,Accessories,Wallets,Portico Wallets S142,Portico,1,4048,4048,15,3440.8,COD,Delivered,7,CUST2714,Priyansh Gulati,Female,21,New Delhi,Delhi,1.7,,6.63,967.65
ORD100074,13-02-2023,Myntra,Accessories,Jewelry,Tanishq Jewelry M492,Tanishq,1,24310,24310,10,21879,UPI,Delivered,3,CUST2101,Adira Chandran,Male,47,Bengaluru,Karnataka,2.5,,14.94,1917.82
ORD103909,08-06-2024,Myntra,Footwear,Formal,Red Tape Formal S703,Red Tape,3,7040,21120,40,12672,Debit Card,Delivered,2,CUST4524,Renee Raman,Male,50,Bengaluru,Karnataka,2.2,,17.46,2434.81
ORD104964,05-09-2025,Flipkart,Electronics,Computers,Lenovo Computers Z432,Lenovo,1,108616,108616,5,103185.2,UPI,In Transit,2,CUST2491,Mahika Aggarwal,Male,38,Chennai,Tamil Nadu,3.9,,7.92,18435.03
ORD102657,10-12-2023,Flipkart,Home & Furniture,Decor,Campus Decor Z392,Campus,4,4973,19892,20,15913.6,Credit Card,Delivered,3,CUST2718,Tarini Krishnamurthy,Female,41,Ahmedabad,Gujarat,3.2,,12.73,2428.52
ORD103180,17-06-2024,Flipkart,"Books, Sports & Gaming",Gaming,Microsoft Gaming M851,Microsoft,1,3240,3240,20,2592,UPI,Delivered,6,CUST2790,Anya Gokhale,Female,39,Amritsar,Punjab,3.1,,4.39,608.57
ORD102076,25-04-2024,Amazon,Fashion,Shoes,Bata Shoes Z168,Bata,2,7888,15776,10,14198.4,Wallet,Delivered,5,CUST5011,Samiha Joshi,Female,34,Pune,Maharashtra,3.8,,13.47,2367.88
ORD100441,13-03-2024,Amazon,Books,Stationery,Zara Stationery S538,Zara,1,931,931,25,698.25,UPI,Delivered,2,CUST2389,Anay Dhaliwal,Male,58,Noida,Uttar Pradesh,4.5,,12.62,65.78
ORD104051,13-07-2025,Max,Kids' Fashion,Accessories,JBL Accessories Z393,JBL,1,1625,1625,10,1462.5,UPI,Delivered,3,CUST2424,Jivika Shere,Female,41,Mysuru,Karnataka,2.4,,10.78,285.79
ORD102051,10-12-2024,Amazon,Baby Products,Apparel,Samsung Apparel M447,Samsung,3,2655,7965,10,7168.5,UPI,Delivered,8,CUST9521,Vedika Chana,Female,48,Kolkata,West Bengal,4.8,,6.12,1737.57
ORD102541,05-05-2023,Flipkart,Grocery,Fresh,Campus Fresh Z812,Campus,4,4039,16156,5,15348.2,COD,Delivered,5,CUST8422,Chirag Grewal,Male,27,Surat,Gujarat,3.1,,14.2,1211.04
ORD103306,04-05-2024,Flipkart,Home & Furniture,Decor,Samsung Decor Z761,Samsung,4,5107,20428,5,19406.6,UPI,Returned,5,CUST9762,Lakshay Vasa,Female,15,Vadodara,Gujarat,2.7,Size issue,10.43,3805.38
ORD101301,22-05-2023,Myntra,Accessories,Wallets,Philips Wallets S874,Philips,2,742,1484,15,1261.4,Debit Card,Returned,11,CUST4799,Ishita Saha,Female,33,Bengaluru,Karnataka,1,Other,4.15,340.91
ORD101781,15-12-2024,Max,Plus Size,Plus Tops,Campus Sutra Plus Tops S788,Campus Sutra,2,1913,3826,15,3252.1,COD,Delivered,5,CUST6391,Anaya Manne,Female,29,Mysuru,Karnataka,3.3,,15.7,478.08
ORD104814,03-08-2025,Myntra,Clothing,Ethnic Wear,Biba Ethnic Wear Z366,Biba,2,1810,3620,30,2534,UPI,Delivered,1,CUST1157,Yasmin Bhavsar,Female,33,Madurai,Tamil Nadu,2.2,,6.94,640.5
ORD103430,02-05-2024,Amazon,Electronics,Televisions,Samsung Televisions M626,Samsung,1,91462,91462,0,91462,UPI,Delivered,8,CUST3041,Abram Reddy,Male,38,Kozhikode,Kerala,5,,9.83,7277.95
ORD101304,12-05-2024,Myntra,Footwear,Casual,Campus Casual Z672,Campus,1,4145,4145,10,3730.5,COD,Delivered,2,CUST6255,Zoya Kala,Female,29,Bengaluru,Karnataka,1.3,,7.55,962.52
ORD100236,02-05-2025,Myntra,Clothing,Western Wear,Roadster Western Wear M274,Roadster,4,606,2424,5,2302.8,UPI,Delivered,3,CUST1301,Mehul Chand,Female,29,New Delhi,Delhi,1.2,,17.89,536.36
ORD102599,20-09-2025,Amazon,Groceries,Gourmet Foods,Home Centre Gourmet Foods S551,Home Centre,2,3217,6434,5,6112.3,UPI,In Transit,1,CUST2397,Saanvi Dar,Male,38,Mysuru,Karnataka,4.5,,7.07,424.59
ORD100520,10-02-2025,Amazon,Beauty & Personal Care,Healthcare,Himalaya Healthcare Z402,Himalaya,2,174,348,20,278.4,Wallet,Delivered,1,CUST7987,Amira Iyer,Female,21,Vadodara,Gujarat,3.1,,9.17,39.53
ORD102573,07-03-2023,Amazon,Home & Kitchen,Furniture,Ikea Furniture Z769,Ikea,3,33736,101208,5,96147.6,Debit Card,Delivered,9,CUST2926,Yasmin Chandran,Male,62,Chennai,Tamil Nadu,3.9,,8.55,19974.16
ORD103280,28-06-2024,Amazon,Sports & Outdoors,Sportswear,Adidas Sportswear S341,Adidas,4,2533,10132,0,10132,Credit Card,Delivered,5,CUST8501,Kimaya Bains,Male,21,Bengaluru,Karnataka,2.8,,5.21,1857.43
ORD103186,19-01-2023,Max,Men's Fashion,Winter Wear,Roadster Winter Wear Z780,Roadster,3,3371,10113,0,10113,COD,In Transit,10,CUST5527,Prisha Sodhi,Female,50,Thiruvananthapuram,Kerala,2.5,,4.01,2920.57
ORD102768,28-09-2023,Myntra,Footwear,Casual,Campus Casual Z760,Campus,3,2669,8007,5,7606.65,Debit Card,Delivered,11,CUST2527,Gokul Dutt,Male,27,Mumbai,Maharashtra,1.8,,7.21,2045.89
ORD100735,05-06-2025,Amazon,Fashion,Watches,Fastrack Watches Z374,Fastrack,3,14451,43353,20,34682.4,UPI,Delivered,2,CUST4075,Tejas Raman,Female,35,Coimbatore,Tamil Nadu,2.5,,11.22,5659.45
ORD104703,18-09-2024,Amazon,Home & Kitchen,Kitchenware,Hawkins Kitchenware X721,Hawkins,1,5655,5655,5,5372.25,Debit Card,Returned,3,CUST6258,Stuvan Badami,Male,25,Lucknow,Uttar Pradesh,3.9,Defective,11.88,1200.28
ORD104929,11-11-2024,Amazon,Groceries,Fresh Produce,BigBasket Fresh Produce M210,BigBasket,1,66,66,5,62.7,COD,Delivered,5,CUST2396,Drishya Kant,Male,27,Surat,Gujarat,4.2,,16.48,3.99
ORD102106,22-04-2024,Amazon,Home & Kitchen,Appliances,Samsung Appliances X329,Samsung,1,53466,53466,5,50792.7,Credit Card,Delivered,5,CUST7357,Nitya Kohli,Male,29,Ahmedabad,Gujarat,4.4,,15.61,8241.82
ORD102679,14-08-2023,Amazon,Groceries,Fresh Produce,LocalFarm Fresh Produce M594,LocalFarm,4,1081,4324,0,4324,COD,In Transit,10,CUST4573,Baiju Sule,Female,39,Vadodara,Gujarat,5,,8.73,205.65
ORD103229,31-01-2023,Flipkart,"Books, Sports & Gaming",Gaming,Microsoft Gaming S209,Microsoft,1,31815,31815,5,30224.25,COD,Delivered,7,CUST5289,Fateh Shetty,Female,30,Kolkata,West Bengal,1.6,,7.3,3422.4
ORD102761,07-07-2024,Amazon,Beauty & Personal Care,Healthcare,Himalaya Healthcare Z415,Himalaya,1,1856,1856,20,1484.8,UPI,Delivered,7,CUST1224,Pari Deo,Male,31,Mumbai,Maharashtra,4.4,,4.65,177.23
ORD100592,11-02-2024,Amazon,Baby Products,Diapers,Campus Sutra Diapers Z779,Campus Sutra,4,5710,22840,5,21698,UPI,Delivered,7,CUST5182,Ryan Comar,Female,27,New Delhi,Delhi,4.4,,8.72,5996.37
ORD101303,18-07-2025,Myntra,Clothing,Ethnic Wear,FabIndia Ethnic Wear X977,FabIndia,3,3323,9969,40,5981.4,UPI,Delivered,2,CUST8434,Seher Lanka,Female,17,Pune,Maharashtra,2.3,,8.74,1476.45
ORD101387,05-02-2025,Amazon,Beauty & Personal Care,Makeup,Loreal Makeup M812,Loreal,4,2454,9816,10,8834.4,Credit Card,Delivered,6,CUST3074,Fateh Tailor,Female,54,Chennai,Tamil Nadu,4.7,,10.71,2424.59
ORD104695,12-06-2023,Max,Women's Fashion,Tops,OnePlus Tops Z882,OnePlus,2,3757,7514,5,7138.3,Wallet,Delivered,8,CUST5151,Jayant Bala,Female,44,Surat,Gujarat,2.8,,9.99,1583.75
ORD104526,02-11-2023,Max,Kids' Fashion,Kids Shoes,Asus Kids Shoes X422,Asus,1,1972,1972,5,1873.4,UPI,Delivered,10,CUST5337,Divij Rama,Female,16,Ludhiana,Punjab,2.6,,4.45,246.15
ORD103947,09-07-2023,Flipkart,Grocery,Essentials,Sony Essentials S790,Sony,1,2724,2724,5,2587.8,COD,In Transit,10,CUST5400,Mannat Barad,Male,65,Thiruvananthapuram,Kerala,3.7,,9.13,206.31
ORD101890,18-10-2023,Flipkart,Automotive,Spare Parts,Loreal Spare Parts S178,Loreal,3,17008,51024,15,43370.4,Debit Card,Delivered,12,CUST3559,Hansh Mallick,Male,22,Lucknow,Uttar Pradesh,2.9,,9.97,10833.42
ORD102987,11-11-2024,Amazon,Home & Kitchen,Furniture,HomeTown Furniture S152,HomeTown,2,42921,85842,0,85842,Credit Card,Delivered,6,CUST3143,Anahita Sinha,Male,34,New Delhi,Delhi,5,,17.63,18385.49
ORD104924,12-09-2023,Flipkart,"Books, Sports & Gaming",Books,HarperCollins Books Z485,HarperCollins,2,1324,2648,5,2515.6,UPI,Delivered,6,CUST7849,Shayak Salvi,Female,33,Pune,Maharashtra,2.3,,5.23,576.84
ORD103297,12-11-2023,Myntra,Home & Living,Kitchenware,Prestige Kitchenware M518,Prestige,3,4925,14775,25,11081.25,COD,In Transit,3,CUST2113,Taimur Sarin,Male,35,Surat,Gujarat,1.6,,9.42,3150.97
ORD100904,27-03-2025,Amazon,Electronics,Televisions,Samsung Televisions S370,Samsung,1,100089,100089,0,100089,Debit Card,Delivered,1,CUST5267,Miraya Gulati,Male,59,Thiruvananthapuram,Kerala,4.5,,12.9,11447.68
ORD104609,05-08-2024,Myntra,Footwear,Formal,Red Tape Formal Z802,Red Tape,1,4034,4034,30,2823.8,UPI,Delivered,3,CUST1246,Advika Kurian,Female,46,Mysuru,Karnataka,3,,10.92,780.3
ORD101279,05-09-2024,Myntra,Home & Living,Decor,Xiaomi Decor Z564,Xiaomi,3,4333,12999,5,12349.05,COD,Delivered,4,CUST4563,Fateh Chand,Female,19,Ahmedabad,Gujarat,2,,14.12,3296.63
ORD100933,07-01-2023,Flipkart,Electronics,Mobiles,Samsung Mobiles Z342,Samsung,1,14418,14418,10,12976.2,Debit Card,Cancelled,6,CUST2497,Nakul Walla,Male,34,Noida,Uttar Pradesh,2.7,,9.52,1759.49
ORD104899,25-07-2024,Flipkart,Home & Furniture,Household Essentials,Puma Household Essentials M899,Puma,2,3240,6480,5,6156,COD,Delivered,2,CUST5481,Miraan Sahota,Female,38,Mumbai,Maharashtra,4.4,,5.28,655.24
ORD102308,03-01-2023,Amazon,Fashion,Clothing,W Clothing Z890,W,3,5087,15261,30,10682.7,COD,Returned,6,CUST2610,Aaryahi Lalla,Male,30,Pune,Maharashtra,4.1,Size issue,13.37,2918.78
ORD101555,21-09-2024,Amazon,Home & Kitchen,Kitchenware,Prestige Kitchenware S348,Prestige,4,2129,8516,20,6812.8,UPI,Delivered,6,CUST9810,Aniruddh Lad,Male,64,Nagpur,Maharashtra,3.8,,4.89,1890.02
ORD104533,15-07-2024,Amazon,Electronics,Televisions,Sony Televisions M513,Sony,1,57759,57759,0,57759,UPI,Delivered,4,CUST7783,Mehul Keer,Male,15,Surat,Gujarat,4,,17.27,8391.4
ORD103190,29-10-2024,Myntra,Footwear,Formal,Red Tape Formal Z683,Red Tape,2,3143,6286,10,5657.4,COD,Delivered,5,CUST1422,Kiaan Behl,Male,57,New Delhi,Delhi,2.5,,13.88,1488.1
ORD104441,23-05-2024,Amazon,Books,Books,Penguin Books S740,Penguin,3,1643,4929,10,4436.1,Debit Card,Delivered,3,CUST9320,Nakul Lad,Female,29,Kolkata,West Bengal,4.5,,10.78,826.68
ORD100706,16-07-2025,Flipkart,Beauty & Personal Care,Makeup,Maybelline Makeup Z445,Maybelline,3,2994,8982,10,8083.8,UPI,Delivered,1,CUST5424,Nitya Dar,Female,35,Jaipur,Rajasthan,3.2,,7.35,2031.51
ORD104690,17-02-2024,Amazon,Sports & Outdoors,Fitness,HRX Fitness M209,HRX,3,37949,113847,0,113847,UPI,Delivered,6,CUST4283,Zaina Manda,Male,41,Kolkata,West Bengal,5,,8.51,15136.29
ORD103070,10-10-2024,Amazon,Groceries,Essentials,Lilliput Essentials S571,Lilliput,3,4453,13359,15,11355.15,UPI,Delivered,3,CUST9534,Vedika Sem,Female,31,Kolkata,West Bengal,4.6,,14.28,829.86
ORD100745,16-08-2025,Amazon,Sports & Outdoors,Outdoor Gear,Samsung Outdoor Gear X495,Samsung,1,3807,3807,5,3616.65,Credit Card,Delivered,1,CUST7399,Hridaan Bhat,Male,32,Kochi,Kerala,4.9,,11.28,451
ORD103594,21-06-2023,Amazon,Fashion,Jewelry,Tanishq Jewelry S263,Tanishq,4,15509,62036,25,46527,COD,Delivered,12,CUST5604,Indranil Kamdar,Female,18,Bengaluru,Karnataka,4.6,,15.38,9110.99
ORD101939,13-09-2024,Flipkart,Electronics,Computers,Asus Computers X899,Asus,1,66535,66535,0,66535,UPI,Returned,4,CUST5316,Neelofar Jhaveri,Male,45,Surat,Gujarat,3,Changed mind,14.6,6672.31
ORD104400,22-05-2023,Amazon,Groceries,Snacks,LG Snacks X974,LG,1,4771,4771,0,4771,Debit Card,Delivered,11,CUST1640,Pihu Dutta,Female,30,Pune,Maharashtra,3.4,,15.13,145.58
ORD102862,08-10-2024,Max,Plus Size,Plus Bottoms,Asus Plus Bottoms X471,Asus,4,1743,6972,20,5577.6,UPI,Delivered,3,CUST9000,Ayesha Badal,Male,25,Kolkata,West Bengal,2,,14.42,556.92
ORD103996,25-01-2024,Myntra,Home & Living,Furnishings,Home Centre Furnishings M510,Home Centre,2,5507,11014,10,9912.6,UPI,Delivered,3,CUST6474,Kashvi Batta,Female,25,Noida,Uttar Pradesh,1.6,,14.24,2280.01
ORD100513,05-08-2023,Myntra,Home & Living,Kitchenware,Prestige Kitchenware X721,Prestige,1,4823,4823,5,4581.85,Credit Card,Delivered,6,CUST9982,Pihu Sarna,Female,58,Kolkata,West Bengal,2,,11.92,1372.35
ORD100081,28-05-2023,Amazon,Books,Stationery,H&M Stationery M691,H&M,1,812,812,5,771.4,COD,In Transit,7,CUST7850,Zara Atwal,Female,26,Bengaluru,Karnataka,4.6,,17.24,141.71
ORD104976,14-05-2025,Myntra,Accessories,Watches,Fastrack Watches Z633,Fastrack,3,8657,25971,5,24672.45,UPI,Delivered,3,CUST6346,Saksham Sampath,Female,41,Madurai,Tamil Nadu,3.2,,9.21,2652.11
ORD101308,20-11-2024,Myntra,Personal Care,Fragrances,Maybelline Fragrances Z111,Maybelline,4,1012,4048,10,3643.2,UPI,Delivered,7,CUST7229,Siya Sarma,Female,43,Coimbatore,Tamil Nadu,2.6,,4.15,698.2
ORD104614,29-09-2025,Amazon,Electronics,Cameras,Sony Cameras Z707,Sony,1,16448,16448,0,16448,Credit Card,Delivered,2,CUST5627,Stuvan Deo,Male,33,Ahmedabad,Gujarat,4.6,,14.31,1504.31
ORD100914,06-02-2025,Amazon,Fashion,Jewelry,Tanishq Jewelry S683,Tanishq,4,19497,77988,40,46792.8,UPI,Returned,5,CUST1015,Parinaaz Sarna,Female,63,Mumbai,Maharashtra,3.8,Changed mind,17.84,11465.02
ORD103452,07-09-2023,Amazon,Home & Kitchen,Home Decor,FabIndia Home Decor X982,FabIndia,2,6320,12640,5,12008,COD,Delivered,8,CUST7686,Indrans Sood,Female,30,Chennai,Tamil Nadu,4.2,,17.15,1337.5
ORD103695,11-09-2025,Myntra,Home & Living,Kitchenware,Prestige Kitchenware Z941,Prestige,4,4690,18760,30,13132,UPI,Delivered,1,CUST3862,Indrans Dyal,Female,40,Chennai,Tamil Nadu,2,,4.71,2400.78
ORD104804,15-04-2025,Myntra,Footwear,Sports,Puma Sports S375,Puma,4,1568,6272,5,5958.4,Debit Card,Delivered,2,CUST1794,Amani Ramaswamy,Male,31,Ahmedabad,Gujarat,1.8,,5.68,1473.11
ORD103156,01-10-2025,Amazon,Baby Products,Apparel,Home Centre Apparel X994,Home Centre,3,1903,5709,10,5138.1,UPI,Delivered,4,CUST4367,Tarini Seshadri,Male,21,Pune,Maharashtra,4.6,,8.37,664.7
ORD102198,19-08-2025,Amazon,Electronics,Accessories,JBL Accessories S954,JBL,3,2961,8883,5,8438.85,UPI,Delivered,6,CUST8675,Navya Sood,Male,23,Kochi,Kerala,5,,17.54,496.61
ORD104232,26-02-2023,Myntra,Home & Living,Furnishings,Portico Furnishings X526,Portico,2,13064,26128,20,20902.4,COD,Delivered,4,CUST3904,Uthkarsh Din,Female,65,Pune,Maharashtra,3.1,,4.83,1910.13
ORD100774,03-03-2023,Flipkart,Automotive,Accessories,Portronics Accessories Z911,Portronics,2,1527,3054,5,2901.3,UPI,Delivered,5,CUST7817,Taran Ganesan,Female,26,Mumbai,Maharashtra,3.9,,16.78,727.32
ORD100329,17-10-2023,Max,Kids' Fashion,Accessories,Portronics Accessories M267,Portronics,1,1714,1714,40,1028.4,Credit Card,Delivered,10,CUST4766,Riaan Kota,Female,37,Nagpur,Maharashtra,2.7,,4.75,115.9
ORD102054,29-04-2024,Myntra,Personal Care,Makeup,Loreal Makeup S554,Loreal,1,1521,1521,10,1368.9,UPI,Delivered,2,CUST9798,Adah Shere,Male,35,Mumbai,Maharashtra,2.1,,12.23,235.23
ORD102001,19-05-2025,Flipkart,Grocery,Essentials,Tanishq Essentials X993,Tanishq,3,3222,9666,25,7249.5,Credit Card,Delivered,2,CUST9228,Advika Saraf,Female,38,Bengaluru,Karnataka,4.2,,10.26,309.42
ORD100943,12-04-2023,Myntra,Footwear,Formal,Red Tape Formal S724,Red Tape,4,7874,31496,5,29921.2,COD,In Transit,11,CUST9787,Zeeshan Lanka,Female,33,Pune,Maharashtra,1.6,,11.04,7343.76
ORD100822,25-12-2023,Max,Men's Fashion,Bottoms,Philips Bottoms M767,Philips,3,811,2433,20,1946.4,UPI,Delivered,7,CUST8032,Renee Dubey,Female,51,Bengaluru,Karnataka,1.7,,17.3,175.9
ORD104527,11-05-2023,Flipkart,Fashion,Footwear,Sony Footwear Z999,Sony,1,443,443,20,354.4,COD,Delivered,6,CUST5128,Tushar Bhasin,Female,23,Kozhikode,Kerala,2.7,,4.25,82.24
ORD100909,23-01-2025,Amazon,Beauty & Personal Care,Makeup,Lakme Makeup Z884,Lakme,1,1211,1211,15,1029.35,UPI,Delivered,1,CUST3723,Mahika Kalita,Female,29,Mumbai,Maharashtra,3.4,,7.79,87.06
ORD102516,03-05-2023,Amazon,Home & Kitchen,Appliances,Samsung Appliances M769,Samsung,1,27801,27801,0,27801,UPI,Delivered,5,CUST5922,Jhanvi Sharaf,Female,28,Kolkata,West Bengal,4.5,,16.57,7227.87
ORD100181,01-10-2023,Myntra,Footwear,Formal,Red Tape Formal X490,Red Tape,3,2792,8376,15,7119.6,COD,Delivered,11,CUST7371,Dharmajan Khalsa,Female,16,Bengaluru,Karnataka,3.1,,16.11,1732.42
ORD100164,25-02-2023,Max,Men's Fashion,T-Shirts,H&M T-Shirts Z904,H&M,2,2055,4110,20,3288,Credit Card,Delivered,5,CUST3762,Divit Buch,Female,29,Ahmedabad,Gujarat,2.2,,10.33,414.5
ORD101523,14-05-2025,Myntra,Accessories,Watches,Fastrack Watches S847,Fastrack,2,13385,26770,15,22754.5,COD,Delivered,6,CUST8643,Lakshit Dutta,Female,21,Surat,Gujarat,1.7,,12.66,5993.04
ORD100451,26-03-2025,Amazon,Electronics,Televisions,Samsung Televisions M558,Samsung,1,107946,107946,0,107946,Credit Card,Delivered,6,CUST9218,Riaan Savant,Male,32,Chennai,Tamil Nadu,4,,5.97,15480.76
ORD102538,02-03-2023,Myntra,Footwear,Sports,Biba Sports Z250,Biba,3,5294,15882,0,15882,Credit Card,Delivered,12,CUST2278,Ivana Das,Male,15,Ahmedabad,Gujarat,2.3,,12.91,4290.83
ORD104137,01-07-2025,Myntra,Accessories,Bags,Wildcraft Bags S506,Wildcraft,3,2989,8967,10,8070.3,UPI,Delivered,4,CUST5612,Mohanlal Gole,Male,58,Mumbai,Maharashtra,1.8,,5.44,758.74
ORD104775,17-10-2023,Myntra,Home & Living,Kitchenware,Prestige Kitchenware M808,Prestige,3,6737,20211,20,16168.8,Debit Card,Delivered,11,CUST9644,Rhea Seshadri,Female,19,Bengaluru,Karnataka,1.9,,15.3,4086.88
ORD101311,17-06-2023,Amazon,Beauty & Personal Care,Makeup,Maybelline Makeup Z726,Maybelline,3,1131,3393,0,3393,COD,In Transit,9,CUST4712,Vanya Choudhury,Female,22,Surat,Gujarat,4.7,,11.92,998.72
ORD103149,10-12-2024,Myntra,Accessories,Jewelry,Voylla Jewelry Z426,Voylla,3,18204,54612,30,38228.4,COD,Delivered,5,CUST8265,Inaaya  Ramaswamy,Male,36,New Delhi,Delhi,2.3,,16.13,11088.91
ORD101111,02-12-2024,Flipkart,Automotive,Spare Parts,Puma Spare Parts M898,Puma,1,4002,4002,15,3401.7,Credit Card,Delivered,3,CUST2041,Aarna Buch,Female,16,Vadodara,Gujarat,2.3,,14.4,522.48
ORD104547,15-01-2025,Max,Accessories,Shoes,Nike Shoes M169,Nike,2,3135,6270,5,5956.5,Credit Card,Delivered,5,CUST9115,Nirvi Ravel,Female,32,Ludhiana,Punjab,1.7,,12.21,1100.85
ORD104085,06-01-2023,Myntra,Clothing,Ethnic Wear,Biba Ethnic Wear M312,Biba,3,7552,22656,30,15859.2,COD,Delivered,4,CUST8946,Onkar Rajagopal,Male,23,Noida,Uttar Pradesh,2.2,,17.29,3044.83
ORD103489,27-06-2024,Flipkart,Home & Furniture,Household Essentials,Maybelline Household Essentials X735,Maybelline,2,1044,2088,10,1879.2,COD,Delivered,8,CUST1209,Navya Barad,Female,17,Surat,Gujarat,4.6,,6.78,358.88
ORD101287,21-06-2023,Amazon,Groceries,Essentials,Baggit Essentials M227,Baggit,1,1705,1705,15,1449.25,Wallet,Delivered,7,CUST9014,Nitara Subramanian,Male,29,Vadodara,Gujarat,4.3,,14.21,79.18
ORD104177,27-03-2023,Amazon,Electronics,Computers,Asus Computers M720,Asus,1,59050,59050,5,56097.5,UPI,Delivered,5,CUST2497,Sumer Dutt,Female,19,Bengaluru,Karnataka,4.1,,4.48,7399.53
ORD104645,21-04-2024,Myntra,Personal Care,Haircare,Prestige Haircare S390,Prestige,3,2588,7764,5,7375.8,COD,Delivered,6,CUST5329,Badal Bakshi,Female,36,Pune,Maharashtra,2.5,,12.13,1644.41
ORD103680,31-07-2025,Flipkart,Beauty & Personal Care,Grooming,HUL Grooming M819,HUL,3,1158,3474,0,3474,UPI,Delivered,4,CUST7075,Reyansh De,Male,35,Chennai,Tamil Nadu,3.5,,12.44,932.23
ORD104511,08-07-2024,Max,Women's Fashion,Winter Wear,Puma Winter Wear X699,Puma,4,1540,6160,5,5852,Credit Card,Delivered,3,CUST4761,Drishya Bhatti,Male,51,Pune,Maharashtra,1.7,,6.7,1670.84
ORD104168,11-05-2024,Amazon,Beauty & Personal Care,Healthcare,Patanjali Healthcare M507,Patanjali,4,1388,5552,0,5552,UPI,Delivered,8,CUST2879,Aaina Ramesh,Male,40,Ahmedabad,Gujarat,4.1,,11.84,1203.17
ORD103300,25-05-2025,Myntra,Personal Care,Fragrances,Philips Fragrances S765,Philips,1,1848,1848,10,1663.2,COD,Delivered,2,CUST9832,Divyansh Swaminathan,Male,33,Noida,Uttar Pradesh,1.8,,9.44,455.49
ORD103310,08-06-2024,Myntra,Accessories,Bags,Baggit Bags S736,Baggit,4,2070,8280,40,4968,COD,Delivered,7,CUST9234,Zaina Bath,Female,47,Noida,Uttar Pradesh,1.9,,5.44,1274.34
ORD104556,29-01-2023,Myntra,Clothing,Ethnic Wear,FabIndia Ethnic Wear M985,FabIndia,3,1775,5325,20,4260,Credit Card,Delivered,9,CUST8957,Divij Sankaran,Male,22,Kolkata,West Bengal,2.1,,8.83,969.48
ORD103125,03-07-2024,Amazon,Fashion,Bags,Baggit Bags S380,Baggit,1,3362,3362,20,2689.6,UPI,Delivered,2,CUST4874,Anaya Dube,Female,37,Kolkata,West Bengal,3.9,,8.71,565.3
ORD100327,28-11-2023,Max,Plus Size,Plus Tops,Campus Plus Tops Z409,Campus,3,643,1929,5,1832.55,COD,Delivered,8,CUST1745,Yakshit Dewan,Female,42,Mumbai,Maharashtra,3.2,,17.95,525.3
ORD101790,27-07-2024,Myntra,Footwear,Sports,LocalFarm Sports X886,LocalFarm,3,1063,3189,15,2710.65,UPI,Delivered,2,CUST6305,Ishita Malhotra,Female,47,Bengaluru,Karnataka,2.3,,10.94,288.64
ORD102490,20-07-2025,Max,Women's Fashion,Winter Wear,Canon Winter Wear M975,Canon,4,5130,20520,15,17442,Credit Card,Delivered,6,CUST3947,Aarna Sheth,Female,29,Surat,Gujarat,3,,8.19,3978.98
ORD102006,12-05-2025,Flipkart,Electronics,Mobiles,Realme Mobiles Z801,Realme,1,69188,69188,0,69188,UPI,In Transit,3,CUST7369,Adah Sehgal,Male,59,Pune,Maharashtra,3.1,,16.55,7296.8
ORD102007,05-06-2023,Myntra,Accessories,Wallets,Roadster Wallets Z828,Roadster,1,3305,3305,0,3305,Credit Card,Delivered,5,CUST5177,Yuvraj  Shanker,Male,30,Ahmedabad,Gujarat,2.2,,7.92,757.62
ORD101858,21-03-2025,Myntra,Home & Living,Decor,Nilkamal Decor S491,Nilkamal,1,3754,3754,20,3003.2,UPI,Delivered,2,CUST7951,Ivana Basak,Female,16,Mumbai,Maharashtra,2,,8.72,567.99
ORD104685,05-02-2025,Max,Kids' Fashion,Accessories,JBL Accessories Z107,JBL,1,1146,1146,10,1031.4,UPI,Delivered,4,CUST2344,Drishya Vora,Female,41,Kolkata,West Bengal,2.6,,11.62,170.44
ORD100312,07-05-2025,Amazon,Electronics,Televisions,Sony Televisions Z773,Sony,1,66990,66990,0,66990,UPI,Delivered,1,CUST1322,Bhamini Kala,Male,26,Madurai,Tamil Nadu,4.4,,8.27,6289.51
ORD100832,13-11-2023,Flipkart,Grocery,Fresh,Himalaya Fresh Z375,Himalaya,1,2815,2815,10,2533.5,Debit Card,Returned,7,CUST1754,Chirag Khatri,Male,21,Chennai,Tamil Nadu,3.7,Size issue,8.64,190.38
ORD103079,16-05-2024,Flipkart,Automotive,Accessories,Boat Accessories X225,Boat,4,3851,15404,0,15404,COD,Delivered,6,CUST5749,Hridaan Bahl,Female,39,Bengaluru,Karnataka,3.1,,14.28,2563.54
ORD104717,25-01-2024,Myntra,Clothing,Western Wear,Roadster Western Wear M150,Roadster,4,4365,17460,40,10476,Debit Card,Delivered,5,CUST8140,Adah Raja,Male,24,Thiruvananthapuram,Kerala,1.6,,12.85,1395.52
ORD103462,24-09-2025,Amazon,Books,Stationery,H&M Stationery S475,H&M,1,1529,1529,0,1529,UPI,Delivered,2,CUST9475,Mishti Handa,Female,17,Surat,Gujarat,4.5,,7.25,146.94
ORD101201,02-01-2024,Amazon,Baby Products,Diapers,Hawkins Diapers X365,Hawkins,4,4558,18232,15,15497.2,UPI,Delivered,5,CUST6735,Pranay Chadha,Male,44,New Delhi,Delhi,3.3,,7.13,1895.87
ORD104391,01-08-2025,Amazon,Groceries,Snacks,Red Tape Snacks S637,Red Tape,3,1140,3420,10,3078,Credit Card,Delivered,1,CUST5212,Sumer Chana,Female,25,Surat,Gujarat,5,,15.37,167.56
ORD103547,31-05-2023,Flipkart,Automotive,Accessories,Boat Accessories M272,Boat,4,2827,11308,5,10742.6,Credit Card,Delivered,12,CUST7595,Alisha Das,Male,20,Chennai,Tamil Nadu,3.2,,10.45,2581.88
ORD104922,29-01-2023,Max,Kids' Fashion,Accessories,JBL Accessories Z196,JBL,1,2483,2483,15,2110.55,COD,Delivered,12,CUST4155,Ranbir Som,Female,26,Pune,Maharashtra,2.6,,6.93,411.99
ORD102134,03-12-2023,Myntra,Personal Care,Haircare,Nilkamal Haircare S282,Nilkamal,3,3851,11553,30,8087.1,UPI,Delivered,6,CUST6705,Zara Grewal,Female,28,New Delhi,Delhi,1.6,,16.25,1812.24
ORD103451,24-02-2025,Myntra,Accessories,Bags,Baggit Bags X112,Baggit,2,5942,11884,30,8318.8,UPI,In Transit,2,CUST6562,Kismat Agarwal,Female,60,Amritsar,Punjab,1.7,,8.2,2083.73
ORD102209,19-03-2024,Amazon,Groceries,Snacks,HUL Snacks X381,HUL,1,398,398,5,378.1,Wallet,Delivered,8,CUST3287,Indrajit Sunder,Female,62,Surat,Gujarat,3.1,,10.28,14.99
ORD101901,12-10-2023,Max,Plus Size,Plus Tops,Apple Plus Tops X428,Apple,4,675,2700,0,2700,COD,Delivered,8,CUST8999,Indranil Bhakta,Male,21,Noida,Uttar Pradesh,2.3,,8.32,477.14
ORD101481,07-01-2024,Flipkart,Home & Furniture,Decor,Maybelline Decor Z934,Maybelline,1,2805,2805,5,2664.75,Debit Card,Delivered,7,CUST2760,Alia Sant,Female,47,Mumbai,Maharashtra,3.5,,13.2,427.6
ORD100777,06-01-2023,Amazon,Baby Products,Apparel,Voylla Apparel Z559,Voylla,2,3505,7010,0,7010,COD,Delivered,9,CUST9038,Lavanya Sandhu,Male,37,Pune,Maharashtra,5,,12.21,2095.44
ORD100799,22-04-2025,Amazon,Books,Books,Penguin Books Z702,Penguin,1,144,144,25,108,UPI,Delivered,3,CUST2111,Neelofar Kapoor,Male,61,Kolkata,West Bengal,3.9,,12.78,8.96
ORD103714,21-01-2025,Flipkart,Grocery,Fresh,Voylla Fresh X568,Voylla,2,5222,10444,15,8877.4,Debit Card,In Transit,6,CUST3616,Mishti Soman,Male,17,Surat,Gujarat,2.5,,16.12,692.63
ORD103942,21-02-2024,Myntra,Footwear,Sports,Campus Sports M703,Campus,3,5284,15852,10,14266.8,UPI,Delivered,7,CUST9301,Chirag Seth,Female,19,Ludhiana,Punjab,2.9,,4.89,4252.63
ORD100054,01-02-2025,Myntra,Footwear,Sports,Roadster Sports S967,Roadster,3,3449,10347,10,9312.3,Debit Card,Delivered,6,CUST9313,Aarna Behl,Male,39,Bengaluru,Karnataka,2.5,,8.37,957.23
ORD102972,10-03-2024,Flipkart,Electronics,Home Electronics,Hawkins Home Electronics Z185,Hawkins,3,5410,16230,10,14607,Credit Card,Delivered,6,CUST2687,Ahana  Dayal,Male,26,Bengaluru,Karnataka,2.4,,17.16,1245.14
ORD103335,05-10-2024,Myntra,Footwear,Formal,Red Tape Formal M896,Red Tape,3,6324,18972,5,18023.4,COD,In Transit,2,CUST8531,Purab Mall,Male,24,Surat,Gujarat,2.3,,14.19,2692.44
ORD101920,30-10-2024,Flipkart,Automotive,Accessories,Portronics Accessories X238,Portronics,4,2527,10108,10,9097.2,Debit Card,Delivered,5,CUST8377,Aniruddh Lall,Female,41,Lucknow,Uttar Pradesh,4.9,,7.8,1439.14
ORD103715,09-10-2023,Amazon,Books,Stationery,Nike Stationery Z484,Nike,2,1988,3976,10,3578.4,COD,Delivered,8,CUST8461,Onkar Chahal,Male,34,Bengaluru,Karnataka,4.2,,16.32,469.62
ORD104646,21-09-2024,Flipkart,"Books, Sports & Gaming",Books,HarperCollins Books S744,HarperCollins,1,1673,1673,0,1673,Credit Card,Returned,2,CUST3725,Aarush Yogi,Female,32,New Delhi,Delhi,2.3,Defective,7.12,140.09
ORD100946,12-09-2023,Max,Accessories,Bags,Wildcraft Bags M435,Wildcraft,2,4199,8398,10,7558.2,COD,In Transit,3,CUST9229,Sumer Yohannan,Female,55,Vadodara,Gujarat,2.1,,11.49,772.71
ORD101701,19-07-2023,Amazon,Electronics,Televisions,Samsung Televisions M400,Samsung,1,106628,106628,15,90633.8,Wallet,Delivered,5,CUST6562,Mohanlal Goyal,Male,18,Bengaluru,Karnataka,4.2,,5.18,5771.82
ORD103293,18-01-2023,Max,Plus Size,Plus Bottoms,BigBasket Plus Bottoms X739,BigBasket,2,1291,2582,20,2065.6,UPI,Delivered,3,CUST8740,Ela Sehgal,Male,37,Mumbai,Maharashtra,2.7,,4.13,539.77
ORD102161,10-05-2024,Amazon,Beauty & Personal Care,Grooming,HUL Grooming S405,HUL,3,4423,13269,25,9951.75,COD,Delivered,7,CUST7684,Mamooty Sarkar,Female,24,Surat,Gujarat,4.5,,14.26,1103.16
ORD101136,21-02-2024,Flipkart,Automotive,Spare Parts,Lakme Spare Parts Z499,Lakme,4,10054,40216,15,34183.6,COD,Delivered,7,CUST5520,Jivin Kale,Male,51,Coimbatore,Tamil Nadu,3.7,,10.53,6816.78
ORD100987,22-07-2023,Flipkart,Automotive,Accessories,Boat Accessories M785,Boat,1,4066,4066,0,4066,Credit Card,Delivered,11,CUST9200,Vihaan Shankar,Male,63,Mumbai,Maharashtra,3.5,,9.13,640.06
ORD102549,22-03-2023,Max,Accessories,Seasonal,Samsung Seasonal Z823,Samsung,2,807,1614,15,1371.9,UPI,Returned,3,CUST8760,Manjari Seth,Male,17,Bengaluru,Karnataka,1,Size issue,16.15,301.1
ORD100193,24-09-2023,Flipkart,Grocery,Fresh,JBL Fresh Z263,JBL,3,1068,3204,5,3043.8,COD,Cancelled,6,CUST3717,Dhanush Deol,Male,22,Kolkata,West Bengal,1.9,,15.87,214.06
ORD103057,22-03-2024,Amazon,Home & Kitchen,Furniture,HomeTown Furniture S534,HomeTown,2,13622,27244,5,25881.8,UPI,Delivered,5,CUST4023,Kismat Balakrishnan,Male,18,New Delhi,Delhi,3.3,,10.48,5381.98
ORD103246,15-03-2025,Amazon,Baby Products,Apparel,Portronics Apparel S175,Portronics,2,2982,5964,0,5964,UPI,Delivered,2,CUST1151,Advik Subramaniam,Male,16,Bengaluru,Karnataka,4.7,,11.28,571.38
ORD101394,20-07-2023,Amazon,Beauty & Personal Care,Grooming,HUL Grooming M476,HUL,4,853,3412,5,3241.4,COD,Delivered,7,CUST1546,Indranil Jaggi,Female,55,Ahmedabad,Gujarat,4,,9.93,696
ORD102637,10-02-2023,Flipkart,"Books, Sports & Gaming",Sporting Goods,Lilliput Sporting Goods S115,Lilliput,3,3761,11283,5,10718.85,COD,In Transit,8,CUST3871,Adira Loyal,Female,54,New Delhi,Delhi,2.6,,7.68,1250.09
ORD100768,15-01-2025,Flipkart,Beauty & Personal Care,Grooming,HUL Grooming S753,HUL,2,1773,3546,5,3368.7,Credit Card,Delivered,3,CUST3299,Yasmin Jani,Male,18,New Delhi,Delhi,3.5,,10.45,561.54
ORD104702,10-05-2025,Amazon,Home & Kitchen,Kitchenware,Hawkins Kitchenware M303,Hawkins,3,7508,22524,0,22524,UPI,Delivered,1,CUST8135,Mahika Das,Male,29,Kolkata,West Bengal,3.7,,12.59,4555.35
ORD103090,26-08-2023,Myntra,Personal Care,Makeup,Maybelline Makeup S240,Maybelline,4,2168,8672,15,7371.2,COD,In Transit,9,CUST2154,Kiaan Borde,Male,18,Ahmedabad,Gujarat,2.2,,17.02,1301.98
ORD103495,12-08-2024,Myntra,Accessories,Watches,Titan Watches Z910,Titan,1,2829,2829,30,1980.3,UPI,Returned,3,CUST6979,Navya Jani,Male,40,Ludhiana,Punjab,1,Late delivery,9.29,486.85
ORD103215,02-04-2025,Flipkart,Electronics,Home Electronics,MotherCare Home Electronics M500,MotherCare,3,638,1914,25,1435.5,UPI,Delivered,2,CUST4284,Amira Konda,Male,41,Kolkata,West Bengal,2.7,,11.91,155.39
ORD100285,20-09-2025,Flipkart,Fashion,Apparel,Zara Apparel X527,Zara,2,2772,5544,25,4158,UPI,Delivered,2,CUST4643,Nayantara Hegde,Female,61,Noida,Uttar Pradesh,3.4,,7.47,729.87
ORD104938,14-06-2024,Flipkart,"Books, Sports & Gaming",Gaming,Sony Gaming M690,Sony,1,36190,36190,10,32571,COD,In Transit,3,CUST1083,Aaina Khanna,Male,34,Ahmedabad,Gujarat,4.6,,5.05,8579.53
ORD100428,23-04-2023,Max,Women's Fashion,Tops,Only Tops S387,Only,2,544,1088,25,816,COD,Cancelled,10,CUST3498,Kartik Luthra,Male,43,Vadodara,Gujarat,2.1,,14.65,109.76
ORD104448,05-05-2024,Myntra,Home & Living,Kitchenware,Prestige Kitchenware Z147,Prestige,3,6693,20079,5,19075.05,COD,Delivered,8,CUST6351,Aarush Apte,Male,32,Kolkata,West Bengal,2.5,,16.03,5286.05
ORD102332,20-05-2025,Myntra,Home & Living,Kitchenware,Prestige Kitchenware M104,Prestige,1,1022,1022,0,1022,UPI,Delivered,5,CUST6209,Pari Devi,Female,53,Mysuru,Karnataka,1.9,,5.29,255.39
ORD102717,06-02-2025,Flipkart,Automotive,Accessories,JBL Accessories X760,JBL,1,1796,1796,10,1616.4,UPI,Delivered,4,CUST6235,Jivin Buch,Female,24,Madurai,Tamil Nadu,3.1,,5.22,367.43
ORD102079,16-05-2023,Amazon,Baby Products,Diapers,Lakme Diapers S979,Lakme,1,4131,4131,15,3511.35,UPI,Delivered,5,CUST3668,Dharmajan Raman,Male,16,Howrah,West Bengal,4.7,,11.46,989.38
ORD103389,03-09-2023,Amazon,Baby Products,Diapers,HP Diapers Z731,HP,4,3552,14208,5,13497.6,COD,In Transit,4,CUST9769,Parinaaz Wali,Female,33,Chennai,Tamil Nadu,4.6,,17.29,3613.98
ORD100722,29-11-2023,Amazon,Books,Stationery,Sony Stationery Z835,Sony,3,1036,3108,5,2952.6,UPI,Delivered,5,CUST2189,Oorja Chaudry,Female,39,Pune,Maharashtra,4.3,,6.87,382.31
ORD100951,13-09-2025,Amazon,Beauty & Personal Care,Healthcare,Himalaya Healthcare M913,Himalaya,1,691,691,5,656.45,UPI,Delivered,1,CUST5433,Priyansh Ram,Male,21,Chennai,Tamil Nadu,3.9,,7.69,89.94
ORD104383,20-09-2023,Amazon,Books,Books,Penguin Books Z806,Penguin,3,444,1332,10,1198.8,COD,Delivered,5,CUST7619,Mohanlal Butala,Female,24,Chennai,Tamil Nadu,4,,14.31,235.53
ORD104366,24-02-2025,Flipkart,"Books, Sports & Gaming",Books,HarperCollins Books S665,HarperCollins,4,1556,6224,0,6224,UPI,Delivered,2,CUST8604,Lavanya Swaminathan,Female,46,Pune,Maharashtra,4.8,,12.55,1268.87
ORD102262,31-01-2025,Amazon,Baby Products,Apparel,Bata Apparel Z694,Bata,2,3394,6788,5,6448.6,UPI,Delivered,1,CUST1888,Uthkarsh Swamy,Male,34,Kolkata,West Bengal,2.6,,8.61,1033.63
ORD100989,26-09-2024,Myntra,Footwear,Sports,Loreal Sports X932,Loreal,2,720,1440,0,1440,COD,Delivered,3,CUST1158,Dhanuk Sundaram,Female,45,Bengaluru,Karnataka,2.5,,9.44,116.6
ORD103212,10-12-2023,Myntra,Footwear,Sports,W Sports Z630,W,3,1811,5433,30,3803.1,COD,Returned,6,CUST7711,Tejas Bhatti,Male,43,Mumbai,Maharashtra,2.7,Defective,17.55,702.17
ORD101759,11-05-2024,Amazon,Sports & Outdoors,Fitness,HRX Fitness Z154,HRX,3,19152,57456,10,51710.4,Debit Card,Delivered,3,CUST6891,Riaan Kapadia,Male,42,Pune,Maharashtra,2.3,,8.21,15189.68
ORD104579,06-09-2024,Max,Women's Fashion,Winter Wear,Realme Winter Wear Z515,Realme,1,619,619,20,495.2,Wallet,In Transit,5,CUST4264,Bhavin Wagle,Female,54,Thiruvananthapuram,Kerala,2.7,,15.45,118.18
ORD100326,03-02-2025,Flipkart,Fashion,Footwear,FabIndia Footwear S992,FabIndia,3,3715,11145,5,10587.75,UPI,In Transit,3,CUST8506,Eshani Wali,Male,44,Pune,Maharashtra,3.1,,7.48,2204.78
ORD102608,18-08-2024,Amazon,Electronics,Cameras,Nikon Cameras M427,Nikon,1,42990,42990,0,42990,UPI,Delivered,2,CUST9090,Alisha Devan,Male,28,Nagpur,Maharashtra,5,,16.74,3996.47
ORD101383,05-07-2023,Flipkart,Beauty & Personal Care,Makeup,Loreal Makeup Z169,Loreal,3,1941,5823,0,5823,COD,Delivered,11,CUST8715,Dishani Rastogi,Female,29,Pune,Maharashtra,4,,16.47,1115.98
ORD101724,25-02-2025,Amazon,Books,Books,HarperCollins Books M956,HarperCollins,1,1224,1224,15,1040.4,Credit Card,Delivered,5,CUST2101,Rati Walla,Female,43,Kolkata,West Bengal,4,,13.5,124.91
ORD101086,27-06-2023,Amazon,Books,Books,HarperCollins Books M256,HarperCollins,1,579,579,10,521.1,COD,Delivered,12,CUST8978,Krish Walla,Male,23,Pune,Maharashtra,3.5,,15.82,93.04
ORD102523,23-01-2025,Flipkart,Grocery,Fresh,Adidas Fresh S859,Adidas,1,1159,1159,20,927.2,UPI,Delivered,3,CUST6574,Renee Kapur,Female,43,Mumbai,Maharashtra,2.2,,4.74,59.75
ORD100341,26-08-2023,Flipkart,Grocery,Fresh,Portronics Fresh S304,Portronics,4,5532,22128,15,18808.8,UPI,Delivered,5,CUST2412,Abram Jhaveri,Female,24,Surat,Gujarat,3,,12.71,829.9
ORD103701,01-09-2023,Flipkart,"Books, Sports & Gaming",Books,Penguin Books M425,Penguin,1,1751,1751,10,1575.9,UPI,Delivered,6,CUST7149,Vanya Chanda,Male,19,Howrah,West Bengal,3.2,,6.52,241.3
ORD100147,25-12-2024,Max,Accessories,Shoes,Puma Shoes S754,Puma,4,2801,11204,20,8963.2,COD,Delivered,6,CUST1530,Purab Garde,Male,33,Nagpur,Maharashtra,2,,9.48,2677.69
ORD100688,04-03-2025,Flipkart,Fashion,Footwear,Levis Footwear X402,Levis,4,1449,5796,0,5796,UPI,Delivered,4,CUST1841,Zain Kibe,Male,35,Bengaluru,Karnataka,2.9,,6.87,629.97
ORD103432,08-10-2024,Myntra,Accessories,Wallets,HRX Wallets S211,HRX,4,1838,7352,10,6616.8,UPI,Delivered,4,CUST7808,Sana Wagle,Female,23,Kozhikode,Kerala,1.9,,8.62,787.75
ORD101107,11-09-2025,Max,Kids' Fashion,Accessories,Portronics Accessories Z179,Portronics,3,2045,6135,25,4601.25,UPI,Delivered,4,CUST7185,Shamik Sagar,Male,41,Ludhiana,Punjab,2,,10.44,975.25
ORD100848,04-04-2025,Amazon,Baby Products,Feeding Supplies,Only Feeding Supplies Z421,Only,2,3770,7540,5,7163,UPI,Delivered,3,CUST2354,Indrajit Hans,Female,20,Surat,Gujarat,4.1,,6.48,574.06
ORD100966,30-11-2023,Max,Kids' Fashion,Accessories,Boat Accessories S861,Boat,2,4733,9466,0,9466,COD,Delivered,9,CUST3755,Aarush Gupta,Female,35,Mumbai,Maharashtra,2.2,,6.07,2539.26
ORD104727,29-01-2025,Myntra,Personal Care,Makeup,Loreal Makeup S839,Loreal,3,1294,3882,10,3493.8,UPI,Delivered,6,CUST6149,Jivika Dewan,Female,37,Bengaluru,Karnataka,1.1,,14.23,773.77
ORD101492,07-01-2024,Flipkart,Home & Furniture,Kitchen Appliances,Philips Kitchen Appliances X539,Philips,1,2126,2126,0,2126,UPI,Delivered,5,CUST1975,Hiran Arora,Male,35,Ludhiana,Punjab,3.4,,14.09,473.94
ORD103953,23-10-2024,Myntra,Home & Living,Decor,Red Tape Decor M673,Red Tape,3,2690,8070,5,7666.5,Wallet,Delivered,6,CUST8339,Ela Ganesan,Female,60,Surat,Gujarat,2.1,,12.84,1920.59
ORD102203,11-01-2025,Flipkart,Beauty & Personal Care,Grooming,HUL Grooming Z143,HUL,2,4222,8444,0,8444,UPI,Delivered,6,CUST9094,Aaryahi Jani,Female,58,Thiruvananthapuram,Kerala,2.9,,12.82,909.51
ORD102713,15-08-2023,Myntra,Footwear,Formal,Red Tape Formal Z708,Red Tape,1,2215,2215,20,1772,Credit Card,Delivered,6,CUST3999,Kavya Dora,Male,63,Pune,Maharashtra,1.7,,16.05,494.68
ORD100661,05-01-2023,Amazon,Home & Kitchen,Home Decor,Home Centre Home Decor S954,Home Centre,3,5149,15447,5,14674.65,UPI,Delivered,9,CUST4699,Nirvi Ahluwalia,Female,25,Surat,Gujarat,3.7,,13.63,4363.49
ORD101002,28-04-2025,Amazon,Sports & Outdoors,Outdoor Gear,Adidas Outdoor Gear S289,Adidas,4,4007,16028,10,14425.2,Debit Card,In Transit,2,CUST1539,Jayant Contractor,Male,60,Mangalore,Karnataka,3.2,,16.43,3328.69
ORD100062,17-08-2024,Flipkart,Automotive,Accessories,Portronics Accessories S472,Portronics,3,2793,8379,5,7960.05,Wallet,Delivered,8,CUST5059,Eva Dutt,Male,52,Surat,Gujarat,2.7,,11.06,938.99
ORD100284,08-08-2025,Flipkart,Fashion,Footwear,H&M Footwear S691,H&M,3,5617,16851,5,16008.45,UPI,In Transit,2,CUST4602,Armaan Kohli,Female,21,Noida,Uttar Pradesh,3.5,,9.86,3958.48
ORD102224,07-02-2025,Myntra,Home & Living,Decor,Roadster Decor S324,Roadster,4,3710,14840,5,14098,UPI,Delivered,5,CUST1030,Anay Sandhu,Female,50,Mumbai,Maharashtra,2.1,,13.84,3103.88
ORD104706,21-06-2024,Flipkart,Beauty & Personal Care,Grooming,HUL Grooming M309,HUL,4,794,3176,0,3176,COD,Delivered,4,CUST9000,Yasmin Basak,Female,37,Noida,Uttar Pradesh,4,,11.61,568.24
ORD101879,11-05-2025,Myntra,Accessories,Jewelry,Voylla Jewelry S821,Voylla,3,6713,20139,10,18125.1,UPI,In Transit,4,CUST2792,Jivika Bail,Female,34,Bengaluru,Karnataka,1.8,,7.34,2176.21
ORD103572,07-04-2024,Amazon,Home & Kitchen,Home Decor,Home Centre Home Decor M819,Home Centre,3,9019,27057,5,25704.15,UPI,Delivered,3,CUST3088,Dhanuk Buch,Male,20,Chennai,Tamil Nadu,3.8,,9.09,5283.45
ORD104857,07-05-2024,Myntra,Home & Living,Decor,Philips Decor M796,Philips,1,3506,3506,40,2103.6,UPI,Delivered,4,CUST2019,Neysa Loyal,Male,23,New Delhi,Delhi,2.3,,8.28,597.04
ORD101203,11-04-2024,Amazon,Baby Products,Diapers,W Diapers Z129,W,1,3954,3954,15,3360.9,UPI,Delivered,8,CUST5216,Charvi Kumer,Female,19,Noida,Uttar Pradesh,5,,14.46,831.59
ORD101990,21-05-2024,Amazon,Sports & Outdoors,Fitness,HRX Fitness X886,HRX,4,22175,88700,10,79830,COD,Delivered,8,CUST6845,Sara Saxena,Male,18,Noida,Uttar Pradesh,4.9,,9.94,18028.85
ORD100024,30-01-2023,Amazon,Sports & Outdoors,Outdoor Gear,HUL Outdoor Gear M870,HUL,1,4106,4106,5,3900.7,UPI,Delivered,10,CUST6529,Sumer Deep,Male,50,Kolkata,West Bengal,4.4,,8.58,702.26
ORD104852,19-06-2025,Myntra,Footwear,Formal,Red Tape Formal Z315,Red Tape,2,6470,12940,10,11646,UPI,Delivered,3,CUST4494,Renee Sachdeva,Male,43,Kolkata,West Bengal,1,,8.79,2927.16
ORD104102,17-06-2024,Amazon,Electronics,Mobiles,Apple Mobiles Z898,Apple,1,51892,51892,5,49297.4,UPI,Delivered,8,CUST1704,Kiaan Ray,Male,18,Bengaluru,Karnataka,5,,10.29,3444.39
ORD104167,09-07-2023,Max,Accessories,Shoes,Bata Shoes X659,Bata,2,3828,7656,10,6890.4,Credit Card,Delivered,10,CUST3976,Yuvraj  Deshpande,Female,53,Kolkata,West Bengal,2.4,,4.69,2043.53
ORD100762,20-12-2024,Flipkart,Beauty & Personal Care,Grooming,Philips Grooming X774,Philips,4,2495,9980,0,9980,Debit Card,Delivered,6,CUST1036,Tara Borah,Female,32,New Delhi,Delhi,3.3,,15.09,1599.98
ORD100875,27-03-2025,Flipkart,Home & Furniture,Household Essentials,HRX Household Essentials Z563,HRX,2,3819,7638,0,7638,UPI,In Transit,5,CUST3418,Keya Guha,Female,30,Bengaluru,Karnataka,3.5,,9.75,1184.78
ORD104742,25-04-2023,Max,Kids' Fashion,Kids Apparel,Adidas Kids Apparel M893,Adidas,3,4174,12522,20,10017.6,Wallet,Delivered,7,CUST6682,Hansh Deep,Male,52,Noida,Uttar Pradesh,1.7,,9.69,1326.99
ORD100938,28-06-2023,Flipkart,"Books, Sports & Gaming",Books,Penguin Books M535,Penguin,2,805,1610,0,1610,COD,Delivered,8,CUST9386,Gokul Uppal,Male,28,Mumbai,Maharashtra,3.4,,8.58,209
ORD102687,20-08-2025,Max,Kids' Fashion,Kids Apparel,Nikon Kids Apparel S466,Nikon,2,3692,7384,5,7014.8,UPI,Delivered,3,CUST9185,Urvi Grewal,Female,24,Bengaluru,Karnataka,2.9,,16.63,566.68
ORD103600,11-03-2023,Amazon,Groceries,Fresh Produce,LocalFarm Fresh Produce X197,LocalFarm,1,1002,1002,5,951.9,Credit Card,Delivered,8,CUST5494,Shanaya Dutt,Male,34,Chennai,Tamil Nadu,4.9,,5.82,69.73
ORD102394,20-07-2024,Max,Plus Size,Plus Bottoms,Levis Plus Bottoms M865,Levis,4,2025,8100,25,6075,Credit Card,Delivered,8,CUST6313,Kiaan Swamy,Male,34,Bengaluru,Karnataka,2.3,,13.71,1002.59
ORD104567,01-05-2023,Myntra,Footwear,Formal,Red Tape Formal Z492,Red Tape,1,4252,4252,15,3614.2,UPI,Delivered,12,CUST8262,Neelofar Wadhwa,Male,21,Chennai,Tamil Nadu,2.2,,4.66,380.67
ORD104980,12-01-2023,Max,Accessories,Seasonal,Portico Seasonal Z429,Portico,2,2150,4300,20,3440,COD,Delivered,5,CUST7641,Stuvan Gupta,Female,60,Surat,Gujarat,3,,5.67,731.9
ORD104124,10-11-2023,Amazon,Electronics,Computers,HP Computers Z687,HP,1,90310,90310,0,90310,Credit Card,Delivered,3,CUST5255,Saanvi Wagle,Male,41,Amritsar,Punjab,4.1,,16.73,4871.52
ORD104564,20-02-2023,Amazon,Books,Stationery,Lilliput Stationery S659,Lilliput,2,2235,4470,10,4023,COD,Delivered,4,CUST3280,Nitara Ahluwalia,Female,24,Chennai,Tamil Nadu,4.7,,6.63,491.18
ORD100385,23-04-2025,Myntra,Footwear,Formal,Red Tape Formal S605,Red Tape,4,4246,16984,20,13587.2,UPI,Returned,6,CUST9810,Damini Shankar,Male,28,Mangalore,Karnataka,2.2,Defective,16.4,1559.06
ORD103877,10-09-2024,Amazon,Electronics,Mobiles,Apple Mobiles Z354,Apple,1,38604,38604,25,28953,Credit Card,Delivered,2,CUST1473,Advika Batra,Female,25,Mumbai,Maharashtra,5,,14.88,2698.43
ORD104370,13-09-2024,Max,Women's Fashion,Winter Wear,Hawkins Winter Wear X393,Hawkins,3,4816,14448,10,13003.2,UPI,In Transit,7,CUST7745,Taran Lal,Female,29,New Delhi,Delhi,2.6,,11.16,3892.2
ORD104569,12-02-2025,Amazon,Beauty & Personal Care,Grooming,HUL Grooming X248,HUL,1,3000,3000,5,2850,UPI,Delivered,4,CUST5261,Shaan Dhawan,Male,43,Kolkata,West Bengal,3.7,,10.33,771.33
ORD100536,26-07-2024,Max,Kids' Fashion,Accessories,Boat Accessories M282,Boat,2,3725,7450,30,5215,UPI,Delivered,5,CUST3497,Miraan Ranganathan,Male,54,Pune,Maharashtra,3.2,,12.98,649.63
ORD102291,16-04-2023,Myntra,Personal Care,Makeup,Loreal Makeup M208,Loreal,3,2376,7128,20,5702.4,UPI,Delivered,12,CUST4421,Vidur Lalla,Female,33,Nagpur,Maharashtra,2.8,,5.04,1662
ORD104665,14-02-2024,Myntra,Footwear,Sports,Maybelline Sports X209,Maybelline,3,3060,9180,10,8262,COD,Delivered,7,CUST6725,Divij Gole,Male,65,Jaipur,Rajasthan,2.4,,7.62,2250.64
ORD103874,25-12-2023,Myntra,Footwear,Casual,Campus Casual X764,Campus,4,3305,13220,25,9915,UPI,Delivered,12,CUST7098,Divit Ratta,Female,24,Pune,Maharashtra,1.7,,8.25,2971.75
ORD100936,22-02-2025,Amazon,Beauty & Personal Care,Grooming,HUL Grooming X327,HUL,1,4829,4829,15,4104.65,UPI,Delivered,5,CUST1600,Nirvaan Madan,Male,24,New Delhi,Delhi,3.7,,15.86,872.93
ORD103737,16-03-2024,Amazon,Fashion,Watches,Titan Watches S451,Titan,4,6041,24164,20,19331.2,COD,Delivered,6,CUST8049,Samaira Shroff,Female,38,Noida,Uttar Pradesh,3,,15.81,1913.32
ORD104728,09-01-2023,Amazon,Electronics,Mobiles,Realme Mobiles S699,Realme,1,46716,46716,5,44380.2,Credit Card,Delivered,7,CUST3016,Shray Thakur,Male,63,Chennai,Tamil Nadu,4.3,,11.72,2765.43
ORD102360,30-06-2023,Myntra,Footwear,Casual,Campus Casual Z784,Campus,1,2754,2754,20,2203.2,COD,Delivered,6,CUST7558,Rati Kaul,Female,46,Surat,Gujarat,1,,6.57,486.27
ORD103507,08-03-2024,Flipkart,Beauty & Personal Care,Grooming,Philips Grooming X148,Philips,1,3858,3858,5,3665.1,COD,Returned,4,CUST6625,Taran Arya,Female,25,Vadodara,Gujarat,3.8,Changed mind,14.31,477.1
ORD100201,04-09-2024,Max,Plus Size,Plus Bottoms,Home Centre Plus Bottoms Z678,Home Centre,1,3154,3154,5,2996.3,UPI,Delivered,2,CUST5155,Saanvi Kari,Male,15,Bengaluru,Karnataka,1.9,,6.17,669.21
ORD103208,27-04-2024,Flipkart,Beauty & Personal Care,Grooming,HUL Grooming Z942,HUL,2,3211,6422,20,5137.6,Wallet,Delivered,2,CUST8246,Rania Gill,Male,26,Ahmedabad,Gujarat,2.7,,16.45,1335.53
ORD101332,06-10-2025,Amazon,Groceries,Fresh Produce,LocalFarm Fresh Produce M198,LocalFarm,3,93,279,5,265.05,UPI,Delivered,1,CUST1789,Mannat Mander,Male,30,Pune,Maharashtra,4.2,,8.54,8.91
ORD103016,22-11-2024,Myntra,Personal Care,Makeup,Lakme Makeup X981,Lakme,1,242,242,40,145.2,UPI,Returned,6,CUST9074,Divij Kala,Female,38,Noida,Uttar Pradesh,1,Other,14.76,20.49
ORD103502,20-04-2025,Amazon,Sports & Outdoors,Fitness,Decathlon Fitness S179,Decathlon,4,32059,128236,0,128236,UPI,Delivered,3,CUST8835,Sana Raval,Female,32,New Delhi,Delhi,3.8,,12.76,28166.16
ORD102708,24-03-2023,Amazon,Groceries,Essentials,Home Centre Essentials Z159,Home Centre,4,573,2292,5,2177.4,UPI,Delivered,7,CUST9491,Samar Khosla,Male,21,Kolkata,West Bengal,3.9,,9.34,77.39
ORD104021,27-02-2024,Max,Men's Fashion,Shirts,Samsung Shirts Z995,Samsung,2,4382,8764,15,7449.4,COD,Delivered,2,CUST7048,Himmat Dubey,Female,30,Thiruvananthapuram,Kerala,2.2,,6.09,1389.91
ORD101854,02-11-2024,Amazon,Beauty & Personal Care,Grooming,HUL Grooming Z819,HUL,3,2232,6696,10,6026.4,Debit Card,In Transit,7,CUST4014,Alisha Ramachandran,Female,20,Bengaluru,Karnataka,4.3,,14.95,1506.69
ORD104469,30-01-2023,Amazon,Beauty & Personal Care,Makeup,Maybelline Makeup X511,Maybelline,1,1175,1175,0,1175,Wallet,Returned,12,CUST6443,Shlok Dixit,Male,57,Pune,Maharashtra,4.1,Other,9.46,301.66
ORD102872,05-02-2024,Max,Kids' Fashion,Kids Shoes,Portronics Kids Shoes M438,Portronics,3,2118,6354,5,6036.3,Credit Card,Delivered,5,CUST3843,Anahita Chaudhari,Male,33,Kolkata,West Bengal,2.8,,10.77,1599.52
ORD103030,18-01-2024,Flipkart,Electronics,Mobiles,Samsung Mobiles X536,Samsung,1,8483,8483,5,8058.85,Wallet,Delivered,3,CUST6171,Jayesh Varkey,Male,39,Jaipur,Rajasthan,3.5,,16.74,915.7
ORD101205,15-11-2023,Amazon,Books,Books,HarperCollins Books M970,HarperCollins,4,479,1916,15,1628.6,Wallet,Delivered,6,CUST9693,Sara Khurana,Male,59,Jaipur,Rajasthan,4.3,,15.59,234.07
ORD101645,02-09-2025,Amazon,Books,Stationery,Sony Stationery M339,Sony,4,2278,9112,25,6834,UPI,In Transit,3,CUST6716,Anvi Thaman,Male,27,Kolkata,West Bengal,3.4,,10.41,961.64
ORD103417,19-04-2023,Amazon,Home & Kitchen,Home Decor,Home Centre Home Decor X806,Home Centre,3,1429,4287,20,3429.6,COD,Delivered,12,CUST4149,Anay Bhasin,Male,18,Mumbai,Maharashtra,4.2,,8.59,659.95
ORD103476,26-09-2023,Amazon,Beauty & Personal Care,Makeup,Lakme Makeup X245,Lakme,3,1008,3024,0,3024,UPI,Delivered,10,CUST7081,Reyansh Chhabra,Female,30,Amritsar,Punjab,3.5,,14.69,878.78
ORD102861,21-12-2024,Max,Plus Size,Plus Bottoms,Campus Plus Bottoms X154,Campus,4,1093,4372,5,4153.4,UPI,Delivered,8,CUST2471,Tiya Edwin,Male,27,Pune,Maharashtra,2.5,,7.6,1033.43
ORD101792,24-04-2023,Max,Plus Size,Plus Bottoms,Canon Plus Bottoms Z836,Canon,3,395,1185,15,1007.25,Credit Card,Delivered,5,CUST9384,Raunak Jayaraman,Male,21,Madurai,Tamil Nadu,1.8,,4.33,145.75
ORD103797,19-05-2024,Amazon,Sports & Outdoors,Outdoor Gear,LG Outdoor Gear S779,LG,4,1166,4664,5,4430.8,UPI,Delivered,3,CUST2541,Kanav Khalsa,Female,26,Jaipur,Rajasthan,4.2,,10.68,919.93
ORD103368,16-02-2024,Amazon,Groceries,Snacks,MotherCare Snacks X210,MotherCare,4,3700,14800,5,14060,COD,Delivered,5,CUST1382,Ira Doctor,Female,31,Vadodara,Gujarat,5,,10.37,870.1
ORD103367,19-12-2023,Max,Plus Size,Plus Tops,Voylla Plus Tops M331,Voylla,4,5361,21444,10,19299.6,UPI,Delivered,7,CUST7191,Reyansh Ravi,Female,24,Pune,Maharashtra,3,,16.94,5449.35
ORD103533,17-04-2024,Amazon,Beauty & Personal Care,Grooming,HUL Grooming X730,HUL,4,1427,5708,5,5422.6,UPI,Delivered,3,CUST5677,Sana Warrior,Male,16,Mumbai,Maharashtra,3.4,,9.06,1003.28
ORD103449,10-05-2024,Amazon,Fashion,Bags,Wildcraft Bags S415,Wildcraft,1,5593,5593,15,4754.05,Credit Card,Delivered,8,CUST2937,Jhanvi Konda,Female,35,Noida,Uttar Pradesh,4.3,,8.55,699.23
ORD100603,10-11-2023,Amazon,Fashion,Bags,Wildcraft Bags M618,Wildcraft,4,1994,7976,30,5583.2,UPI,Delivered,8,CUST6288,Pranay Krishnan,Female,20,Mumbai,Maharashtra,3,,14.57,1624.98
ORD103056,18-06-2023,Amazon,Groceries,Essentials,Adidas Essentials X280,Adidas,4,1274,5096,25,3822,COD,Delivered,7,CUST3909,Inaaya  Sharaf,Male,28,Ahmedabad,Gujarat,4,,4.41,278.48
ORD104531,21-03-2025,Amazon,Sports & Outdoors,Fitness,HRX Fitness S409,HRX,2,4873,9746,0,9746,UPI,Delivered,1,CUST3455,Nishith Barad,Male,15,Ahmedabad,Gujarat,3.4,,12.56,1371.96
ORD100126,24-04-2025,Amazon,Groceries,Snacks,Portronics Snacks M262,Portronics,4,4605,18420,15,15657,Credit Card,Returned,6,CUST8009,Krish Krishnan,Female,19,Bengaluru,Karnataka,2.9,Late delivery,10.39,1246.17
ORD103876,29-06-2024,Myntra,Personal Care,Makeup,Maybelline Makeup Z134,Maybelline,2,1669,3338,20,2670.4,Wallet,Delivered,3,CUST7332,Miraya Dhawan,Male,56,Nagpur,Maharashtra,2.1,,9.33,391.84
ORD102935,07-03-2024,Amazon,Fashion,Jewelry,Tanishq Jewelry M649,Tanishq,2,6804,13608,10,12247.2,Wallet,Delivered,7,CUST5570,Ritvik Bassi,Male,51,Ahmedabad,Gujarat,4.6,,13.59,1190.43
ORD103531,21-06-2024,Myntra,Footwear,Sports,FabIndia Sports S244,FabIndia,4,581,2324,20,1859.2,Debit Card,Delivered,3,CUST6873,Lakshit Kumer,Male,24,Surat,Gujarat,2.4,,5.31,279.9
ORD102730,30-05-2025,Max,Kids' Fashion,Kids Shoes,Philips Kids Shoes X317,Philips,1,4040,4040,0,4040,UPI,Delivered,3,CUST3506,Navya Kohli,Female,47,Chennai,Tamil Nadu,2.6,,13.44,835.64
ORD100827,03-12-2024,Myntra,Accessories,Wallets,Samsung Wallets Z692,Samsung,3,5055,15165,20,12132,Credit Card,Delivered,6,CUST1998,Pihu Contractor,Male,29,New Delhi,Delhi,1,,11.39,3042.83
ORD101639,23-06-2023,Max,Kids' Fashion,Kids Apparel,Samsung Kids Apparel M688,Samsung,2,2440,4880,15,4148,UPI,Delivered,10,CUST6539,Ivan Sheth,Male,47,Kanpur,Uttar Pradesh,2.5,,8.54,954.91
ORD100984,03-08-2023,Amazon,Baby Products,Apparel,Dell Apparel M200,Dell,1,3532,3532,5,3355.4,UPI,Delivered,4,CUST6812,Samarth Badami,Male,30,Surat,Gujarat,5,,16.38,383.29
ORD103281,14-08-2024,Flipkart,Electronics,Computers,Lenovo Computers X258,Lenovo,1,142429,142429,5,135307.55,Credit Card,Delivered,3,CUST4231,Anahita Kurian,Female,30,New Delhi,Delhi,4.2,,10.41,9222.33
ORD104971,26-06-2023,Myntra,Footwear,Casual,Sparx Casual S937,Sparx,1,3311,3311,20,2648.8,COD,Delivered,9,CUST1876,Dhanush Tata,Female,57,Pune,Maharashtra,2.9,,6.73,295.55
ORD102188,21-01-2023,Amazon,Sports & Outdoors,Sportswear,Adidas Sportswear M741,Adidas,2,5792,11584,0,11584,COD,Delivered,12,CUST1680,Lakshit Sawhney,Male,39,Ahmedabad,Gujarat,4.4,,7.51,2554.22
ORD104612,27-06-2023,Amazon,Sports & Outdoors,Fitness,Decathlon Fitness S355,Decathlon,4,53117,212468,15,180597.8,COD,Delivered,11,CUST9843,Akarsh Mane,Female,20,Bengaluru,Karnataka,3.6,,16.32,29645.14
ORD102443,11-12-2023,Flipkart,Home & Furniture,Kitchen Appliances,HarperCollins Kitchen Appliances M290,HarperCollins,4,2569,10276,5,9762.2,UPI,Delivered,4,CUST2645,Neysa Rana,Male,58,Bengaluru,Karnataka,2.8,,13.51,2153.06
ORD100362,16-06-2025,Flipkart,Electronics,Home Electronics,Xiaomi Home Electronics M796,Xiaomi,1,1763,1763,15,1498.55,Credit Card,Delivered,6,CUST1153,Abram Andra,Male,60,Bengaluru,Karnataka,3.5,,9.19,112.52
ORD102349,19-12-2023,Flipkart,Beauty & Personal Care,Makeup,Maybelline Makeup Z885,Maybelline,1,1048,1048,0,1048,UPI,Delivered,5,CUST4522,Kabir Hegde,Male,60,Pune,Maharashtra,5,,11.3,279.56
ORD100345,26-07-2023,Flipkart,"Books, Sports & Gaming",Books,Penguin Books Z523,Penguin,3,580,1740,0,1740,COD,Delivered,6,CUST7909,Shaan Sarkar,Male,61,Kolkata,West Bengal,2.5,,6.12,427.64
ORD100814,25-09-2025,Flipkart,Beauty & Personal Care,Grooming,HUL Grooming M352,HUL,3,3155,9465,15,8045.25,UPI,Delivered,6,CUST3958,Ela Iyer,Female,58,Mumbai,Maharashtra,3.5,,5.89,1704.01
ORD103205,26-09-2025,Amazon,Groceries,Essentials,Bata Essentials S477,Bata,4,5354,21416,10,19274.4,Debit Card,Delivered,3,CUST6934,Manikya Bhalla,Female,24,Mumbai,Maharashtra,4.6,,8.21,1115.54
ORD104160,07-07-2023,Myntra,Footwear,Casual,Campus Casual M705,Campus,4,4335,17340,40,10404,COD,Delivered,9,CUST1058,Jiya Shan,Female,22,Surat,Gujarat,1.3,,17.77,2320.63
ORD104795,05-05-2025,Amazon,Baby Products,Apparel,Sony Apparel M734,Sony,1,3289,3289,10,2960.1,Credit Card,Delivered,1,CUST9387,Sumer Srivastava,Male,29,Kolkata,West Bengal,4.8,,12.77,677.97
ORD103325,08-10-2023,Flipkart,Beauty & Personal Care,Grooming,HUL Grooming Z787,HUL,1,1205,1205,10,1084.5,Debit Card,Delivered,4,CUST7675,Devansh Chatterjee,Female,39,Kolkata,West Bengal,2.4,,16.14,260.39
ORD104106,16-09-2023,Amazon,Books,Stationery,Campus Sutra Stationery M957,Campus Sutra,1,1395,1395,10,1255.5,COD,Delivered,9,CUST8939,Tanya Sharma,Male,43,Kolkata,West Bengal,4,,16.5,233.68
ORD102116,13-07-2023,Max,Men's Fashion,Bottoms,LG Bottoms S948,LG,3,2546,7638,25,5728.5,COD,Delivered,4,CUST4643,Damini Magar,Male,26,Ahmedabad,Gujarat,2.6,,13.43,1041.12
ORD101834,17-02-2024,Myntra,Accessories,Bags,Wildcraft Bags S557,Wildcraft,1,2889,2889,0,2889,COD,Delivered,7,CUST5155,Sana Mangal,Female,18,Chennai,Tamil Nadu,2.3,,10.89,845.22
ORD100793,07-05-2023,Amazon,Home & Kitchen,Kitchenware,Hawkins Kitchenware X450,Hawkins,1,1580,1580,10,1422,COD,In Transit,9,CUST4738,Aayush Iyer,Male,35,Pune,Maharashtra,4.3,,16.07,120.76
ORD104946,14-04-2023,Amazon,Groceries,Essentials,FabIndia Essentials M837,FabIndia,2,1389,2778,5,2639.1,Debit Card,Delivered,8,CUST4406,Darshit Balakrishnan,Female,23,Kolkata,West Bengal,4.4,,15.3,159.27
ORD102674,25-07-2024,Amazon,Sports & Outdoors,Fitness,Decathlon Fitness S642,Decathlon,2,17884,35768,0,35768,UPI,Delivered,3,CUST7947,Advika Kapoor,Female,28,Chennai,Tamil Nadu,4.3,,16.54,6094.34
ORD100094,10-04-2024,Myntra,Home & Living,Decor,Sony Decor X948,Sony,4,3859,15436,25,11577,Credit Card,Delivered,6,CUST2279,Vivaan Kalita,Female,45,Noida,Uttar Pradesh,2.4,,10.25,2718.61
ORD103756,27-09-2024,Amazon,Groceries,Essentials,Levis Essentials M284,Levis,3,1495,4485,5,4260.75,UPI,Delivered,6,CUST3925,Anahi Kothari,Female,39,Jaipur,Rajasthan,4.2,,17.52,153.15
ORD102891,18-05-2024,Myntra,Clothing,Kids Wear,Roadster Kids Wear S388,Roadster,4,4597,18388,10,16549.2,UPI,Returned,5,CUST2248,Mamooty Chaudhary,Female,31,Surat,Gujarat,1,Changed mind,10.66,3423.84
ORD102371,08-01-2023,Amazon,Fashion,Watches,Fastrack Watches X725,Fastrack,1,7036,7036,5,6684.2,Debit Card,Delivered,12,CUST2330,Pihu Sarin,Female,30,Ahmedabad,Gujarat,4.9,,12.84,748.1
ORD104149,10-09-2025,Flipkart,Fashion,Accessories,Boat Accessories S435,Boat,1,3589,3589,5,3409.55,UPI,Returned,5,CUST3258,Kashvi Thakur,Male,52,Pune,Maharashtra,1.7,Changed mind,17.46,1014.6
ORD104432,24-01-2023,Myntra,Accessories,Watches,Titan Watches S429,Titan,3,10590,31770,5,30181.5,COD,In Transit,3,CUST1543,Kismat Shenoy,Female,33,Bengaluru,Karnataka,2.2,,13.93,5101.88
ORD103228,02-05-2023,Amazon,Home & Kitchen,Kitchenware,Hawkins Kitchenware M690,Hawkins,4,4231,16924,0,16924,COD,Delivered,6,CUST4856,Nishith Keer,Female,28,New Delhi,Delhi,3.9,,13.74,2485.54
ORD102853,10-02-2024,Flipkart,Home & Furniture,Decor,Hawkins Decor X346,Hawkins,3,2009,6027,0,6027,UPI,Delivered,7,CUST3906,Yuvaan Kata,Female,22,Noida,Uttar Pradesh,3.3,,4.74,1691.12
ORD102912,05-05-2023,Flipkart,Automotive,Spare Parts,Portronics Spare Parts Z607,Portronics,2,6551,13102,15,11136.7,Debit Card,Delivered,5,CUST9514,Prisha Varughese,Male,57,Lucknow,Uttar Pradesh,2.7,,8.51,3119.09
ORD101865,29-10-2023,Flipkart,Fashion,Accessories,Portronics Accessories S514,Portronics,1,1340,1340,15,1139,UPI,Delivered,9,CUST1074,Jayesh Choudhary,Female,21,Noida,Uttar Pradesh,2.4,,9.72,156.43
ORD101857,26-01-2024,Amazon,Groceries,Essentials,H&M Essentials M610,H&M,4,1249,4996,0,4996,UPI,Delivered,5,CUST3821,Veer Sarin,Female,57,Kolkata,West Bengal,5,,12.31,262.9
ORD102645,28-07-2024,Amazon,Beauty & Personal Care,Makeup,Loreal Makeup X474,Loreal,4,1778,7112,10,6400.8,COD,Delivered,2,CUST4559,Raunak Rama,Female,43,New Delhi,Delhi,4.7,,17.2,1777
ORD102243,15-07-2025,Flipkart,Electronics,Computers,Lenovo Computers X156,Lenovo,1,165882,165882,15,140999.7,UPI,Delivered,1,CUST4799,Arnav Balay,Male,16,Chennai,Tamil Nadu,3.2,,12.72,15324.42
ORD102336,21-04-2023,Amazon,Beauty & Personal Care,Healthcare,Patanjali Healthcare Z295,Patanjali,4,211,844,10,759.6,UPI,Delivered,5,CUST3406,Tejas Dada,Male,59,Vadodara,Gujarat,4.5,,4.28,62.18
ORD100950,01-07-2023,Flipkart,"Books, Sports & Gaming",Gaming,Microsoft Gaming X482,Microsoft,1,5795,5795,15,4925.75,UPI,Delivered,8,CUST5908,Reyansh Devi,Male,59,Thiruvananthapuram,Kerala,2.9,,11.5,1280.64
ORD103068,26-07-2025,Amazon,Home & Kitchen,Home Decor,FabIndia Home Decor Z774,FabIndia,1,1936,1936,5,1839.2,UPI,Delivered,4,CUST9070,Farhan Joshi,Female,29,Chennai,Tamil Nadu,4.4,,5.46,245.26
ORD101120,23-03-2025,Amazon,Groceries,Essentials,FabIndia Essentials S464,FabIndia,1,4288,4288,5,4073.6,UPI,Delivered,6,CUST6906,Drishya Shetty,Female,20,Nagpur,Maharashtra,2.9,,15.49,178.57
ORD102597,16-11-2023,Amazon,Books,Books,HarperCollins Books X844,HarperCollins,1,478,478,10,430.2,COD,Delivered,7,CUST2078,Jayesh Ramaswamy,Male,22,Kanpur,Uttar Pradesh,3.8,,12.15,69.54
ORD102204,07-10-2025,Myntra,Clothing,Western Wear,Roadster Western Wear S895,Roadster,3,3424,10272,5,9758.4,UPI,Delivered,3,CUST4098,Aaryahi Uppal,Female,23,Mangalore,Karnataka,2.8,,4.77,2922.3
ORD100419,20-03-2024,Amazon,Beauty & Personal Care,Makeup,Maybelline Makeup Z207,Maybelline,4,384,1536,10,1382.4,UPI,Delivered,8,CUST2604,Devansh Saha,Male,41,New Delhi,Delhi,3.4,,15.17,193.82
ORD100922,06-10-2024,Myntra,Home & Living,Furnishings,Home Centre Furnishings M458,Home Centre,1,12916,12916,25,9687,UPI,Returned,3,CUST7864,Ojas Arya,Male,45,Ahmedabad,Gujarat,1,Other,13.73,1525.85
ORD101254,26-08-2023,Amazon,Home & Kitchen,Home Decor,FabIndia Home Decor M596,FabIndia,1,3060,3060,15,2601,UPI,Delivered,5,CUST9715,Emir Gill,Female,24,Kochi,Kerala,4.4,,4.94,709.16
ORD100477,06-08-2023,Amazon,Beauty & Personal Care,Grooming,Philips Grooming S472,Philips,3,1381,4143,5,3935.85,UPI,Delivered,7,CUST9265,Purab Ray,Female,18,Pune,Maharashtra,3.7,,13.92,882.27
ORD102035,12-12-2023,Amazon,Groceries,Snacks,Fastrack Snacks S930,Fastrack,1,1129,1129,10,1016.1,COD,Delivered,7,CUST7958,Yasmin Rege,Female,16,Noida,Uttar Pradesh,5,,10.59,79.96
ORD101202,09-10-2024,Myntra,Clothing,Kids Wear,Only Kids Wear X525,Only,2,1823,3646,0,3646,UPI,Delivered,4,CUST7846,Gatik Bal,Female,40,Pune,Maharashtra,1.7,,13.64,851.99
ORD102626,10-07-2024,Flipkart,Grocery,Fresh,Canon Fresh Z301,Canon,2,3170,6340,0,6340,COD,Delivered,8,CUST2328,Hazel Dave,Male,51,Mumbai,Maharashtra,3.6,,12.42,369.96
ORD104818,01-07-2025,Myntra,Accessories,Jewelry,Voylla Jewelry Z896,Voylla,2,22256,44512,20,35609.6,UPI,In Transit,4,CUST7087,Aarna Bora,Female,53,Surat,Gujarat,1.8,,13.64,2958.76
ORD101970,20-08-2023,Myntra,Clothing,Western Wear,Campus Sutra Western Wear Z495,Campus Sutra,4,1155,4620,15,3927,Credit Card,Delivered,7,CUST6440,Vivaan Saini,Female,37,Chennai,Tamil Nadu,1.9,,16.56,974.19
ORD103110,22-09-2025,Amazon,Groceries,Snacks,HUL Snacks S300,HUL,2,1071,2142,0,2142,UPI,Delivered,1,CUST6670,Kashvi Dixit,Male,23,Mumbai,Maharashtra,4.1,,14.86,83.39
ORD104018,12-09-2025,Myntra,Clothing,Western Wear,Campus Sutra Western Wear X370,Campus Sutra,3,1634,4902,15,4166.7,UPI,Returned,1,CUST5406,Ranbir Raj,Male,59,Jaipur,Rajasthan,2.2,Size issue,15.12,946.04
ORD102151,30-08-2023,Amazon,Baby Products,Feeding Supplies,Nike Feeding Supplies M517,Nike,3,1382,4146,0,4146,COD,Delivered,10,CUST5598,Diya Buch,Male,34,Noida,Uttar Pradesh,4.3,,17.96,499.32
ORD103687,25-02-2024,Flipkart,Grocery,Essentials,LG Essentials M538,LG,2,1269,2538,10,2284.2,Credit Card,Delivered,7,CUST1541,Zain Boase,Female,16,Bengaluru,Karnataka,2,,17.4,121.19
ORD101997,23-05-2023,Flipkart,"Books, Sports & Gaming",Gaming,Microsoft Gaming X984,Microsoft,1,24815,24815,5,23574.25,COD,Returned,5,CUST4044,Ahana  Bhat,Female,16,Pune,Maharashtra,3.4,Changed mind,16.48,4096.49
ORD104033,10-11-2023,Myntra,Personal Care,Fragrances,Adidas Fragrances X534,Adidas,2,3485,6970,40,4182,Debit Card,Delivered,11,CUST7261,Stuvan Dixit,Male,18,Pune,Maharashtra,2.5,,15.64,792.59
ORD103054,01-07-2024,Amazon,Baby Products,Apparel,Portico Apparel Z942,Portico,1,4295,4295,5,4080.25,UPI,Delivered,7,CUST2572,Mishti Sundaram,Male,35,Ahmedabad,Gujarat,5,,10.88,642.91
ORD101248,22-05-2024,Amazon,Baby Products,Diapers,Wildcraft Diapers Z498,Wildcraft,2,4722,9444,15,8027.4,Credit Card,Delivered,3,CUST1450,Vanya Acharya,Female,41,Jaipur,Rajasthan,3.6,,7.55,2100.63
ORD102192,14-05-2025,Amazon,Beauty & Personal Care,Healthcare,Himalaya Healthcare Z979,Himalaya,1,848,848,5,805.6,UPI,Cancelled,3,CUST7287,Shlok Kumar,Female,47,Surat,Gujarat,4.6,,10.78,225.34
ORD102712,24-07-2023,Flipkart,Grocery,Essentials,Samsung Essentials Z499,Samsung,1,3316,3316,5,3150.2,Debit Card,Returned,7,CUST5955,Inaaya  Sani,Male,29,New Delhi,Delhi,4.2,Size issue,7.52,159.68
ORD100992,10-10-2023,Max,Plus Size,Plus Bottoms,JBL Plus Bottoms S706,JBL,1,2074,2074,0,2074,COD,Delivered,4,CUST6398,Azad Zacharia,Male,28,Kolkata,West Bengal,3.2,,16.68,580.04
ORD102190,07-07-2023,Myntra,Footwear,Casual,Sparx Casual S383,Sparx,1,2073,2073,15,1762.05,UPI,Delivered,7,CUST2240,Riaan Som,Female,34,New Delhi,Delhi,1.7,,11.23,506.83
ORD103762,25-12-2024,Max,Women's Fashion,Winter Wear,Nilkamal Winter Wear X834,Nilkamal,3,3222,9666,5,9182.7,Debit Card,Delivered,4,CUST2838,Hansh Sant,Female,27,Chennai,Tamil Nadu,2.4,,10.81,1118.96
ORD103597,24-12-2024,Flipkart,Automotive,Accessories,Boat Accessories S160,Boat,4,5294,21176,15,17999.6,UPI,Delivered,6,CUST2424,Gokul Rana,Female,21,Amritsar,Punjab,3.6,,8.05,2362.59
ORD101318,10-10-2023,Amazon,Electronics,Computers,Dell Computers Z647,Dell,1,105592,105592,10,95032.8,COD,Delivered,6,CUST3322,Kimaya Suri,Female,30,Noida,Uttar Pradesh,4.4,,9.21,16517.19
ORD101863,07-05-2024,Amazon,Books,Stationery,Nikon Stationery S255,Nikon,2,1424,2848,5,2705.6,UPI,Delivered,4,CUST4471,Shamik Walla,Male,35,Chennai,Tamil Nadu,4.2,,4.46,432.02
ORD102343,22-09-2024,Flipkart,"Books, Sports & Gaming",Books,HarperCollins Books M891,HarperCollins,3,1139,3417,0,3417,Credit Card,Delivered,3,CUST3487,Ishaan Desai,Male,49,New Delhi,Delhi,2.7,,15.7,693.31
ORD102449,22-09-2024,Amazon,Baby Products,Apparel,3M Apparel Z142,3M,3,3820,11460,0,11460,UPI,In Transit,2,CUST3357,Yuvaan Reddy,Female,41,Chennai,Tamil Nadu,4.5,,17.05,2632.04
ORD102136,13-03-2025,Flipkart,Automotive,Accessories,Portronics Accessories Z499,Portronics,1,3921,3921,5,3724.95,UPI,Delivered,2,CUST4366,Rati Taneja,Male,63,Amritsar,Punjab,2.9,,7.8,505.24
ORD101065,28-07-2024,Amazon,Sports & Outdoors,Sportswear,Adidas Sportswear Z112,Adidas,3,6215,18645,5,17712.75,UPI,Delivered,7,CUST9110,Divit Balasubramanian,Male,35,Mumbai,Maharashtra,4.1,,9.19,1897.68
ORD104960,27-09-2024,Amazon,Books,Books,Penguin Books Z693,Penguin,3,1899,5697,0,5697,Credit Card,Delivered,8,CUST6742,Yakshit Banerjee,Female,24,Ludhiana,Punjab,4.5,,16.9,643.77
ORD102621,04-06-2024,Max,Men's Fashion,T-Shirts,IFB T-Shirts Z817,IFB,3,1591,4773,10,4295.7,UPI,Delivered,6,CUST4295,Kiaan Soni,Female,23,Jaipur,Rajasthan,2.9,,16.51,362.9
ORD100077,11-06-2023,Myntra,Footwear,Formal,Red Tape Formal Z887,Red Tape,2,3055,6110,15,5193.5,COD,Delivered,11,CUST2077,Ehsaan Ravi,Male,21,New Delhi,Delhi,1,,5.82,1425.79
ORD102898,13-11-2024,Amazon,Beauty & Personal Care,Grooming,Philips Grooming M378,Philips,1,430,430,5,408.5,UPI,In Transit,6,CUST1965,Urvi Batra,Female,29,Surat,Gujarat,4.7,,17.56,85.74
ORD101314,11-02-2024,Amazon,Home & Kitchen,Furniture,Nilkamal Furniture Z263,Nilkamal,2,9095,18190,15,15461.5,Debit Card,Returned,2,CUST3158,Aaryahi Chadha,Male,33,Madurai,Tamil Nadu,2.6,Late delivery,16.92,4473.21
ORD104372,13-07-2024,Myntra,Footwear,Casual,Campus Casual M346,Campus,2,1523,3046,20,2436.8,UPI,Delivered,7,CUST1902,Aarav Borah,Female,25,Kolkata,West Bengal,3.1,,4.48,327
ORD100872,16-12-2023,Amazon,Sports & Outdoors,Outdoor Gear,Himalaya Outdoor Gear X933,Himalaya,4,2491,9964,15,8469.4,COD,Delivered,10,CUST2944,Anay Cherian,Male,26,Bengaluru,Karnataka,4.5,,7.35,2125.16
ORD103850,14-10-2024,Amazon,Beauty & Personal Care,Healthcare,Himalaya Healthcare X333,Himalaya,1,405,405,0,405,COD,Delivered,2,CUST6051,Ojas Din,Male,40,Mumbai,Maharashtra,5,,5.9,114.12
ORD104787,30-09-2023,Flipkart,Beauty & Personal Care,Grooming,Philips Grooming Z305,Philips,4,1603,6412,15,5450.2,Credit Card,Delivered,10,CUST5819,Zara Ghose,Female,25,Mumbai,Maharashtra,2.4,,11.32,702.29
ORD102965,02-09-2025,Amazon,Beauty & Personal Care,Grooming,HUL Grooming S299,HUL,4,4726,18904,20,15123.2,UPI,Returned,4,CUST8169,Mamooty Krishnan,Male,45,Kolkata,West Bengal,2.9,Size issue,10.51,2124.71
ORD103391,30-07-2024,Flipkart,"Books, Sports & Gaming",Gaming,Sony Gaming X322,Sony,1,35992,35992,10,32392.8,UPI,Delivered,2,CUST9098,Ranbir Kari,Male,43,Noida,Uttar Pradesh,3,,10.04,3059.03
ORD102560,26-05-2025,Flipkart,"Books, Sports & Gaming",Sporting Goods,HomeTown Sporting Goods X553,HomeTown,2,2184,4368,0,4368,UPI,Delivered,4,CUST5546,Vanya Char,Male,17,Bengaluru,Karnataka,3.9,,10.68,936.61
ORD104896,02-09-2024,Flipkart,Fashion,Accessories,Portronics Accessories M745,Portronics,4,1040,4160,15,3536,COD,Delivered,8,CUST7625,Zoya Hayer,Female,22,Ahmedabad,Gujarat,3,,11.14,322.88
ORD102635,14-08-2023,Amazon,Books,Books,HarperCollins Books X736,HarperCollins,1,1565,1565,5,1486.75,Credit Card,Delivered,10,CUST3181,Dhruv Tandon,Female,39,Noida,Uttar Pradesh,4.1,,7.2,242.79
ORD103530,18-03-2023,Flipkart,Automotive,Accessories,JBL Accessories S650,JBL,1,3987,3987,10,3588.3,Credit Card,Delivered,6,CUST3622,Tushar Sandhu,Male,17,Pune,Maharashtra,3.1,,16.06,379.65
ORD100375,11-09-2023,Amazon,Groceries,Gourmet Foods,Philips Gourmet Foods Z832,Philips,4,4620,18480,10,16632,COD,Delivered,11,CUST3932,Zara Mandal,Female,17,New Delhi,Delhi,4.8,,9.24,930.47
ORD101908,28-08-2023,Amazon,Books,Books,HarperCollins Books M401,HarperCollins,4,1125,4500,15,3825,Wallet,Delivered,8,CUST9824,Ojas Handa,Male,43,Kolkata,West Bengal,4.8,,17.96,625.93
ORD104332,23-04-2025,Amazon,Baby Products,Feeding Supplies,Realme Feeding Supplies M831,Realme,3,936,2808,5,2667.6,UPI,Cancelled,4,CUST4714,Prerak Dutta,Male,27,Pune,Maharashtra,3.5,,8.19,791.07
ORD104379,10-10-2023,Amazon,Electronics,Cameras,Sony Cameras S656,Sony,1,88978,88978,5,84529.1,COD,Delivered,9,CUST7524,Jhanvi Dara,Female,22,Surat,Gujarat,4.2,,11.72,7712.44
ORD104027,06-06-2023,Flipkart,Home & Furniture,Household Essentials,LG Household Essentials Z945,LG,4,4951,19804,15,16833.4,COD,Delivered,7,CUST5386,Ehsaan Bhakta,Male,39,Noida,Uttar Pradesh,2.6,,7.22,1557.98
ORD101604,10-09-2025,Max,Men's Fashion,T-Shirts,Samsung T-Shirts S940,Samsung,2,2452,4904,10,4413.6,Debit Card,Delivered,6,CUST8260,Ishaan Ghose,Male,49,Kolkata,West Bengal,2.1,,8.95,1188.84
ORD101118,08-02-2023,Amazon,Books,Books,Penguin Books S333,Penguin,1,928,928,0,928,COD,Delivered,3,CUST4425,Devansh Guha,Male,20,Bengaluru,Karnataka,4.4,,6.91,133.73
ORD103677,07-06-2025,Flipkart,Automotive,Accessories,Portronics Accessories M627,Portronics,2,805,1610,0,1610,UPI,Delivered,3,CUST3503,Alia Ratti,Male,48,Bengaluru,Karnataka,2.8,,15.01,302.75
ORD103490,16-07-2024,Myntra,Footwear,Casual,Sparx Casual M181,Sparx,2,847,1694,5,1609.3,COD,Delivered,6,CUST5826,Nirvi Butala,Female,57,Ahmedabad,Gujarat,2.3,,4.23,358.37
ORD104864,28-06-2024,Amazon,Sports & Outdoors,Sportswear,Nike Sportswear S854,Nike,1,7535,7535,15,6404.75,UPI,Delivered,4,CUST5293,Mannat Boase,Female,20,Surat,Gujarat,4.8,,4.76,1567.21
ORD102958,30-07-2025,Myntra,Home & Living,Kitchenware,Hawkins Kitchenware Z774,Hawkins,2,1870,3740,10,3366,Wallet,Delivered,4,CUST1137,Suhana Suri,Male,35,New Delhi,Delhi,2.5,,16.36,542.72
ORD101994,12-10-2023,Amazon,Home & Kitchen,Kitchenware,Prestige Kitchenware X296,Prestige,3,3391,10173,20,8138.4,UPI,Delivered,10,CUST2452,Lagan Khurana,Female,48,Surat,Gujarat,5,,16.54,930.48
ORD104955,15-09-2025,Max,Women's Fashion,Winter Wear,Adidas Winter Wear X644,Adidas,2,673,1346,10,1211.4,UPI,Delivered,2,CUST4589,Riya Batta,Male,17,New Delhi,Delhi,1.7,,4.91,99.02
ORD104355,10-02-2023,Amazon,Electronics,Computers,Lenovo Computers X424,Lenovo,1,37273,37273,5,35409.35,Credit Card,Delivered,12,CUST3016,Vardaniya Behl,Male,17,Surat,Gujarat,3.9,,17.82,6011.22
ORD102376,12-07-2023,Amazon,Sports & Outdoors,Fitness,Decathlon Fitness X876,Decathlon,4,19119,76476,5,72652.2,Credit Card,Delivered,7,CUST9002,Shaan Hayer,Female,28,Bengaluru,Karnataka,3.9,,15.86,19478.24
ORD101342,08-11-2023,Amazon,Electronics,Televisions,LG Televisions Z439,LG,1,57227,57227,25,42920.25,COD,Delivered,10,CUST6726,Adira Datta,Male,44,Coimbatore,Tamil Nadu,4.6,,4.23,2326.64
ORD100320,23-02-2024,Amazon,Electronics,Cameras,Sony Cameras X807,Sony,1,38736,38736,5,36799.2,UPI,Delivered,3,CUST1570,Divyansh Srinivasan,Male,32,Lucknow,Uttar Pradesh,3.6,,15.5,1940.78
ORD101619,18-02-2024,Myntra,Footwear,Formal,Red Tape Formal M199,Red Tape,1,8629,8629,20,6903.2,COD,Delivered,4,CUST5330,Stuvan Sangha,Female,18,Noida,Uttar Pradesh,1.5,,7.43,928.08
ORD103713,15-07-2023,Amazon,Beauty & Personal Care,Grooming,Philips Grooming M445,Philips,2,4956,9912,5,9416.4,COD,Delivered,9,CUST1724,Riya Lall,Female,35,Mysuru,Karnataka,4.1,,13.97,1077.51
ORD102060,17-12-2023,Flipkart,"Books, Sports & Gaming",Sporting Goods,HUL Sporting Goods X388,HUL,2,3180,6360,0,6360,COD,In Transit,11,CUST3722,Ryan Amble,Female,57,Bengaluru,Karnataka,3.5,,8.08,1266.22
ORD102219,31-05-2024,Max,Plus Size,Plus Tops,IFB Plus Tops Z626,IFB,3,978,2934,0,2934,Wallet,Delivered,6,CUST9844,Kavya Madan,Female,34,Howrah,West Bengal,2.5,,17.82,445.51
ORD101673,26-02-2024,Amazon,Beauty & Personal Care,Healthcare,Patanjali Healthcare M461,Patanjali,2,513,1026,15,872.1,Credit Card,Delivered,2,CUST3095,Kaira Bose,Male,25,New Delhi,Delhi,4.7,,4.12,100.42
ORD100260,27-08-2024,Flipkart,Grocery,Essentials,Biba Essentials M668,Biba,1,1711,1711,15,1454.35,UPI,Delivered,8,CUST8972,Jiya Kapoor,Male,58,Pune,Maharashtra,2.7,,6.42,92.32
ORD104417,18-07-2023,Amazon,Books,Books,Penguin Books Z152,Penguin,4,1237,4948,0,4948,COD,Delivered,9,CUST7160,Hansh Bala,Female,20,Madurai,Tamil Nadu,3.9,,5.87,422.47
ORD102039,28-07-2025,Max,Accessories,Bags,Baggit Bags M491,Baggit,4,7687,30748,5,29210.6,UPI,Delivered,4,CUST8856,Miraan Kara,Female,26,New Delhi,Delhi,2.6,,7.89,4963.89
ORD100901,08-02-2025,Amazon,Home & Kitchen,Home Decor,Home Centre Home Decor Z551,Home Centre,2,313,626,0,626,UPI,Delivered,2,CUST4595,Ojas Goswami,Male,19,Bengaluru,Karnataka,3.6,,16.29,81.72
ORD103744,18-01-2024,Max,Accessories,Shoes,Nike Shoes M706,Nike,4,1806,7224,10,6501.6,Wallet,Delivered,2,CUST4245,Jiya Lal,Female,18,Noida,Uttar Pradesh,1.7,,4.98,1137.85
ORD102026,19-08-2023,Amazon,Home & Kitchen,Home Decor,Home Centre Home Decor X986,Home Centre,1,1879,1879,5,1785.05,COD,Returned,12,CUST5542,Gatik Iyer,Male,31,Kochi,Kerala,3.8,Other,8.36,172.16
ORD101917,29-08-2023,Max,Accessories,Bags,Baggit Bags X429,Baggit,1,5348,5348,15,4545.8,COD,Delivered,10,CUST8700,Nishith Issac,Female,30,Noida,Uttar Pradesh,1.9,,9.85,618.33
ORD101828,03-06-2025,Max,Men's Fashion,Winter Wear,Home Centre Winter Wear X585,Home Centre,4,1813,7252,5,6889.4,Debit Card,Delivered,5,CUST2002,Eva Varma,Female,53,New Delhi,Delhi,1.9,,9.5,1249.59
ORD101573,13-01-2024,Amazon,Groceries,Essentials,Himalaya Essentials X224,Himalaya,3,2069,6207,10,5586.3,Credit Card,Delivered,8,CUST3108,Piya Choudhary,Male,61,Amritsar,Punjab,2.7,,6.24,174.87
ORD104394,03-01-2023,Max,Women's Fashion,Winter Wear,Ikea Winter Wear Z573,Ikea,4,2200,8800,5,8360,Credit Card,Delivered,9,CUST5799,Parinaaz Jaggi,Male,39,Noida,Uttar Pradesh,2.1,,15.16,764.1
ORD104208,13-03-2024,Amazon,Baby Products,Feeding Supplies,Nike Feeding Supplies Z212,Nike,2,3277,6554,15,5570.9,UPI,Returned,7,CUST3562,Kimaya Bakshi,Female,45,Pune,Maharashtra,4.1,Late delivery,17.72,1490.52
ORD100224,06-12-2024,Amazon,Home & Kitchen,Appliances,LG Appliances Z402,LG,1,33665,33665,5,31981.75,UPI,Delivered,4,CUST3627,Nayantara Batta,Male,29,Mumbai,Maharashtra,4.1,,15.64,8992.77
ORD100723,19-05-2023,Amazon,Beauty & Personal Care,Makeup,Loreal Makeup S145,Loreal,4,617,2468,0,2468,UPI,Delivered,8,CUST2532,Vivaan Sharma,Female,15,Kolkata,West Bengal,5,,16.93,529.61
ORD104485,07-05-2024,Amazon,Electronics,Cameras,Nikon Cameras X687,Nikon,1,17949,17949,0,17949,UPI,Delivered,5,CUST5712,Hridaan Bains,Female,29,Pune,Maharashtra,4.6,,9.69,1551.99
ORD101141,11-09-2024,Myntra,Footwear,Formal,Red Tape Formal X910,Red Tape,2,3429,6858,0,6858,Debit Card,Delivered,8,CUST3698,Vivaan Varghese,Male,45,Kolkata,West Bengal,4.4,,17.21,1948.23
ORD102762,02-03-2025,Amazon,Home & Kitchen,Home Decor,Home Centre Home Decor X690,Home Centre,2,495,990,5,940.5,UPI,Delivered,6,CUST1379,Ehsaan Char,Male,20,Nagpur,Maharashtra,3.5,,5.52,228.52
ORD100846,30-03-2025,Amazon,Groceries,Essentials,Apple Essentials X653,Apple,3,549,1647,15,1399.95,Debit Card,Delivered,4,CUST4374,Baiju Kohli,Male,36,Ahmedabad,Gujarat,3.8,,9.1,69.79
ORD102551,25-01-2023,Myntra,Personal Care,Haircare,Tanishq Haircare Z365,Tanishq,4,2143,8572,0,8572,Wallet,Delivered,8,CUST2435,Divit Bail,Male,24,Thiruvananthapuram,Kerala,1.9,,15.86,688.48
ORD102928,23-07-2025,Flipkart,Grocery,Essentials,Sony Essentials X241,Sony,2,4337,8674,15,7372.9,UPI,Delivered,2,CUST5268,Riaan Upadhyay,Female,29,Mumbai,Maharashtra,3.7,,5.12,312.67
ORD100117,18-12-2023,Flipkart,Fashion,Accessories,JBL Accessories S438,JBL,4,4215,16860,15,14331,COD,Returned,4,CUST4996,Tara Dubey,Female,18,Chennai,Tamil Nadu,2.2,Size issue,13.48,1664.66
ORD100645,11-07-2025,Max,Kids' Fashion,Kids Apparel,Ikea Kids Apparel M596,Ikea,2,4192,8384,10,7545.6,Credit Card,Delivered,1,CUST8906,Aaina Golla,Female,21,Ahmedabad,Gujarat,3.6,,8.58,1972.9
ORD100003,25-02-2025,Myntra,Footwear,Casual,Campus Casual Z697,Campus,2,4230,8460,15,7191,Credit Card,Delivered,6,CUST5040,Tanya Kannan,Female,17,Kolkata,West Bengal,1.8,,10.42,994.33
ORD104170,28-10-2024,Max,Accessories,Bags,Baggit Bags Z445,Baggit,4,5344,21376,15,18169.6,Credit Card,Delivered,6,CUST4220,Anaya Soni,Female,42,Amritsar,Punjab,2.9,,9.53,4659.86
ORD100467,13-05-2024,Max,Women's Fashion,Tops,Roadster Tops X262,Roadster,4,4715,18860,5,17917,COD,Delivered,6,CUST6616,Indranil Shah,Female,25,Ludhiana,Punjab,2.7,,15.97,1895.36
ORD100005,18-10-2024,Amazon,Groceries,Essentials,Adidas Essentials X713,Adidas,2,3089,6178,0,6178,UPI,Delivered,3,CUST9837,Saira Sharaf,Male,23,Jaipur,Rajasthan,4.2,,6.14,420.88
ORD100919,08-03-2025,Flipkart,Grocery,Essentials,Himalaya Essentials S319,Himalaya,2,4791,9582,10,8623.8,Debit Card,Delivered,5,CUST9218,Kabir Brar,Male,28,Ahmedabad,Gujarat,3.2,,17.9,347.89
ORD102595,08-06-2025,Amazon,Groceries,Essentials,Sony Essentials M315,Sony,2,3849,7698,0,7698,UPI,Delivered,5,CUST2457,Riya Hayre,Male,25,Mumbai,Maharashtra,3.9,,15.35,504.24
ORD101063,09-01-2024,Amazon,Groceries,Snacks,Home Centre Snacks Z144,Home Centre,4,3857,15428,5,14656.6,UPI,Delivered,6,CUST7429,Hrishita Chadha,Male,43,Mumbai,Maharashtra,3.6,,13.09,576.5
ORD102590,20-03-2024,Myntra,Home & Living,Kitchenware,Hawkins Kitchenware X282,Hawkins,2,8043,16086,0,16086,Credit Card,Delivered,4,CUST3192,Nitara Badal,Male,18,Kanpur,Uttar Pradesh,1,,15.53,1596.93
ORD100242,16-05-2025,Flipkart,Beauty & Personal Care,Grooming,HUL Grooming Z804,HUL,4,774,3096,0,3096,COD,Cancelled,3,CUST4351,Biju Thakkar,Male,61,Mumbai,Maharashtra,3.6,,13.4,385.83
ORD101160,14-08-2023,Max,Men's Fashion,Winter Wear,Boat Winter Wear X414,Boat,3,5373,16119,10,14507.1,UPI,Delivered,11,CUST5718,Shanaya Chand,Female,27,Surat,Gujarat,2.1,,6.31,3758.97
ORD102870,25-04-2024,Flipkart,Beauty & Personal Care,Makeup,Loreal Makeup M796,Loreal,2,2273,4546,0,4546,COD,In Transit,2,CUST8179,Oorja Yogi,Male,48,Kanpur,Uttar Pradesh,3.1,,17.28,802.67
ORD103735,06-04-2024,Amazon,Beauty & Personal Care,Makeup,Loreal Makeup S383,Loreal,3,701,2103,20,1682.4,COD,Returned,7,CUST9351,Prerak Kohli,Female,23,Surat,Gujarat,3.6,Size issue,14.79,404.91
ORD102397,19-09-2023,Amazon,Sports & Outdoors,Sportswear,Nike Sportswear S639,Nike,4,5858,23432,10,21088.8,UPI,Delivered,6,CUST4327,Vihaan Chadha,Male,22,Bengaluru,Karnataka,4.2,,14.58,4530.27
ORD103517,16-09-2023,Max,Accessories,Shoes,Puma Shoes S620,Puma,4,2410,9640,5,9158,UPI,Delivered,6,CUST3147,Khushi Dyal,Female,65,Pune,Maharashtra,2.8,,4.13,2458.63
ORD103421,21-04-2025,Flipkart,Beauty & Personal Care,Makeup,Maybelline Makeup Z704,Maybelline,1,2217,2217,5,2106.15,UPI,In Transit,5,CUST8986,Manikya Deshmukh,Male,46,Chennai,Tamil Nadu,3.4,,15.81,412.23
ORD102563,15-03-2024,Max,Men's Fashion,Shirts,Maybelline Shirts S631,Maybelline,4,4947,19788,10,17809.2,Debit Card,Delivered,4,CUST3118,Darshit De,Male,38,Kozhikode,Kerala,1.4,,11.25,3714.69
ORD101605,03-05-2023,Amazon,Home & Kitchen,Kitchenware,Hawkins Kitchenware S346,Hawkins,2,5518,11036,5,10484.2,Credit Card,Delivered,6,CUST1264,Riaan Chauhan,Female,59,Ludhiana,Punjab,3.2,,7.34,3117.64
ORD104828,18-04-2023,Myntra,Home & Living,Furnishings,Portico Furnishings Z291,Portico,3,11315,33945,40,20367,COD,Delivered,10,CUST8128,Vedika Zacharia,Male,34,Kolkata,West Bengal,2.8,,7.63,4390.61
ORD102324,05-10-2025,Amazon,Home & Kitchen,Appliances,IFB Appliances S187,IFB,1,42294,42294,10,38064.6,UPI,Delivered,6,CUST2263,Ivana Choudhury,Male,39,New Delhi,Delhi,3.9,,4.52,6260.04
ORD102709,25-12-2024,Amazon,Fashion,Bags,Baggit Bags S924,Baggit,4,5236,20944,30,14660.8,UPI,Delivered,2,CUST2931,Divit Keer,Male,35,Mysuru,Karnataka,3,,11.96,1995.25
ORD104398,03-09-2024,Myntra,Home & Living,Kitchenware,Hawkins Kitchenware Z679,Hawkins,2,2603,5206,25,3904.5,UPI,Delivered,8,CUST3258,Anahita Chaudhary,Female,42,Pune,Maharashtra,2.9,,11.73,1040.63
ORD101312,19-12-2023,Myntra,Footwear,Formal,Red Tape Formal M351,Red Tape,3,6449,19347,15,16444.95,COD,Delivered,3,CUST6510,Taran Gala,Female,37,Mangalore,Karnataka,2.6,,17.16,2233.85
ORD103448,01-08-2025,Amazon,Baby Products,Apparel,Tanishq Apparel S230,Tanishq,4,5033,20132,15,17112.2,UPI,Delivered,5,CUST7222,Eshani Barman,Male,20,Ahmedabad,Gujarat,5,,5.45,3709.08
ORD103812,28-08-2023,Amazon,Books,Stationery,Wildcraft Stationery X595,Wildcraft,2,1376,2752,5,2614.4,UPI,Delivered,8,CUST2547,Jiya Shanker,Female,39,Kozhikode,Kerala,4.6,,4.2,268.27
ORD104655,11-11-2023,Flipkart,Beauty & Personal Care,Makeup,Lakme Makeup M179,Lakme,2,647,1294,5,1229.3,UPI,Delivered,8,CUST7077,Kartik Devan,Female,45,Madurai,Tamil Nadu,3.9,,12.81,255.26
ORD102362,02-07-2025,Amazon,Home & Kitchen,Furniture,Ikea Furniture X458,Ikea,3,23074,69222,5,65760.9,Debit Card,Delivered,1,CUST9413,Saksham Soni,Female,28,Surat,Gujarat,4.4,,16.38,8382.23
ORD101975,18-02-2023,Flipkart,"Books, Sports & Gaming",Gaming,Sony Gaming Z844,Sony,1,20738,20738,5,19701.1,COD,In Transit,4,CUST5403,Adira Jhaveri,Male,44,Noida,Uttar Pradesh,2.5,,10.64,3825.24
ORD103514,11-04-2024,Amazon,Home & Kitchen,Furniture,HomeTown Furniture M122,HomeTown,4,57470,229880,0,229880,Credit Card,Delivered,5,CUST6727,Ayesha Bajwa,Female,18,Ahmedabad,Gujarat,4.7,,9.04,24456
ORD101761,15-08-2025,Flipkart,Beauty & Personal Care,Grooming,Philips Grooming S225,Philips,2,3721,7442,0,7442,UPI,Delivered,4,CUST4037,Saanvi Bandi,Female,20,Thiruvananthapuram,Kerala,3.4,,11.84,1322.13
ORD102739,05-11-2023,Max,Plus Size,Plus Bottoms,Realme Plus Bottoms Z331,Realme,2,3342,6684,5,6349.8,UPI,Returned,9,CUST9444,Dhanuk Dutta,Female,19,Madurai,Tamil Nadu,1.4,,5.19,1743.87
ORD104844,12-08-2025,Amazon,Baby Products,Feeding Supplies,FabIndia Feeding Supplies S174,FabIndia,2,1493,2986,0,2986,Credit Card,Delivered,6,CUST5690,Vivaan Kari,Male,45,Surat,Gujarat,4.2,,10.19,350.43
ORD102472,24-12-2024,Flipkart,Beauty & Personal Care,Grooming,HUL Grooming S235,HUL,1,3436,3436,5,3264.2,Wallet,Delivered,4,CUST2878,Badal Wadhwa,Male,37,Kanpur,Uttar Pradesh,3.6,,11.37,498.44
ORD104007,13-02-2025,Myntra,Footwear,Sports,LG Sports Z679,LG,3,1858,5574,40,3344.4,UPI,Delivered,6,CUST2557,Aaryahi Bora,Male,64,Jaipur,Rajasthan,1.9,,15.4,468.58
ORD101493,22-11-2023,Flipkart,Electronics,Mobiles,Apple Mobiles M465,Apple,1,67696,67696,0,67696,COD,Delivered,6,CUST4631,Baiju Bhalla,Male,31,Bengaluru,Karnataka,2.2,,16.25,8793.41
ORD104206,16-11-2023,Amazon,Baby Products,Diapers,HomeTown Diapers S717,HomeTown,3,555,1665,10,1498.5,Debit Card,Delivered,7,CUST2245,Nakul Deol,Male,56,Noida,Uttar Pradesh,4.1,,10.69,305.27
ORD102158,04-06-2024,Myntra,Footwear,Formal,Red Tape Formal S860,Red Tape,2,1262,2524,15,2145.4,UPI,In Transit,5,CUST8477,Ahana  Goda,Female,20,Mangalore,Karnataka,1.6,,15.56,357.51
ORD101169,14-11-2023,Flipkart,Home & Furniture,Household Essentials,Biba Household Essentials X514,Biba,1,5329,5329,5,5062.55,COD,Delivered,10,CUST1609,Damini Amble,Male,15,Pune,Maharashtra,2.2,,11.68,445.2
ORD104516,12-03-2024,Myntra,Personal Care,Skincare,Biba Skincare M336,Biba,2,4729,9458,5,8985.1,COD,Delivered,4,CUST3822,Renee Dasgupta,Male,28,Ahmedabad,Gujarat,2.1,,14.82,1599.2
ORD100232,19-10-2024,Amazon,Sports & Outdoors,Fitness,Decathlon Fitness M652,Decathlon,3,39644,118932,5,112985.4,Wallet,Delivered,7,CUST7266,Yakshit Bawa,Female,56,Mumbai,Maharashtra,3.7,,4.16,28362.96
ORD100066,25-02-2024,Amazon,Beauty & Personal Care,Grooming,HUL Grooming S936,HUL,4,1323,5292,0,5292,Wallet,Delivered,3,CUST5616,Tarini Bali,Female,43,Kolkata,West Bengal,3.2,,17.78,960.87
ORD101603,24-08-2023,Max,Plus Size,Plus Tops,Campus Sutra Plus Tops Z989,Campus Sutra,1,4731,4731,5,4494.45,COD,Returned,6,CUST7878,Bhamini Doshi,Female,42,Noida,Uttar Pradesh,1.7,Defective,5.97,617.44
ORD103283,08-10-2023,Amazon,Fashion,Bags,Baggit Bags Z138,Baggit,1,527,527,5,500.65,COD,Delivered,5,CUST1358,Jivin Ghose,Male,16,Mumbai,Maharashtra,4.4,,16.11,89.5
ORD103596,16-08-2024,Max,Plus Size,Plus Bottoms,Portronics Plus Bottoms X434,Portronics,4,1791,7164,10,6447.6,Credit Card,Delivered,8,CUST1297,Kiaan Chana,Male,39,Kolkata,West Bengal,3.1,,15.62,861.88
ORD100125,07-04-2024,Amazon,Fashion,Bags,Baggit Bags S539,Baggit,4,7672,30688,10,27619.2,COD,Delivered,7,CUST6869,Riaan Basu,Female,26,Noida,Uttar Pradesh,4.4,,17.61,6066.97
ORD101296,13-04-2023,Flipkart,Home & Furniture,Kitchen Appliances,Himalaya Kitchen Appliances X300,Himalaya,2,495,990,0,990,UPI,Delivered,7,CUST9875,Lakshay Bhandari,Male,19,Bengaluru,Karnataka,4.5,,5.56,175.67
ORD101976,02-11-2023,Max,Men's Fashion,Shirts,LocalFarm Shirts X146,LocalFarm,3,3940,11820,15,10047,UPI,Delivered,6,CUST7501,Vaibhav Sagar,Female,19,New Delhi,Delhi,3.3,,6.78,1044.7
ORD104517,30-12-2023,Myntra,Home & Living,Decor,Microsoft Decor S392,Microsoft,4,2616,10464,5,9940.8,COD,In Transit,9,CUST9409,Kaira Mammen,Male,48,Bengaluru,Karnataka,1.9,,10.07,2519.04
ORD104481,10-10-2023,Max,Women's Fashion,Dresses,Lakme Dresses S549,Lakme,3,4322,12966,10,11669.4,UPI,In Transit,12,CUST5680,Rania Sant,Female,51,Mumbai,Maharashtra,2.8,,9.02,2051.72
ORD102075,26-01-2024,Myntra,Footwear,Formal,Red Tape Formal X836,Red Tape,2,2879,5758,15,4894.3,UPI,Delivered,2,CUST9764,Prerak Bali,Male,46,Chennai,Tamil Nadu,1.9,,11.84,1087.91
ORD103086,31-08-2025,Max,Kids' Fashion,Kids Shoes,HomeTown Kids Shoes M417,HomeTown,3,1489,4467,5,4243.65,UPI,Delivered,6,CUST2477,Vritika Kapoor,Female,37,Kochi,Kerala,2.8,,10.69,442.54
ORD104345,18-11-2024,Max,Kids' Fashion,Kids Apparel,Tanishq Kids Apparel Z390,Tanishq,3,4501,13503,0,13503,UPI,Delivered,5,CUST2392,Taimur Thaker,Male,15,Chennai,Tamil Nadu,1.5,,6.98,1165.75
ORD103345,20-02-2023,Amazon,Baby Products,Diapers,Biba Diapers S385,Biba,3,1170,3510,20,2808,COD,Delivered,11,CUST3658,Nirvaan Mangal,Male,20,Surat,Gujarat,4.7,,7.62,436.7
ORD104464,30-06-2025,Amazon,Electronics,Cameras,Sony Cameras S217,Sony,1,53554,53554,0,53554,UPI,Delivered,6,CUST5532,Himmat Basak,Female,15,Amritsar,Punjab,4.8,,16.33,3427.55
ORD102797,25-09-2023,Amazon,Fashion,Jewelry,Voylla Jewelry X363,Voylla,2,6633,13266,10,11939.4,UPI,Delivered,11,CUST1709,Eva Kibe,Female,34,Pune,Maharashtra,3.1,,14.49,2012.06
ORD100918,15-06-2023,Flipkart,Fashion,Accessories,JBL Accessories S775,JBL,1,2006,2006,0,2006,Credit Card,Delivered,6,CUST7847,Kartik Sinha,Female,18,Lucknow,Uttar Pradesh,3,,8.97,464.6
ORD101646,26-05-2023,Myntra,Footwear,Formal,Red Tape Formal Z446,Red Tape,1,8197,8197,10,7377.3,UPI,Delivered,12,CUST5401,Tejas Saxena,Female,15,Mumbai,Maharashtra,3.4,,4.43,2053.93
ORD100364,19-07-2024,Amazon,Home & Kitchen,Furniture,Nilkamal Furniture X537,Nilkamal,3,56146,168438,15,143172.3,Debit Card,Delivered,8,CUST5143,Jayesh Devan,Male,33,Surat,Gujarat,3.4,,13.7,28240.33
ORD103287,27-05-2023,Amazon,Sports & Outdoors,Fitness,HRX Fitness S777,HRX,4,27848,111392,15,94683.2,Credit Card,Delivered,11,CUST2905,Sahil Balan,Female,35,Surat,Gujarat,4.8,,4.33,8645.98
ORD102125,24-04-2024,Flipkart,Beauty & Personal Care,Makeup,Lakme Makeup M648,Lakme,3,1287,3861,0,3861,UPI,Delivered,6,CUST3649,Divit Kara,Female,18,Chennai,Tamil Nadu,3.7,,17.42,710.83
ORD104123,20-12-2023,Max,Men's Fashion,Bottoms,Patanjali Bottoms Z144,Patanjali,1,2991,2991,5,2841.45,COD,Delivered,10,CUST9916,Adah Sura,Female,63,Chennai,Tamil Nadu,2.8,,13.3,702.74
ORD100525,14-12-2024,Amazon,Home & Kitchen,Kitchenware,Hawkins Kitchenware Z508,Hawkins,2,523,1046,0,1046,UPI,Delivered,6,CUST6203,Kabir Venkatesh,Female,41,Thiruvananthapuram,Kerala,4.5,,14.81,143.88
ORD100055,21-04-2023,Amazon,Books,Books,HarperCollins Books M447,HarperCollins,4,1705,6820,25,5115,Credit Card,Delivered,3,CUST5381,Indrans Zacharia,Female,43,Mumbai,Maharashtra,4.4,,12.53,812.98
ORD100638,14-09-2023,Myntra,Footwear,Sports,Samsung Sports M702,Samsung,3,1622,4866,5,4622.7,COD,Delivered,3,CUST8306,Adah Batta,Male,41,Mumbai,Maharashtra,1.2,,5.12,1147.24
ORD100302,15-05-2023,Max,Plus Size,Plus Bottoms,Puma Plus Bottoms S180,Puma,4,4481,17924,5,17027.8,Credit Card,Delivered,3,CUST4712,Anahi Kadakia,Female,33,New Delhi,Delhi,2.5,,5.8,3962.94
ORD102766,08-08-2025,Amazon,Fashion,Shoes,Bata Shoes X335,Bata,1,3475,3475,40,2085,UPI,In Transit,6,CUST5123,Saira Goel,Female,30,Jaipur,Rajasthan,2.9,,8.77,501.74
ORD101276,15-02-2025,Myntra,Home & Living,Decor,Decathlon Decor X184,Decathlon,2,1027,2054,10,1848.6,UPI,Delivered,6,CUST9518,Indrans Kaul,Male,23,Kolkata,West Bengal,1.6,,9.74,167.74
ORD102055,16-09-2024,Flipkart,Grocery,Fresh,Penguin Fresh S348,Penguin,2,4354,8708,10,7837.2,Credit Card,Delivered,4,CUST6188,Gatik Kara,Male,47,Bengaluru,Karnataka,3.3,,9.96,371.63
ORD103644,03-06-2023,Flipkart,Fashion,Footwear,Samsung Footwear M470,Samsung,4,4181,16724,30,11706.8,Credit Card,Delivered,9,CUST8765,Bhamini Koshy,Female,40,Kochi,Kerala,3.2,,6.7,2164.76
ORD104143,22-02-2024,Amazon,Baby Products,Feeding Supplies,Ikea Feeding Supplies S816,Ikea,1,543,543,0,543,COD,Delivered,7,CUST3523,Mishti Gola,Male,22,Pune,Maharashtra,4.3,,5.46,49.58
ORD102878,16-07-2023,Amazon,Beauty & Personal Care,Healthcare,Patanjali Healthcare M455,Patanjali,2,1138,2276,10,2048.4,COD,Delivered,6,CUST1358,Tiya Borde,Female,58,Mumbai,Maharashtra,4.5,,12.56,323.04
ORD104202,01-03-2023,Amazon,Electronics,Cameras,Canon Cameras Z542,Canon,1,67645,67645,0,67645,COD,Delivered,8,CUST3087,Gatik Tailor,Male,25,Pune,Maharashtra,4,,9.14,3946.46
ORD102286,01-04-2025,Max,Women's Fashion,Tops,Ikea Tops X171,Ikea,4,5735,22940,20,18352,Debit Card,Delivered,6,CUST6860,Damini Agrawal,Female,22,Kozhikode,Kerala,2.5,,16.36,2436.22
ORD102261,20-12-2024,Max,Women's Fashion,Winter Wear,3M Winter Wear Z504,3M,3,5094,15282,5,14517.9,UPI,Delivered,7,CUST6303,Ishita Sane,Male,24,Lucknow,Uttar Pradesh,1.9,,17.31,3805.82
ORD102296,20-04-2024,Flipkart,Automotive,Spare Parts,Sparx Spare Parts M147,Sparx,1,5218,5218,10,4696.2,UPI,Delivered,4,CUST5298,Ayesha Raju,Female,48,New Delhi,Delhi,2.6,,8.35,546.88
ORD101753,17-12-2024,Myntra,Clothing,Kids Wear,Roadster Kids Wear X583,Roadster,2,4077,8154,15,6930.9,UPI,Delivered,5,CUST7256,Nayantara Suri,Male,22,Bengaluru,Karnataka,1.4,,13.88,829.49
ORD101968,23-07-2024,Amazon,Beauty & Personal Care,Grooming,Philips Grooming S746,Philips,2,2075,4150,0,4150,Credit Card,Delivered,2,CUST8972,Nakul Tella,Male,56,Madurai,Tamil Nadu,3.9,,8.67,1203.62
ORD104351,11-04-2023,Amazon,Home & Kitchen,Appliances,IFB Appliances S356,IFB,1,40151,40151,15,34128.35,Wallet,Delivered,9,CUST7217,Oorja Dubey,Female,43,Mumbai,Maharashtra,3.5,,8.91,8264.54
ORD103117,12-01-2024,Flipkart,Beauty & Personal Care,Makeup,Maybelline Makeup M401,Maybelline,4,1939,7756,5,7368.2,Wallet,Delivered,3,CUST6135,Eva Setty,Male,61,Chennai,Tamil Nadu,3.1,,8.65,1061.09
ORD102393,17-09-2025,Amazon,Books,Stationery,Levis Stationery S487,Levis,4,1131,4524,10,4071.6,Credit Card,Delivered,6,CUST3923,Pranay Iyengar,Male,44,Mumbai,Maharashtra,4.2,,7.8,672.78
ORD100523,11-05-2024,Myntra,Personal Care,Fragrances,Roadster Fragrances S998,Roadster,2,315,630,0,630,UPI,Delivered,5,CUST4845,Vaibhav Gopal,Male,32,Surat,Gujarat,1.9,,13.63,135.41
ORD103900,20-04-2024,Flipkart,Automotive,Spare Parts,Himalaya Spare Parts X809,Himalaya,4,8112,32448,10,29203.2,UPI,Returned,5,CUST5072,Shlok Seshadri,Male,58,Bengaluru,Karnataka,1.4,Other,12.04,5227.67
ORD103122,18-09-2024,Myntra,Clothing,Kids Wear,Boat Kids Wear M247,Boat,3,595,1785,10,1606.5,COD,Delivered,4,CUST2059,Ishita Gulati,Female,37,Kolkata,West Bengal,3,,10.75,224.86
ORD104156,16-10-2023,Flipkart,Electronics,Home Electronics,Biba Home Electronics M242,Biba,1,2295,2295,10,2065.5,UPI,Delivered,4,CUST8107,Jayant Bhat,Female,49,Mumbai,Maharashtra,3.8,,7.37,304.46
ORD101969,21-01-2025,Flipkart,Beauty & Personal Care,Makeup,Loreal Makeup S560,Loreal,4,2383,9532,5,9055.4,UPI,Delivered,6,CUST2822,Riya Kalla,Male,18,Chennai,Tamil Nadu,4.4,,7.53,1115.68
ORD100671,03-10-2024,Myntra,Accessories,Wallets,Portronics Wallets Z729,Portronics,1,5036,5036,25,3777,COD,Delivered,5,CUST4681,Himmat Aurora,Female,28,Kolkata,West Bengal,2.2,,10.3,997.14
ORD104188,16-02-2024,Amazon,Fashion,Bags,Wildcraft Bags X743,Wildcraft,2,6221,12442,0,12442,Credit Card,Delivered,5,CUST3750,Samaira Thaker,Male,31,Mysuru,Karnataka,4.2,,12.59,2402.44
ORD100666,05-07-2023,Flipkart,Beauty & Personal Care,Grooming,Philips Grooming Z144,Philips,4,1190,4760,5,4522,Debit Card,Returned,12,CUST7345,Aarna Goyal,Male,18,Kolkata,West Bengal,1.8,Defective,10.75,609.52
ORD104338,12-07-2024,Amazon,Baby Products,Feeding Supplies,Bata Feeding Supplies Z152,Bata,1,3133,3133,0,3133,UPI,Delivered,4,CUST6354,Uthkarsh Deshmukh,Female,62,Mumbai,Maharashtra,4.3,,8.89,583.69
ORD101887,31-07-2025,Flipkart,"Books, Sports & Gaming",Books,HarperCollins Books M292,HarperCollins,3,285,855,10,769.5,UPI,Delivered,4,CUST9114,Hansh Sandal,Male,40,Mangalore,Karnataka,4.3,,9.47,86.42
ORD103266,23-11-2023,Amazon,Home & Kitchen,Kitchenware,Prestige Kitchenware S665,Prestige,1,7146,7146,0,7146,COD,Returned,6,CUST3062,Hiran Keer,Female,38,Chennai,Tamil Nadu,3.4,Size issue,4.96,1956.81
ORD100280,11-02-2023,Amazon,Sports & Outdoors,Fitness,Decathlon Fitness X710,Decathlon,1,10788,10788,0,10788,UPI,Delivered,10,CUST7750,Prerak Goswami,Male,15,Bengaluru,Karnataka,4.1,,12.96,2104.51
ORD101719,27-04-2024,Max,Accessories,Bags,Baggit Bags M883,Baggit,1,4230,4230,30,2961,UPI,Delivered,5,CUST8453,Nirvi Sengupta,Female,32,Bengaluru,Karnataka,1.3,,17.15,747.02
ORD102947,06-01-2025,Flipkart,Automotive,Spare Parts,Decathlon Spare Parts M654,Decathlon,4,8295,33180,10,29862,UPI,Delivered,6,CUST1443,Bhavin Bhardwaj,Male,18,Ludhiana,Punjab,2.7,,15.2,3310.8
ORD100899,05-11-2023,Amazon,Baby Products,Feeding Supplies,Dell Feeding Supplies S924,Dell,4,3972,15888,5,15093.6,COD,Delivered,8,CUST5597,Anya Gala,Female,42,New Delhi,Delhi,4.3,,13.95,4186.68
ORD104850,09-11-2024,Amazon,Fashion,Shoes,Nike Shoes M945,Nike,3,2875,8625,0,8625,COD,Returned,7,CUST9035,Hunar Datta,Female,21,Noida,Uttar Pradesh,2.4,Size issue,15.33,1423.44
ORD100760,15-04-2023,Amazon,Fashion,Shoes,Puma Shoes Z903,Puma,2,7363,14726,0,14726,Credit Card,Delivered,12,CUST7879,Amani Rege,Female,38,Nagpur,Maharashtra,3.6,,12.8,2023.97
ORD101906,05-10-2025,Max,Accessories,Bags,Baggit Bags M954,Baggit,4,1845,7380,10,6642,Wallet,Delivered,5,CUST6263,Rasha Halder,Male,18,Mumbai,Maharashtra,2.2,,6.06,1815.9
ORD104042,08-09-2023,Flipkart,Automotive,Accessories,Boat Accessories S658,Boat,4,2454,9816,15,8343.6,COD,Delivered,6,CUST8650,Lagan Manne,Male,45,Surat,Gujarat,3,,6.55,753.57
ORD103823,26-05-2023,Amazon,Groceries,Snacks,FabIndia Snacks S330,FabIndia,4,867,3468,25,2601,Wallet,Delivered,8,CUST1061,Bhavin Verma,Male,31,Kolkata,West Bengal,3.6,,7,79.58
ORD104138,19-12-2023,Amazon,Beauty & Personal Care,Makeup,Lakme Makeup Z825,Lakme,3,308,924,20,739.2,Debit Card,Delivered,8,CUST4023,Suhana Borde,Female,63,Mumbai,Maharashtra,4.6,,7.67,158.34
ORD103818,26-05-2025,Myntra,Accessories,Wallets,Red Tape Wallets Z444,Red Tape,2,1404,2808,20,2246.4,UPI,Delivered,2,CUST1265,Kiaan Sawhney,Female,41,Chennai,Tamil Nadu,2.9,,15.54,365.93
ORD104300,06-01-2025,Max,Accessories,Bags,Wildcraft Bags M336,Wildcraft,2,641,1282,30,897.4,COD,Delivered,1,CUST9999,Faiyaz Contractor,Male,43,Amritsar,Punjab,2.7,,12.72,156.33
ORD102593,09-07-2023,Amazon,Home & Kitchen,Home Decor,FabIndia Home Decor X167,FabIndia,1,3004,3004,5,2853.8,COD,Delivered,8,CUST8399,Renee Subramaniam,Male,60,Ahmedabad,Gujarat,4.7,,16.83,737.54
ORD104164,25-05-2025,Amazon,Electronics,Accessories,Boat Accessories X414,Boat,2,4658,9316,0,9316,UPI,Delivered,6,CUST4471,Misha Chacko,Male,32,Chennai,Tamil Nadu,4.7,,9.6,605.43
ORD103031,18-05-2023,Amazon,Sports & Outdoors,Outdoor Gear,Adidas Outdoor Gear X708,Adidas,3,568,1704,0,1704,Debit Card,Delivered,4,CUST6175,Ayesha Banerjee,Female,62,Ahmedabad,Gujarat,4.5,,9.37,179.92
ORD103579,08-12-2024,Myntra,Accessories,Bags,Wildcraft Bags Z762,Wildcraft,2,2402,4804,5,4563.8,UPI,Delivered,6,CUST3508,Elakshi Sheth,Female,26,Kozhikode,Kerala,2.4,,11.86,1021.97
ORD102832,05-05-2024,Myntra,Home & Living,Decor,Realme Decor Z461,Realme,3,3900,11700,25,8775,Debit Card,Delivered,5,CUST8988,Kimaya Sha,Male,51,Noida,Uttar Pradesh,1.9,,15.22,2294.7
ORD103472,17-05-2024,Amazon,Groceries,Fresh Produce,LocalFarm Fresh Produce M781,LocalFarm,2,337,674,25,505.5,UPI,In Transit,6,CUST4843,Drishya Gala,Male,15,Kolkata,West Bengal,4.4,,14,27.26
ORD100137,11-07-2025,Flipkart,Automotive,Accessories,Portronics Accessories Z161,Portronics,2,2519,5038,10,4534.2,UPI,Returned,3,CUST9680,Navya Chatterjee,Male,46,Amritsar,Punjab,2.2,,14.18,466.43
ORD102180,05-07-2024,Amazon,Sports & Outdoors,Fitness,Decathlon Fitness M777,Decathlon,2,19361,38722,0,38722,UPI,Delivered,5,CUST2228,Drishya Wadhwa,Female,47,Noida,Uttar Pradesh,5,,14.81,5866.3
ORD102128,17-04-2025,Flipkart,Electronics,Mobiles,Xiaomi Mobiles X685,Xiaomi,1,15119,15119,10,13607.1,UPI,Delivered,3,CUST1609,Tiya Badal,Male,39,Mumbai,Maharashtra,2,,8,1535.62
ORD103177,23-04-2024,Amazon,Beauty & Personal Care,Makeup,Lakme Makeup Z512,Lakme,1,621,621,10,558.9,UPI,Delivered,3,CUST5721,Arhaan Upadhyay,Female,45,Pune,Maharashtra,3.5,,12.8,133.18
ORD104367,11-07-2024,Amazon,Books,Books,Penguin Books S495,Penguin,4,1565,6260,0,6260,Credit Card,Delivered,3,CUST5626,Lakshit Mangat,Female,24,Howrah,West Bengal,3.8,,8.37,1135.69
ORD104261,15-06-2025,Myntra,Footwear,Casual,Campus Casual X534,Campus,2,3849,7698,25,5773.5,UPI,Delivered,6,CUST1146,Nayantara Jani,Female,21,Surat,Gujarat,2,,8.98,772.67
ORD104344,21-08-2025,Flipkart,Beauty & Personal Care,Grooming,Philips Grooming S543,Philips,3,547,1641,25,1230.75,UPI,Delivered,6,CUST8912,Ahana  Sur,Female,31,Vadodara,Gujarat,3.5,,17.29,218.55
ORD101331,12-10-2025,Myntra,Footwear,Sports,Puma Sports X285,Puma,3,2446,7338,5,6971.1,Credit Card,Delivered,2,CUST5542,Stuvan Thaman,Female,34,New Delhi,Delhi,1.4,,4.28,1295.99
ORD102017,27-04-2025,Amazon,Books,Books,HarperCollins Books M792,HarperCollins,3,1632,4896,5,4651.2,UPI,Delivered,2,CUST4367,Ivan Dave,Female,37,Kolkata,West Bengal,5,,6.14,674.42
ORD102482,27-02-2023,Amazon,Baby Products,Apparel,FabIndia Apparel X588,FabIndia,2,793,1586,0,1586,UPI,Delivered,9,CUST5464,Aarav Krishna,Female,29,Ahmedabad,Gujarat,4.7,,12.16,269.3
ORD101358,24-06-2024,Amazon,Fashion,Bags,Wildcraft Bags S338,Wildcraft,1,6951,6951,10,6255.9,COD,Delivered,4,CUST7928,Pranay Bakshi,Male,37,Chennai,Tamil Nadu,5,,8.99,1669.24
ORD101329,21-09-2025,Flipkart,"Books, Sports & Gaming",Gaming,Sony Gaming X510,Sony,1,22383,22383,5,21263.85,UPI,Delivered,3,CUST5655,Rohan Kumer,Female,24,Nagpur,Maharashtra,2.6,,7.64,6090.71
ORD102150,22-10-2023,Max,Kids' Fashion,Kids Apparel,H&M Kids Apparel M778,H&M,1,1897,1897,0,1897,COD,Delivered,3,CUST3806,Taran Magar,Male,19,Madurai,Tamil Nadu,2.9,,10.27,543.33
ORD102122,28-09-2025,Myntra,Home & Living,Kitchenware,Prestige Kitchenware Z305,Prestige,4,6843,27372,20,21897.6,UPI,Delivered,2,CUST4894,Keya Tella,Male,19,New Delhi,Delhi,1.9,,8.65,5456.01
ORD103981,02-03-2024,Flipkart,"Books, Sports & Gaming",Sporting Goods,Apple Sporting Goods M693,Apple,2,3199,6398,10,5758.2,UPI,Delivered,8,CUST9681,Jhanvi Desai,Female,56,Surat,Gujarat,2.8,,6.34,546.06
ORD101252,22-03-2023,Flipkart,Automotive,Spare Parts,Red Tape Spare Parts Z623,Red Tape,1,9304,9304,5,8838.8,COD,Delivered,7,CUST7964,Damini Dey,Female,48,Noida,Uttar Pradesh,3,,14.22,1621.78
ORD103278,17-04-2025,Amazon,Electronics,Mobiles,Samsung Mobiles M450,Samsung,1,43038,43038,5,40886.1,Debit Card,Delivered,2,CUST8605,Kaira Shetty,Male,37,Thiruvananthapuram,Kerala,3.2,,17.31,6973.88
ORD103374,06-02-2024,Amazon,Home & Kitchen,Home Decor,FabIndia Home Decor M273,FabIndia,4,1859,7436,15,6320.6,COD,Delivered,4,CUST2194,Arnav Sampath,Male,25,Mangalore,Karnataka,3.5,,5.52,685.02
ORD102814,30-09-2023,Amazon,Home & Kitchen,Appliances,IFB Appliances Z290,IFB,1,34064,34064,15,28954.4,Debit Card,Delivered,4,CUST7316,Khushi Madan,Female,29,Pune,Maharashtra,3.9,,9.17,5050.62
ORD101848,29-01-2023,Myntra,Footwear,Formal,Red Tape Formal S134,Red Tape,1,3474,3474,40,2084.4,UPI,Delivered,4,CUST1579,Riya Krishnan,Female,19,Howrah,West Bengal,2,,16.41,482.47
ORD103037,05-10-2024,Myntra,Footwear,Casual,Campus Casual Z901,Campus,3,1276,3828,10,3445.2,COD,Delivered,2,CUST5266,Arnav Majumdar,Female,23,New Delhi,Delhi,3,,9.93,975.57
ORD100388,21-03-2023,Myntra,Clothing,Kids Wear,Samsung Kids Wear X890,Samsung,2,4206,8412,30,5888.4,UPI,In Transit,11,CUST6051,Hazel Barman,Male,20,Chennai,Tamil Nadu,1.4,,16.56,977.1
ORD100235,23-12-2023,Amazon,Books,Books,Penguin Books S989,Penguin,4,1476,5904,5,5608.8,Debit Card,Delivered,5,CUST2841,Kashvi Ray,Female,26,Kolkata,West Bengal,4.7,,14.61,1022.66
ORD101077,26-09-2023,Max,Women's Fashion,Bottoms,Sony Bottoms M713,Sony,2,909,1818,30,1272.6,Wallet,Delivered,10,CUST5551,Umang Gandhi,Female,30,Lucknow,Uttar Pradesh,2.2,,14.48,336.6
ORD101984,30-07-2025,Amazon,Electronics,Cameras,Sony Cameras X860,Sony,1,46080,46080,10,41472,UPI,Delivered,5,CUST5415,Armaan Lalla,Male,31,Noida,Uttar Pradesh,3.9,,17.06,4984.27
ORD104363,20-07-2025,Flipkart,Electronics,Mobiles,Apple Mobiles S935,Apple,1,86964,86964,10,78267.6,UPI,Returned,5,CUST5264,Dishani Bobal,Male,28,Chennai,Tamil Nadu,2.1,Other,12.03,6453.38
ORD103962,25-01-2025,Amazon,Sports & Outdoors,Outdoor Gear,OnePlus Outdoor Gear Z214,OnePlus,3,2101,6303,0,6303,UPI,Cancelled,4,CUST5586,Mohanlal Johal,Female,27,Mumbai,Maharashtra,4.3,,17.65,650.85
ORD100770,24-07-2025,Max,Plus Size,Plus Tops,Himalaya Plus Tops M116,Himalaya,2,2200,4400,10,3960,UPI,Delivered,5,CUST9022,Vardaniya Chokshi,Male,22,Coimbatore,Tamil Nadu,3.2,,9.17,339.15
ORD102165,23-06-2023,Myntra,Clothing,Kids Wear,Nilkamal Kids Wear S176,Nilkamal,1,1875,1875,20,1500,COD,Delivered,7,CUST8510,Pari Goda,Female,20,Mumbai,Maharashtra,2.1,,5.2,144.22
ORD100673,29-08-2025,Flipkart,"Books, Sports & Gaming",Gaming,Sony Gaming M744,Sony,1,38092,38092,20,30473.6,UPI,Delivered,4,CUST6610,Hiran Chopra,Female,64,Coimbatore,Tamil Nadu,3,,8.72,7073.33
ORD100249,25-02-2025,Amazon,Books,Stationery,Adidas Stationery X595,Adidas,1,656,656,0,656,UPI,Delivered,5,CUST1953,Vritika Kant,Male,44,Pune,Maharashtra,3.6,,6.94,68.94
ORD101574,28-07-2024,Flipkart,Automotive,Accessories,Portronics Accessories S640,Portronics,4,4858,19432,5,18460.4,COD,Delivered,8,CUST3227,Samaira Soni,Female,22,Chennai,Tamil Nadu,2.4,,4.69,5019.73
ORD103419,06-04-2024,Amazon,Fashion,Jewelry,Tanishq Jewelry X615,Tanishq,4,34553,138212,10,124390.8,COD,Delivered,4,CUST1428,Indrajit Bali,Female,37,Kolkata,West Bengal,4.4,,11.45,21036.3
ORD102081,12-04-2024,Amazon,Groceries,Gourmet Foods,Prestige Gourmet Foods Z961,Prestige,1,3867,3867,0,3867,UPI,Delivered,6,CUST4956,Taran Jha,Female,28,Bengaluru,Karnataka,3.7,,14.4,154.17
ORD101823,02-01-2023,Flipkart,"Books, Sports & Gaming",Books,HarperCollins Books Z255,HarperCollins,4,235,940,10,846,UPI,Returned,7,CUST9151,Mishti Gulati,Male,46,Howrah,West Bengal,3.1,Late delivery,16.42,249.96
ORD100716,20-02-2024,Flipkart,Beauty & Personal Care,Grooming,Philips Grooming X949,Philips,1,4842,4842,0,4842,Credit Card,Delivered,2,CUST2845,Pranay Desai,Male,44,Ahmedabad,Gujarat,3.1,,5.86,619.73
ORD104668,14-03-2023,Amazon,Sports & Outdoors,Sportswear,Adidas Sportswear X579,Adidas,4,8617,34468,0,34468,UPI,Delivered,6,CUST6856,Vidur Thaker,Female,18,Kanpur,Uttar Pradesh,3.8,,11.55,8799
ORD102048,08-05-2023,Amazon,Groceries,Essentials,MotherCare Essentials S165,MotherCare,1,2153,2153,0,2153,UPI,Delivered,8,CUST7841,Samarth Tara,Female,51,Noida,Uttar Pradesh,4,,17.5,164.89
ORD104178,01-09-2024,Amazon,Fashion,Watches,Titan Watches X644,Titan,1,2753,2753,10,2477.7,COD,Returned,7,CUST6984,Badal Sarkar,Male,18,Pune,Maharashtra,1.6,Late delivery,14.14,463.55
ORD102724,14-11-2023,Flipkart,"Books, Sports & Gaming",Books,HarperCollins Books S959,HarperCollins,3,1957,5871,5,5577.45,UPI,Delivered,4,CUST1814,Nehmat Sodhi,Female,15,Kolkata,West Bengal,1.9,,16.8,600.51
ORD104521,12-05-2023,Amazon,Home & Kitchen,Furniture,HomeTown Furniture M302,HomeTown,1,17445,17445,5,16572.75,Debit Card,In Transit,11,CUST5818,Zaina Varty,Female,65,Kolkata,West Bengal,3,,17.52,4678.11
ORD101460,07-08-2023,Flipkart,Beauty & Personal Care,Grooming,Philips Grooming Z138,Philips,1,3029,3029,0,3029,COD,Delivered,10,CUST3128,Adah Wable,Female,61,Noida,Uttar Pradesh,3.8,,15.59,469.99
ORD101668,20-08-2025,Myntra,Footwear,Casual,Campus Casual S260,Campus,1,422,422,20,337.6,Credit Card,Delivered,2,CUST7855,Nakul Agrawal,Female,56,Ahmedabad,Gujarat,1.6,,6.94,38.92
ORD102756,17-01-2024,Amazon,Beauty & Personal Care,Grooming,Philips Grooming X930,Philips,3,2260,6780,0,6780,UPI,Delivered,6,CUST6199,Dhruv Ramesh,Male,29,Noida,Uttar Pradesh,4.3,,4.71,641.34
ORD102000,15-09-2024,Flipkart,Fashion,Apparel,LG Apparel Z563,LG,4,3983,15932,15,13542.2,UPI,In Transit,3,CUST9029,Tiya Walla,Female,16,Madurai,Tamil Nadu,3.7,,11.16,1138.19
ORD100404,08-02-2025,Myntra,Accessories,Jewelry,Tanishq Jewelry Z856,Tanishq,4,26579,106316,0,106316,UPI,Delivered,6,CUST8279,Azad Mangat,Female,38,Bengaluru,Karnataka,1.9,,15.31,16119.16
ORD100384,27-07-2023,Flipkart,Beauty & Personal Care,Grooming,HUL Grooming Z727,HUL,4,583,2332,5,2215.4,Credit Card,Delivered,10,CUST8476,Anvi Ram,Female,19,New Delhi,Delhi,2.4,,14.32,317.56
ORD104535,04-08-2025,Amazon,Sports & Outdoors,Outdoor Gear,Campus Sutra Outdoor Gear X333,Campus Sutra,4,4905,19620,5,18639,UPI,Delivered,4,CUST5961,Sara Warrior,Female,25,Kolkata,West Bengal,4.7,,13.24,5200.92
ORD102152,22-01-2025,Flipkart,"Books, Sports & Gaming",Gaming,Sony Gaming Z351,Sony,1,58057,58057,15,49348.45,Debit Card,Delivered,2,CUST8617,Aarav Sahota,Male,43,Mumbai,Maharashtra,2.3,,4.05,6002.16
ORD101633,24-03-2025,Amazon,Beauty & Personal Care,Healthcare,Himalaya Healthcare X944,Himalaya,2,2104,4208,0,4208,UPI,Delivered,2,CUST4538,Saksham Mand,Male,23,Ahmedabad,Gujarat,4,,14.02,818.06
ORD104586,31-10-2023,Max,Kids' Fashion,Accessories,JBL Accessories X844,JBL,3,2293,6879,20,5503.2,Credit Card,Delivered,4,CUST3825,Stuvan Sant,Male,27,Ludhiana,Punjab,3.5,,8.27,505.4
ORD103925,27-12-2023,Flipkart,Automotive,Accessories,JBL Accessories M592,JBL,3,1142,3426,5,3254.7,Credit Card,Delivered,6,CUST2491,Aradhya Iyengar,Male,23,Mumbai,Maharashtra,3.9,,13.91,413.4
ORD104158,13-10-2025,Amazon,Electronics,Mobiles,Samsung Mobiles X673,Samsung,1,79198,79198,20,63358.4,UPI,Delivered,3,CUST4113,Hansh Swaminathan,Male,17,Noida,Uttar Pradesh,4.7,,6.85,3706.19
ORD100223,02-09-2024,Amazon,Fashion,Shoes,Bata Shoes S121,Bata,1,1090,1090,20,872,Credit Card,Delivered,3,CUST6690,Alisha Sarna,Male,25,Kolkata,West Bengal,4.3,,8.43,176.87
ORD102193,08-04-2024,Amazon,Sports & Outdoors,Fitness,Decathlon Fitness M768,Decathlon,3,4216,12648,5,12015.6,Credit Card,Delivered,3,CUST2054,Sumer Chada,Male,61,Surat,Gujarat,5,,12.62,2115.73
ORD103136,04-08-2025,Flipkart,Electronics,Mobiles,Apple Mobiles X909,Apple,1,14708,14708,5,13972.6,Wallet,Delivered,6,CUST9739,Eshani Mane,Male,22,Surat,Gujarat,2.3,,15.54,1166.52
ORD101824,23-03-2025,Myntra,Clothing,Western Wear,Campus Sutra Western Wear M644,Campus Sutra,2,2215,4430,10,3987,UPI,Delivered,1,CUST7090,Miraan Malhotra,Male,55,Surat,Gujarat,2.1,,6.76,1134.91
ORD104600,25-02-2025,Amazon,Sports & Outdoors,Sportswear,Adidas Sportswear M559,Adidas,3,7715,23145,5,21987.75,COD,Delivered,3,CUST3077,Sahil Bava,Female,17,Surat,Gujarat,4.3,,16.71,2252.5
ORD100797,04-06-2024,Amazon,Baby Products,Apparel,Adidas Apparel X117,Adidas,3,775,2325,0,2325,Debit Card,Delivered,4,CUST7563,Anay Kara,Male,22,Nagpur,Maharashtra,4.3,,10.89,288.04
ORD102871,08-10-2023,Max,Kids' Fashion,Accessories,Portronics Accessories X530,Portronics,1,3453,3453,5,3280.35,COD,Delivered,11,CUST9694,Vidur Dewan,Male,60,Pune,Maharashtra,3,,10.38,528.63
ORD100009,16-07-2023,Amazon,Baby Products,Apparel,Campus Sutra Apparel Z318,Campus Sutra,2,5071,10142,0,10142,Credit Card,In Transit,11,CUST4872,Yakshit Chadha,Female,29,Pune,Maharashtra,4.5,,15.7,2973.42
ORD101944,12-08-2025,Amazon,Baby Products,Diapers,Home Centre Diapers X105,Home Centre,1,1770,1770,0,1770,UPI,In Transit,4,CUST2816,Saira Lall,Female,41,Surat,Gujarat,4,,15.64,319.62
ORD101838,08-02-2025,Amazon,Beauty & Personal Care,Grooming,HUL Grooming M911,HUL,3,3122,9366,15,7961.1,UPI,Delivered,6,CUST9769,Prerak Swaminathan,Female,29,Bengaluru,Karnataka,4.7,,7.43,2037.67
ORD100255,26-02-2025,Max,Accessories,Seasonal,LG Seasonal X691,LG,4,2369,9476,30,6633.2,UPI,In Transit,5,CUST1755,Fateh Sane,Male,16,Pune,Maharashtra,2,,16.21,1017.03
ORD104508,31-05-2023,Flipkart,Fashion,Footwear,Campus Sutra Footwear Z312,Campus Sutra,4,1712,6848,20,5478.4,COD,Delivered,9,CUST1580,Advik Kalita,Male,40,Mysuru,Karnataka,3.7,,8.16,1444.69
ORD101581,25-08-2023,Flipkart,Fashion,Apparel,Lenovo Apparel M433,Lenovo,4,3330,13320,15,11322,COD,Delivered,12,CUST8198,Vardaniya Maharaj,Male,32,New Delhi,Delhi,3.5,,13.11,2613.63
ORD102956,04-01-2025,Myntra,Clothing,Kids Wear,Bata Kids Wear S311,Bata,3,3341,10023,5,9521.85,Debit Card,Returned,1,CUST8898,Inaaya  Kothari,Male,52,Ahmedabad,Gujarat,1.5,Defective,13.28,864.04
ORD100924,23-09-2024,Flipkart,Grocery,Essentials,Home Centre Essentials X882,Home Centre,4,3740,14960,0,14960,UPI,Delivered,8,CUST7750,Neysa Jain,Female,23,Kozhikode,Kerala,2.7,,12.78,555.55
ORD104429,13-08-2023,Flipkart,Automotive,Accessories,Portronics Accessories X399,Portronics,4,1741,6964,10,6267.6,Debit Card,In Transit,12,CUST6217,Vaibhav Bir,Male,37,New Delhi,Delhi,4,,13.78,959.15
ORD102508,01-12-2024,Flipkart,Home & Furniture,Household Essentials,Baggit Household Essentials M701,Baggit,2,5120,10240,0,10240,COD,Delivered,6,CUST5303,Mohanlal Rajagopalan,Male,20,Ahmedabad,Gujarat,3.4,,9.82,2126.16
ORD103775,14-12-2024,Amazon,Baby Products,Diapers,Roadster Diapers Z684,Roadster,3,3144,9432,5,8960.4,COD,Delivered,2,CUST9752,Arhaan Deo,Female,31,Noida,Uttar Pradesh,3.7,,5.1,1805.72
ORD104136,03-05-2024,Myntra,Clothing,Western Wear,Campus Sutra Western Wear S860,Campus Sutra,3,5187,15561,30,10892.7,UPI,Delivered,3,CUST5869,Farhan Rajan,Male,20,Mumbai,Maharashtra,1.6,,17.78,1339.51
ORD102779,20-12-2023,Amazon,Baby Products,Feeding Supplies,Lakme Feeding Supplies M889,Lakme,1,4157,4157,0,4157,Credit Card,Delivered,6,CUST5072,Parinaaz Shan,Male,24,Pune,Maharashtra,4.6,,6.01,534.08
ORD100539,23-03-2024,Flipkart,"Books, Sports & Gaming",Sporting Goods,W Sporting Goods X300,W,4,3364,13456,0,13456,Debit Card,Delivered,4,CUST4129,Adira Agate,Female,39,New Delhi,Delhi,3.4,,14.2,1709.34
ORD102745,01-08-2024,Amazon,Beauty & Personal Care,Healthcare,Patanjali Healthcare M521,Patanjali,3,1650,4950,10,4455,COD,Returned,8,CUST6195,Biju Chanda,Female,19,Surat,Gujarat,4,Defective,14.75,795.28
ORD104498,02-01-2023,Amazon,Fashion,Bags,Wildcraft Bags M158,Wildcraft,4,1703,6812,10,6130.8,Credit Card,Delivered,9,CUST8102,Samarth Rout,Female,18,Mumbai,Maharashtra,3.9,,4.94,1675.5
ORD104571,13-03-2025,Myntra,Footwear,Sports,Canon Sports Z262,Canon,4,1349,5396,20,4316.8,Debit Card,Cancelled,6,CUST2301,Ishita Dasgupta,Female,26,Ahmedabad,Gujarat,3.2,,5.55,889.9
ORD101145,17-01-2024,Flipkart,Home & Furniture,Household Essentials,Portico Household Essentials Z115,Portico,2,3006,6012,10,5410.8,Credit Card,Delivered,7,CUST3510,Bhavin Tak,Male,35,Coimbatore,Tamil Nadu,2.7,,4.68,787.64
ORD100667,06-11-2023,Amazon,Books,Stationery,Adidas Stationery M750,Adidas,1,292,292,0,292,Credit Card,Delivered,10,CUST8044,Lavanya Bhatia,Male,43,Mumbai,Maharashtra,4.5,,10.95,51.19
ORD103019,23-09-2025,Max,Women's Fashion,Winter Wear,Titan Winter Wear Z487,Titan,2,642,1284,0,1284,UPI,Delivered,5,CUST4179,Raunak Garg,Female,34,Amritsar,Punjab,1.8,,8.85,230.29
ORD100357,02-04-2023,Amazon,Sports & Outdoors,Outdoor Gear,Wildcraft Outdoor Gear S604,Wildcraft,2,491,982,0,982,COD,Delivered,8,CUST2981,Miraya Keer,Male,25,Mumbai,Maharashtra,4.3,,7.61,281.98
ORD102831,22-10-2023,Flipkart,Beauty & Personal Care,Makeup,Loreal Makeup X217,Loreal,3,1155,3465,5,3291.75,COD,Delivered,6,CUST7975,Pari Rege,Female,45,Mumbai,Maharashtra,3.7,,14.5,538.82
ORD102783,13-03-2023,Amazon,Books,Books,Penguin Books Z347,Penguin,3,636,1908,20,1526.4,UPI,Delivered,9,CUST5808,Aarush Ram,Male,15,Kochi,Kerala,4.5,,10.4,185.35
ORD101353,02-01-2023,Flipkart,Home & Furniture,Decor,FabIndia Decor M909,FabIndia,4,3191,12764,0,12764,COD,Delivered,9,CUST3498,Divij Divan,Female,24,Chennai,Tamil Nadu,2.7,,7.8,2351.59
ORD100470,21-04-2023,Flipkart,"Books, Sports & Gaming",Books,Penguin Books S772,Penguin,4,480,1920,0,1920,UPI,Delivered,11,CUST4046,Kartik Kulkarni,Female,17,New Delhi,Delhi,3.1,,6.52,289.9
ORD102703,27-04-2023,Amazon,Baby Products,Diapers,Roadster Diapers M272,Roadster,1,3467,3467,5,3293.65,Debit Card,Delivered,12,CUST2988,Navya D’Alia,Male,23,Lucknow,Uttar Pradesh,4.1,,11.48,494.19
ORD103330,14-11-2023,Max,Men's Fashion,Shirts,Nikon Shirts Z814,Nikon,3,3793,11379,10,10241.1,Credit Card,Delivered,12,CUST4088,Uthkarsh Gopal,Female,44,Coimbatore,Tamil Nadu,1.7,,10.59,1906.83
ORD103637,09-05-2025,Amazon,Electronics,Televisions,Samsung Televisions S168,Samsung,1,106026,106026,0,106026,Credit Card,Cancelled,5,CUST9392,Jayan Varughese,Male,33,Surat,Gujarat,3.9,,9.3,12671.69
ORD101396,31-07-2024,Amazon,Fashion,Shoes,Puma Shoes M529,Puma,1,6820,6820,10,6138,UPI,Delivered,3,CUST1432,Nirvaan Goyal,Female,43,New Delhi,Delhi,4.9,,11.57,810.88
ORD103584,15-01-2024,Amazon,Beauty & Personal Care,Healthcare,Himalaya Healthcare X406,Himalaya,1,1596,1596,0,1596,COD,Delivered,6,CUST6435,Divij Bera,Male,62,Ahmedabad,Gujarat,4.7,,7.7,158.25
ORD104486,20-06-2023,Amazon,Groceries,Fresh Produce,LocalFarm Fresh Produce X615,LocalFarm,2,1279,2558,5,2430.1,Wallet,Delivered,7,CUST2560,Dhruv Karpe,Male,16,Pune,Maharashtra,4.8,,11.12,178.28
ORD103376,12-03-2023,Amazon,Groceries,Fresh Produce,BigBasket Fresh Produce X381,BigBasket,2,1091,2182,5,2072.9,COD,Delivered,8,CUST7869,Tara Ravel,Female,43,Mumbai,Maharashtra,5,,17.68,108.05
ORD101256,20-08-2023,Myntra,Clothing,Kids Wear,Red Tape Kids Wear M300,Red Tape,4,2244,8976,30,6283.2,Debit Card,In Transit,4,CUST1141,Nakul Bhatnagar,Female,43,Pune,Maharashtra,3.3,,5.07,1434.77
ORD103512,28-04-2025,Max,Women's Fashion,Bottoms,Maybelline Bottoms X366,Maybelline,2,3574,7148,25,5361,Debit Card,Delivered,3,CUST9239,Yasmin Batta,Female,19,Amritsar,Punjab,2.1,,15.6,520.25
ORD101250,28-09-2024,Flipkart,Automotive,Accessories,Portronics Accessories M351,Portronics,1,4625,4625,5,4393.75,UPI,Delivered,4,CUST6464,Shray Tiwari,Male,23,Surat,Gujarat,3.1,,11.35,1278.1
ORD104807,31-12-2023,Amazon,Fashion,Bags,Baggit Bags X340,Baggit,4,5411,21644,15,18397.4,COD,Delivered,4,CUST2121,Chirag Dhingra,Male,44,Kolkata,West Bengal,2.8,,10.77,2561.94
ORD104298,25-01-2024,Amazon,Books,Books,HarperCollins Books S123,HarperCollins,1,359,359,5,341.05,Debit Card,Returned,8,CUST5920,Fateh Dube,Female,17,Mangalore,Karnataka,3,Changed mind,4.7,52.96
ORD103284,05-06-2024,Flipkart,Fashion,Accessories,JBL Accessories X889,JBL,2,5026,10052,10,9046.8,COD,Delivered,4,CUST5073,Adira Krishnamurthy,Female,27,Nagpur,Maharashtra,2.9,,9.04,1876.77
ORD102933,24-06-2024,Amazon,Fashion,Clothing,Only Clothing X676,Only,3,4117,12351,10,11115.9,UPI,Delivered,8,CUST8699,Yakshit Gandhi,Male,23,Pune,Maharashtra,4,,13.43,1743.03
ORD104175,27-01-2024,Max,Men's Fashion,T-Shirts,Samsung T-Shirts M900,Samsung,3,465,1395,10,1255.5,Debit Card,Delivered,6,CUST6491,Kiara Dua,Male,37,Vadodara,Gujarat,1.7,,9.6,163.28
ORD101852,20-02-2024,Amazon,Fashion,Bags,Baggit Bags X756,Baggit,3,4133,12399,20,9919.2,Wallet,Returned,7,CUST6109,Jiya Korpal,Female,48,New Delhi,Delhi,2.6,Size issue,4.59,2695.74
ORD104869,01-07-2025,Amazon,Fashion,Jewelry,Tanishq Jewelry X786,Tanishq,2,8231,16462,15,13992.7,Debit Card,In Transit,6,CUST1100,Shray Bhandari,Female,35,Surat,Gujarat,4.6,,13.9,2658.14
ORD102105,13-01-2023,Flipkart,Electronics,Computers,Lenovo Computers S751,Lenovo,1,59261,59261,25,44445.75,Credit Card,Delivered,6,CUST6093,Aarush Shenoy,Male,37,Kozhikode,Kerala,3,,8.9,5728.79
ORD100133,08-09-2023,Amazon,Sports & Outdoors,Fitness,Decathlon Fitness M850,Decathlon,2,6412,12824,10,11541.6,Credit Card,Delivered,11,CUST5247,Hunar Ram,Male,35,Nagpur,Maharashtra,4.9,,11.24,3011.8
ORD100928,09-05-2024,Amazon,Beauty & Personal Care,Healthcare,Patanjali Healthcare X706,Patanjali,3,1023,3069,15,2608.65,COD,Delivered,4,CUST7395,Saira Kanda,Female,18,Kolkata,West Bengal,4.4,,6.98,598.75
ORD100823,23-04-2024,Amazon,Home & Kitchen,Home Decor,Home Centre Home Decor S348,Home Centre,2,8613,17226,25,12919.5,UPI,Delivered,7,CUST2390,Ivan Varty,Male,21,Chennai,Tamil Nadu,5,,17.68,2972.49
ORD104543,02-01-2023,Max,Kids' Fashion,Accessories,Boat Accessories X267,Boat,1,1960,1960,25,1470,UPI,Delivered,9,CUST7482,Aayush Sabharwal,Female,48,Bengaluru,Karnataka,2.1,,8.81,250.07
ORD101531,06-02-2024,Amazon,Groceries,Essentials,FabIndia Essentials S975,FabIndia,2,2736,5472,25,4104,Debit Card,Returned,2,CUST5416,Taimur Sankaran,Female,38,Surat,Gujarat,4.3,Changed mind,10.26,257.59
ORD101214,25-01-2025,Amazon,Electronics,Cameras,Canon Cameras M674,Canon,1,63601,63601,5,60420.95,UPI,Returned,3,CUST8483,Dishani Ratta,Female,35,Pune,Maharashtra,4.5,Size issue,17.53,10194.96
ORD100504,28-02-2023,Amazon,Home & Kitchen,Kitchenware,Prestige Kitchenware Z830,Prestige,3,5679,17037,15,14481.45,Wallet,Delivered,4,CUST6848,Nirvaan Balan,Male,25,Noida,Uttar Pradesh,4.1,,17.14,1814.37
ORD104285,07-07-2024,Amazon,Baby Products,Feeding Supplies,Philips Feeding Supplies M813,Philips,4,1651,6604,10,5943.6,UPI,Delivered,8,CUST3416,Hazel Kurian,Male,36,Ahmedabad,Gujarat,3.7,,17.12,482.2
ORD101996,07-12-2023,Amazon,Groceries,Gourmet Foods,Lilliput Gourmet Foods S842,Lilliput,1,4446,4446,5,4223.7,COD,Delivered,10,CUST7468,Hiran Varty,Female,48,New Delhi,Delhi,3.4,,15.84,303.61
ORD103072,23-08-2023,Amazon,Electronics,Televisions,Sony Televisions X354,Sony,1,85332,85332,0,85332,UPI,Delivered,11,CUST6201,Tara Hayre,Female,52,Mumbai,Maharashtra,4.7,,4.27,10126.38
ORD101958,27-02-2024,Amazon,Electronics,Cameras,Canon Cameras Z404,Canon,1,34809,34809,0,34809,Credit Card,Delivered,4,CUST7379,Vivaan Wadhwa,Male,18,Ahmedabad,Gujarat,3.1,,11.94,5784.08
ORD101384,29-03-2025,Max,Kids' Fashion,Kids Apparel,HRX Kids Apparel Z713,HRX,1,2029,2029,20,1623.2,Wallet,Delivered,3,CUST7664,Raunak Chandran,Male,45,Chennai,Tamil Nadu,2.2,,8.56,413.2
ORD100894,15-08-2024,Flipkart,Fashion,Accessories,JBL Accessories M202,JBL,1,2451,2451,20,1960.8,UPI,Delivered,2,CUST4580,Lakshit Sundaram,Female,54,Ludhiana,Punjab,2.4,,5.8,468.73
ORD100455,12-06-2023,Flipkart,Automotive,Accessories,Portronics Accessories X424,Portronics,3,2192,6576,10,5918.4,Debit Card,In Transit,4,CUST8096,Lavanya Varughese,Male,48,Bengaluru,Karnataka,2.6,,16.84,1674.6
ORD104879,18-08-2024,Myntra,Clothing,Ethnic Wear,Biba Ethnic Wear S519,Biba,2,3616,7232,25,5424,UPI,Delivered,5,CUST1162,Anika Sachar,Female,20,New Delhi,Delhi,2.1,,6.35,927.69
ORD103709,05-08-2023,Amazon,Books,Stationery,Campus Sutra Stationery Z782,Campus Sutra,2,776,1552,0,1552,COD,Delivered,5,CUST8114,Onkar Joshi,Female,32,Pune,Maharashtra,4.1,,16.88,206.78
ORD104618,21-09-2024,Myntra,Personal Care,Skincare,Campus Sutra Skincare Z420,Campus Sutra,4,1051,4204,25,3153,Debit Card,Delivered,8,CUST7153,Himmat Sachdeva,Female,56,Surat,Gujarat,1,,4.07,360.24
ORD104268,22-04-2024,Amazon,Groceries,Essentials,Campus Essentials S874,Campus,1,2798,2798,10,2518.2,UPI,Delivered,2,CUST6384,Emir Vasa,Female,56,Mumbai,Maharashtra,3.3,,4.36,173.42
ORD103522,28-08-2024,Flipkart,Beauty & Personal Care,Makeup,Loreal Makeup S220,Loreal,1,1435,1435,5,1363.25,UPI,Delivered,4,CUST3855,Tejas Dutta,Female,31,Chennai,Tamil Nadu,2,,12.39,312.54
ORD104134,17-12-2023,Amazon,Sports & Outdoors,Sportswear,Adidas Sportswear Z170,Adidas,1,7757,7757,0,7757,COD,In Transit,9,CUST8697,Heer Sankaran,Female,23,Lucknow,Uttar Pradesh,4.3,,17.89,934.03
ORD103602,22-10-2024,Flipkart,Electronics,Computers,HP Computers Z961,HP,1,135359,135359,0,135359,COD,In Transit,6,CUST2725,Stuvan Mander,Female,23,New Delhi,Delhi,3.5,,4.14,7221.52
ORD100713,05-07-2025,Flipkart,Electronics,Computers,HP Computers M262,HP,1,67425,67425,0,67425,UPI,Delivered,1,CUST6916,Kavya Hayer,Female,25,Thiruvananthapuram,Kerala,4.3,,16.48,3743.99
ORD104186,26-10-2024,Amazon,Books,Stationery,OnePlus Stationery Z162,OnePlus,1,2057,2057,0,2057,Debit Card,Delivered,3,CUST9591,Jayant Kapadia,Female,27,Chennai,Tamil Nadu,4.3,,6.22,211.06
ORD102214,24-01-2024,Myntra,Home & Living,Kitchenware,Hawkins Kitchenware X683,Hawkins,2,3220,6440,0,6440,UPI,Delivered,3,CUST9880,Faiyaz Dixit,Male,32,Surat,Gujarat,3.3,,9.16,1328.37
ORD102923,01-03-2023,Amazon,Groceries,Fresh Produce,LocalFarm Fresh Produce X718,LocalFarm,2,1216,2432,5,2310.4,Credit Card,Delivered,12,CUST8289,Jayan Amble,Male,44,Bengaluru,Karnataka,4.5,,12.24,146.89
ORD101810,10-10-2025,Flipkart,Grocery,Essentials,Voylla Essentials M782,Voylla,1,641,641,5,608.95,UPI,Delivered,5,CUST5690,Samarth Karan,Male,50,Mysuru,Karnataka,2.9,,4.25,41.07
ORD103486,07-07-2024,Amazon,Beauty & Personal Care,Makeup,Loreal Makeup X670,Loreal,4,1502,6008,25,4506,Wallet,Delivered,3,CUST4918,Priyansh Tripathi,Female,20,Chennai,Tamil Nadu,4.4,,10.42,544.11
ORD103141,29-06-2025,Flipkart,"Books, Sports & Gaming",Books,Penguin Books Z704,Penguin,4,808,3232,10,2908.8,Debit Card,Delivered,2,CUST8008,Ritvik Tak,Female,29,Pune,Maharashtra,2.9,,13.51,679.76
ORD101827,11-08-2023,Max,Women's Fashion,Winter Wear,Puma Winter Wear M883,Puma,1,2283,2283,0,2283,COD,Delivered,3,CUST9215,Ishita Amble,Male,18,Pune,Maharashtra,2.7,,16.2,604.17
ORD101155,19-09-2025,Flipkart,"Books, Sports & Gaming",Gaming,Sony Gaming X259,Sony,1,45528,45528,10,40975.2,UPI,Returned,5,CUST1900,Damini Bora,Male,30,Thiruvananthapuram,Kerala,2.9,,13.07,7576.06
ORD101324,02-05-2024,Amazon,Sports & Outdoors,Outdoor Gear,Realme Outdoor Gear X681,Realme,2,3660,7320,5,6954,Credit Card,Delivered,7,CUST7860,Vaibhav Dewan,Female,16,Jaipur,Rajasthan,4.7,,8.1,1445.46
ORD104312,08-10-2023,Amazon,Fashion,Watches,Fastrack Watches M360,Fastrack,4,1780,7120,5,6764,COD,Delivered,5,CUST7733,Yashvi Kibe,Female,64,Mumbai,Maharashtra,3.4,,7.32,1131.54
ORD100510,01-03-2023,Flipkart,Electronics,Computers,Dell Computers Z693,Dell,1,80054,80054,0,80054,Credit Card,Delivered,6,CUST2875,Shalv Bakshi,Female,32,Surat,Gujarat,3,,12.65,4518.68
ORD101680,09-06-2024,Amazon,Sports & Outdoors,Outdoor Gear,HarperCollins Outdoor Gear M527,HarperCollins,2,1419,2838,0,2838,Debit Card,Cancelled,3,CUST6901,Kashvi Ramakrishnan,Female,65,Pune,Maharashtra,3.7,,13.1,794.63
ORD100499,27-12-2023,Amazon,Home & Kitchen,Furniture,Nilkamal Furniture M499,Nilkamal,1,40262,40262,0,40262,UPI,Delivered,3,CUST4670,Kartik Madan,Female,27,Howrah,West Bengal,3.8,,12.42,6152.13
ORD104536,27-08-2023,Flipkart,Electronics,Computers,HP Computers Z175,HP,1,110839,110839,0,110839,Debit Card,Delivered,11,CUST7484,Kismat Ramakrishnan,Male,27,Bengaluru,Karnataka,3.3,,13.67,12668.12
ORD101856,26-01-2025,Flipkart,Grocery,Fresh,Loreal Fresh X203,Loreal,1,5142,5142,20,4113.6,Wallet,Delivered,1,CUST3959,Sahil Bala,Male,15,Madurai,Tamil Nadu,3.3,,8.12,247.38
ORD101388,08-02-2024,Max,Men's Fashion,T-Shirts,Biba T-Shirts Z813,Biba,2,3119,6238,20,4990.4,Wallet,Delivered,5,CUST4847,Dhruv Shankar,Male,26,Amritsar,Punjab,2,,14.82,682.71
ORD103719,23-10-2023,Amazon,Electronics,Mobiles,Apple Mobiles M891,Apple,1,31080,31080,15,26418,COD,Delivered,12,CUST9085,Tejas Varghese,Male,24,Pune,Maharashtra,4.2,,15.81,3038.96
ORD102386,13-03-2023,Amazon,Baby Products,Diapers,Home Centre Diapers M350,Home Centre,2,2157,4314,10,3882.6,COD,Delivered,6,CUST9390,Stuvan Shetty,Female,18,Ahmedabad,Gujarat,4.5,,14.37,1108.83
ORD103236,08-10-2024,Amazon,Fashion,Shoes,Nike Shoes Z581,Nike,4,1950,7800,10,7020,COD,Delivered,8,CUST5563,Adah Verma,Female,43,Chennai,Tamil Nadu,4,,5.75,2040.21
ORD101540,25-06-2024,Max,Women's Fashion,Tops,Prestige Tops M342,Prestige,3,3213,9639,20,7711.2,UPI,Delivered,8,CUST3463,Vihaan Kaul,Female,26,Mysuru,Karnataka,1.6,,6.86,1993.32
ORD101217,29-04-2025,Amazon,Baby Products,Feeding Supplies,Bata Feeding Supplies M783,Bata,3,2361,7083,5,6728.85,UPI,Delivered,6,CUST3717,Pranay Dubey,Male,57,Vadodara,Gujarat,4.2,,8.01,2007.93
ORD102681,30-01-2023,Flipkart,Beauty & Personal Care,Grooming,HUL Grooming X739,HUL,3,3071,9213,10,8291.7,Debit Card,Delivered,12,CUST7688,Ahana  Chadha,Female,49,Coimbatore,Tamil Nadu,4.2,,11.34,1959.88
ORD102993,06-06-2023,Amazon,Books,Stationery,Baggit Stationery M135,Baggit,2,679,1358,0,1358,UPI,Delivered,12,CUST8713,Rhea Sarraf,Female,15,Kolkata,West Bengal,4.8,,15.4,121.51
ORD101191,29-06-2024,Flipkart,Beauty & Personal Care,Makeup,Lakme Makeup M754,Lakme,1,410,410,10,369,Credit Card,Returned,6,CUST8327,Taimur Sarin,Female,28,Ahmedabad,Gujarat,2.6,,12.94,71.97
ORD101542,15-07-2025,Amazon,Electronics,Computers,Lenovo Computers X830,Lenovo,1,77902,77902,10,70111.8,Credit Card,Delivered,6,CUST5819,Bhavin Sridhar,Male,40,Chennai,Tamil Nadu,3.6,,13.45,6591.63
ORD103301,27-09-2025,Max,Men's Fashion,Winter Wear,Microsoft Winter Wear Z273,Microsoft,4,4242,16968,30,11877.6,Credit Card,Cancelled,1,CUST6596,Jayan Kumar,Male,54,Mumbai,Maharashtra,2.6,,5.36,2423.76
ORD103324,19-07-2025,Flipkart,Automotive,Accessories,JBL Accessories M449,JBL,3,539,1617,0,1617,UPI,Delivered,6,CUST9890,Damini Kothari,Male,18,Bengaluru,Karnataka,2.5,,7.47,265.96
ORD102539,30-09-2023,Amazon,Baby Products,Feeding Supplies,Adidas Feeding Supplies S506,Adidas,4,589,2356,10,2120.4,Credit Card,Delivered,12,CUST9934,Saira Varty,Female,56,Kolkata,West Bengal,4.7,,16.45,343.77
ORD100953,10-09-2025,Amazon,Beauty & Personal Care,Grooming,HUL Grooming X307,HUL,1,2733,2733,15,2323.05,COD,Delivered,5,CUST7287,Dhruv Grewal,Female,30,Lucknow,Uttar Pradesh,4,,17.79,589
ORD104330,22-06-2025,Flipkart,Fashion,Footwear,HomeTown Footwear Z997,HomeTown,1,5525,5525,0,5525,Debit Card,In Transit,2,CUST2070,Seher Khatri,Male,20,Coimbatore,Tamil Nadu,3.4,,16.31,788.55
ORD100732,15-11-2024,Flipkart,"Books, Sports & Gaming",Gaming,Microsoft Gaming S486,Microsoft,1,9660,9660,15,8211,UPI,In Transit,5,CUST1800,Damini Kumar,Male,48,Mumbai,Maharashtra,2.5,,10.54,736.63
ORD101156,16-05-2023,Amazon,Fashion,Bags,Wildcraft Bags Z938,Wildcraft,4,558,2232,20,1785.6,UPI,Delivered,5,CUST3544,Kabir Behl,Female,45,Mumbai,Maharashtra,4.5,,5.72,282.59
ORD103294,04-04-2025,Max,Men's Fashion,Shirts,LG Shirts M261,LG,2,2450,4900,5,4655,UPI,In Transit,5,CUST8237,Jivin Deo,Male,22,New Delhi,Delhi,2.2,,7.92,1041.89
ORD102982,05-10-2024,Amazon,Fashion,Clothing,Only Clothing S862,Only,1,1855,1855,15,1576.75,UPI,Returned,8,CUST5710,Zain Issac,Female,30,Pune,Maharashtra,3.1,Size issue,11.13,189.16
ORD102156,04-08-2025,Amazon,Home & Kitchen,Appliances,Samsung Appliances M215,Samsung,1,31685,31685,15,26932.25,UPI,Delivered,6,CUST4099,Tarini Setty,Female,15,Bengaluru,Karnataka,4.1,,9.81,3080.48
ORD101062,20-03-2024,Myntra,Accessories,Bags,Wildcraft Bags X246,Wildcraft,1,4670,4670,10,4203,Credit Card,Delivered,2,CUST1961,Vritika Ravi,Male,41,Kolkata,West Bengal,2.5,,12.29,1250.21
ORD102616,29-03-2024,Amazon,Groceries,Gourmet Foods,H&M Gourmet Foods M516,H&M,1,5519,5519,15,4691.15,UPI,Delivered,3,CUST5928,Riaan Kant,Female,18,Chennai,Tamil Nadu,3.7,,5.65,263.21
ORD101167,12-07-2023,Amazon,Books,Books,Penguin Books S636,Penguin,1,351,351,5,333.45,COD,Delivered,11,CUST1983,Ranbir Ravel,Male,15,Madurai,Tamil Nadu,3.6,,14.02,62.47
ORD103222,02-07-2025,Flipkart,Electronics,Mobiles,Realme Mobiles S918,Realme,1,22717,22717,0,22717,UPI,Delivered,2,CUST9181,Bhamini Barad,Female,64,Coimbatore,Tamil Nadu,3.2,,13.24,3344.21
ORD103636,12-10-2024,Max,Kids' Fashion,Accessories,Boat Accessories X126,Boat,1,2846,2846,10,2561.4,COD,Returned,5,CUST2081,Shlok Goel,Male,23,New Delhi,Delhi,1.5,Late delivery,7.59,640.9
ORD102938,24-08-2024,Flipkart,Grocery,Essentials,Home Centre Essentials Z888,Home Centre,2,752,1504,20,1203.2,Credit Card,Delivered,8,CUST6955,Shray Vohra,Male,39,Noida,Uttar Pradesh,3,,17.71,70.86
ORD104491,26-09-2023,Myntra,Footwear,Casual,Campus Casual X911,Campus,1,873,873,20,698.4,COD,Delivered,4,CUST9745,Urvi Shroff,Male,23,Kochi,Kerala,2.5,,17.05,176.91
ORD103140,11-08-2024,Flipkart,Home & Furniture,Household Essentials,Zara Household Essentials Z799,Zara,1,3066,3066,15,2606.1,UPI,Returned,5,CUST1376,Dhanuk Sem,Male,19,Mumbai,Maharashtra,2.9,Changed mind,16.38,342.27
ORD100143,05-03-2024,Amazon,Beauty & Personal Care,Healthcare,Patanjali Healthcare X928,Patanjali,4,1021,4084,5,3879.8,Debit Card,Delivered,3,CUST1480,Riaan Manda,Male,57,Noida,Uttar Pradesh,3.9,,4.36,820.06
ORD103577,14-07-2024,Flipkart,Grocery,Fresh,Red Tape Fresh M504,Red Tape,1,2221,2221,0,2221,Wallet,Delivered,5,CUST8373,Nitya Ram,Male,28,Mysuru,Karnataka,3.4,,16.78,105.88
ORD102782,02-04-2024,Amazon,Baby Products,Apparel,LG Apparel S509,LG,2,5429,10858,10,9772.2,COD,In Transit,3,CUST4362,Indrajit Ganguly,Male,22,Noida,Uttar Pradesh,4.9,,17.37,2851.77
ORD100717,13-12-2024,Amazon,Fashion,Jewelry,Voylla Jewelry Z600,Voylla,3,15343,46029,10,41426.1,UPI,Delivered,3,CUST7376,Devansh Kulkarni,Male,18,New Delhi,Delhi,3.1,,16.01,4643.92
ORD101819,04-06-2025,Myntra,Clothing,Ethnic Wear,FabIndia Ethnic Wear X359,FabIndia,1,1133,1133,10,1019.7,UPI,Delivered,1,CUST6272,Reyansh Setty,Female,31,Chennai,Tamil Nadu,1.2,,9.53,153.3
ORD102502,19-10-2023,Flipkart,"Books, Sports & Gaming",Sporting Goods,Bosch Sporting Goods Z156,Bosch,4,4547,18188,5,17278.6,UPI,Delivered,3,CUST3933,Jayant Issac,Female,29,Chennai,Tamil Nadu,3.5,,10.14,4332.31
ORD104360,01-02-2025,Max,Women's Fashion,Bottoms,Nikon Bottoms M216,Nikon,2,1560,3120,10,2808,UPI,Delivered,3,CUST5445,Siya Randhawa,Female,62,Noida,Uttar Pradesh,2.6,,6.77,638.18
ORD104171,12-09-2025,Amazon,Electronics,Televisions,LG Televisions Z679,LG,1,73374,73374,10,66036.6,Debit Card,Delivered,2,CUST6300,Shalv Mangal,Male,63,Mysuru,Karnataka,3.7,,11.75,8617.16
ORD100395,08-01-2025,Amazon,Sports & Outdoors,Fitness,HRX Fitness X880,HRX,2,16050,32100,10,28890,UPI,Delivered,2,CUST8101,Pranay Brahmbhatt,Male,29,Kolkata,West Bengal,4.9,,10.59,4997.78
ORD104836,21-08-2025,Amazon,Baby Products,Apparel,H&M Apparel Z765,H&M,2,4610,9220,5,8759,UPI,Delivered,6,CUST2334,Aayush Saxena,Male,19,Mumbai,Maharashtra,4.4,,17.52,2127.39
ORD104492,27-05-2023,Amazon,Groceries,Gourmet Foods,JBL Gourmet Foods X344,JBL,2,340,680,5,646,COD,Delivered,6,CUST7392,Aarush Yadav,Male,33,Lucknow,Uttar Pradesh,3.4,,6.66,30.69
ORD101365,01-12-2023,Flipkart,"Books, Sports & Gaming",Books,Penguin Books M781,Penguin,3,2229,6687,10,6018.3,UPI,Delivered,6,CUST9388,Sara Dass,Female,23,Pune,Maharashtra,2.9,,4.02,1371.99
ORD104558,08-09-2023,Amazon,Baby Products,Feeding Supplies,Portronics Feeding Supplies Z250,Portronics,1,794,794,0,794,Credit Card,Delivered,8,CUST3614,Devansh Chopra,Female,32,Thiruvananthapuram,Kerala,3.6,,5.04,225.36
ORD100595,19-06-2023,Flipkart,Automotive,Accessories,JBL Accessories M100,JBL,4,4319,17276,0,17276,Wallet,Delivered,11,CUST8667,Vihaan Dugar,Female,33,New Delhi,Delhi,3,,17.61,4778.95
ORD103952,30-12-2024,Amazon,Electronics,Computers,HP Computers S201,HP,1,110949,110949,5,105401.55,Wallet,Delivered,3,CUST5601,Madhav Lata,Male,33,Nagpur,Maharashtra,3.3,,11.98,13321.77
ORD102914,02-03-2025,Amazon,Groceries,Essentials,Boat Essentials X370,Boat,1,3514,3514,10,3162.6,UPI,Delivered,5,CUST3795,Aniruddh Swaminathan,Male,34,Jaipur,Rajasthan,4.8,,7.62,136.37
ORD102326,02-03-2023,Amazon,Home & Kitchen,Home Decor,FabIndia Home Decor M978,FabIndia,4,3529,14116,0,14116,COD,Delivered,11,CUST8778,Reyansh Gola,Male,25,Ludhiana,Punjab,3.5,,7.35,3547.63
ORD103766,22-08-2024,Myntra,Personal Care,Haircare,Wildcraft Haircare S854,Wildcraft,4,543,2172,15,1846.2,Credit Card,Delivered,4,CUST5009,Ira Joshi,Male,39,New Delhi,Delhi,1.4,,12.68,538.77
ORD103440,03-06-2024,Myntra,Accessories,Watches,Fastrack Watches M913,Fastrack,4,7236,28944,5,27496.8,UPI,Delivered,6,CUST5865,Bhavin Chanda,Male,35,Mumbai,Maharashtra,2.5,,10.4,8058.06
ORD103851,24-04-2024,Amazon,Home & Kitchen,Appliances,LG Appliances S159,LG,1,47427,47427,0,47427,UPI,Delivered,7,CUST9819,Nirvaan Bora,Female,19,Mumbai,Maharashtra,4.7,,13.22,3999.93
ORD104132,30-04-2023,Amazon,Electronics,Cameras,Sony Cameras M240,Sony,1,23387,23387,0,23387,UPI,Delivered,11,CUST6196,Lakshay Soni,Male,31,Mumbai,Maharashtra,3.2,,14.59,4152.94
ORD104591,26-03-2023,Amazon,Fashion,Clothing,Only Clothing X197,Only,4,5202,20808,15,17686.8,COD,Delivered,8,CUST2388,Zeeshan Thakkar,Male,17,Pune,Maharashtra,4.1,,17.27,4669.06
ORD102143,25-11-2024,Flipkart,Beauty & Personal Care,Makeup,Lakme Makeup X748,Lakme,4,509,2036,0,2036,UPI,In Transit,7,CUST9781,Yakshit Suresh,Female,49,New Delhi,Delhi,2.4,,14.42,458.11
ORD101571,30-12-2023,Flipkart,"Books, Sports & Gaming",Sporting Goods,Sony Sporting Goods Z702,Sony,2,399,798,10,718.2,Wallet,Delivered,12,CUST9981,Shalv Swamy,Male,64,Bengaluru,Karnataka,2.3,,5.18,117.25
ORD104079,01-04-2024,Amazon,Electronics,Mobiles,Realme Mobiles S874,Realme,1,48302,48302,0,48302,Credit Card,Delivered,6,CUST1393,Adira Chhabra,Female,44,Coimbatore,Tamil Nadu,3.9,,9.55,2810.8
ORD101122,18-04-2023,Amazon,Books,Books,HarperCollins Books S257,HarperCollins,2,745,1490,5,1415.5,Wallet,Delivered,9,CUST7680,Kanav Sankaran,Male,26,Pune,Maharashtra,4,,8.73,208.56
ORD102786,25-05-2023,Myntra,Footwear,Sports,Samsung Sports S336,Samsung,3,4392,13176,20,10540.8,UPI,Delivered,6,CUST3698,Samarth Ghosh,Female,59,Ahmedabad,Gujarat,1.5,,16.37,2497.55
ORD102967,22-08-2025,Flipkart,Fashion,Apparel,Roadster Apparel S185,Roadster,1,4470,4470,10,4023,UPI,Delivered,6,CUST3493,Mohanlal Jhaveri,Female,23,New Delhi,Delhi,1.3,,11.29,604.94
ORD102504,26-09-2023,Myntra,Accessories,Bags,Baggit Bags Z422,Baggit,1,3087,3087,0,3087,COD,Delivered,6,CUST8934,Aarna Basak,Female,25,Ahmedabad,Gujarat,1.9,,12.62,682.72
ORD103465,04-08-2025,Flipkart,Home & Furniture,Decor,Adidas Decor X131,Adidas,3,4427,13281,0,13281,UPI,Delivered,3,CUST5235,Hiran Chand,Female,30,Pune,Maharashtra,3.3,,14.3,2334.66
ORD100675,04-12-2024,Myntra,Home & Living,Kitchenware,Hawkins Kitchenware Z834,Hawkins,2,1382,2764,20,2211.2,UPI,Delivered,7,CUST9142,Ivana Dar,Female,29,New Delhi,Delhi,3,,15.63,265.96
ORD102808,14-04-2024,Amazon,Books,Stationery,HUL Stationery M495,HUL,4,1630,6520,0,6520,COD,Delivered,7,CUST2287,Hunar Bhalla,Male,42,Noida,Uttar Pradesh,4.3,,7.58,800.74
ORD103348,08-01-2024,Amazon,Fashion,Watches,Titan Watches S652,Titan,1,6532,6532,20,5225.6,UPI,Delivered,5,CUST8148,Keya Hegde,Female,41,Mumbai,Maharashtra,2.9,,12.95,633.95
ORD100728,02-07-2024,Flipkart,Electronics,Home Electronics,Portronics Home Electronics S151,Portronics,1,1379,1379,10,1241.1,Wallet,Delivered,7,CUST9831,Kiaan Wason,Male,45,Noida,Uttar Pradesh,2.3,,5.89,145.62
ORD100412,17-06-2023,Flipkart,"Books, Sports & Gaming",Sporting Goods,Canon Sporting Goods M585,Canon,2,1524,3048,10,2743.2,Credit Card,Returned,12,CUST3756,Rati Dutta,Female,19,Noida,Uttar Pradesh,4,Late delivery,17.31,477.22
ORD103146,06-08-2025,Max,Women's Fashion,Tops,Loreal Tops Z331,Loreal,3,5254,15762,0,15762,UPI,In Transit,5,CUST4761,Neelofar Malhotra,Female,21,Chennai,Tamil Nadu,2.5,,13.6,3750.53
ORD101516,18-06-2025,Max,Women's Fashion,Dresses,Voylla Dresses Z358,Voylla,4,1951,7804,5,7413.8,UPI,Delivered,6,CUST1310,Manikya Suri,Female,44,New Delhi,Delhi,2.4,,5.24,1828.03
ORD100825,15-09-2024,Max,Men's Fashion,Bottoms,Patanjali Bottoms Z585,Patanjali,3,3233,9699,5,9214.05,Credit Card,Cancelled,8,CUST2701,Shalv Sengupta,Female,33,Chennai,Tamil Nadu,2.7,,16.89,2156.1
ORD103267,31-08-2024,Amazon,Fashion,Shoes,Nike Shoes X139,Nike,3,4864,14592,25,10944,UPI,In Transit,6,CUST4629,Nitara Agrawal,Female,37,Mumbai,Maharashtra,4.6,,11.27,2053.8
ORD103974,22-11-2023,Amazon,Beauty & Personal Care,Healthcare,Patanjali Healthcare M525,Patanjali,4,139,556,25,417,COD,Delivered,10,CUST6325,Lavanya Grover,Male,22,Howrah,West Bengal,4,,15.24,96.77
ORD100616,17-04-2023,Amazon,Baby Products,Feeding Supplies,Himalaya Feeding Supplies S460,Himalaya,1,3196,3196,0,3196,Wallet,Delivered,12,CUST1773,Shray Dewan,Female,24,Amritsar,Punjab,3.4,,14.35,631.35
ORD100114,12-08-2025,Flipkart,Grocery,Essentials,HUL Essentials X559,HUL,2,2124,4248,0,4248,UPI,Delivered,4,CUST3525,Shlok Kalita,Male,60,Surat,Gujarat,3,,8.24,181.11
ORD100417,13-08-2024,Flipkart,Home & Furniture,Household Essentials,HarperCollins Household Essentials X663,HarperCollins,2,3533,7066,10,6359.4,COD,Returned,3,CUST6882,Vritika Chana,Female,39,Mysuru,Karnataka,1.8,Defective,12.43,811.01
ORD103069,12-09-2024,Myntra,Home & Living,Kitchenware,Prestige Kitchenware Z291,Prestige,1,4721,4721,30,3304.7,UPI,Delivered,6,CUST1848,Faiyaz Krish,Male,34,Ahmedabad,Gujarat,2.2,,8.18,857.39
ORD101625,29-01-2023,Max,Plus Size,Plus Bottoms,Nilkamal Plus Bottoms Z604,Nilkamal,1,2748,2748,15,2335.8,UPI,Delivered,7,CUST3154,Mohanlal Solanki,Male,62,New Delhi,Delhi,3.1,,15.04,609.5
ORD104950,09-09-2024,Myntra,Personal Care,Makeup,Loreal Makeup M411,Loreal,4,2700,10800,0,10800,UPI,Delivered,2,CUST7836,Navya Basak,Female,39,Vadodara,Gujarat,1.2,,17.6,1113.5
ORD104185,10-10-2023,Myntra,Footwear,Sports,Red Tape Sports Z185,Red Tape,1,2170,2170,30,1519,COD,Returned,8,CUST6383,Sara Vyas,Female,24,Chennai,Tamil Nadu,1.1,Size issue,17.84,284.46
ORD102896,20-12-2024,Flipkart,"Books, Sports & Gaming",Sporting Goods,JBL Sporting Goods X413,JBL,2,1546,3092,0,3092,COD,Delivered,4,CUST5700,Aarush Dora,Female,52,Surat,Gujarat,3.3,,13.51,738.13
ORD104671,11-10-2023,Amazon,Groceries,Gourmet Foods,W Gourmet Foods Z703,W,3,5024,15072,5,14318.4,UPI,Delivered,10,CUST5029,Bhamini Sarna,Female,26,New Delhi,Delhi,4.1,,5.89,1059.5
ORD102082,22-09-2024,Amazon,Home & Kitchen,Furniture,Nilkamal Furniture X114,Nilkamal,3,27969,83907,20,67125.6,COD,Delivered,3,CUST1869,Nirvaan Sami,Male,35,Vadodara,Gujarat,5,,16.8,16760.76
ORD100753,19-11-2024,Myntra,Footwear,Casual,Sparx Casual X952,Sparx,1,1232,1232,5,1170.4,UPI,Delivered,8,CUST5454,Hrishita Kata,Female,45,Ahmedabad,Gujarat,2.4,,14.82,312.44
ORD102546,12-07-2023,Myntra,Clothing,Western Wear,Roadster Western Wear M724,Roadster,3,4482,13446,15,11429.1,UPI,Delivered,11,CUST2831,Azad Chhabra,Female,24,Surat,Gujarat,2.5,,14.4,2141.33
ORD103969,03-11-2024,Amazon,Beauty & Personal Care,Healthcare,Himalaya Healthcare M515,Himalaya,3,1327,3981,0,3981,COD,Delivered,3,CUST9765,Raghav Shukla,Male,49,Nagpur,Maharashtra,4.3,,9.1,518.07
ORD103373,23-07-2023,Amazon,Baby Products,Diapers,Dell Diapers Z808,Dell,4,4243,16972,0,16972,COD,Delivered,4,CUST4640,Pari Cheema,Female,28,Kochi,Kerala,3.7,,8.71,3812.85
ORD104107,17-09-2023,Myntra,Home & Living,Furnishings,Portico Furnishings Z275,Portico,2,13358,26716,30,18701.2,Debit Card,Delivered,12,CUST5465,Romil Seth,Female,19,Kolkata,West Bengal,2.7,,16.45,2136.47
ORD102444,20-07-2023,Max,Plus Size,Plus Tops,Adidas Plus Tops X462,Adidas,4,3646,14584,0,14584,COD,Delivered,6,CUST8454,Samar Iyer,Female,23,Bengaluru,Karnataka,3.5,,15.94,2592.67
ORD104380,08-05-2025,Flipkart,Home & Furniture,Decor,HP Decor X745,HP,4,2561,10244,5,9731.8,UPI,Delivered,1,CUST6069,Jivin Bora,Female,27,Noida,Uttar Pradesh,4.4,,6.95,1304.57
ORD101066,29-08-2023,Max,Plus Size,Plus Tops,Sony Plus Tops M303,Sony,4,398,1592,0,1592,COD,Delivered,9,CUST9257,Drishya Subramaniam,Female,55,New Delhi,Delhi,2.9,,15.2,149.39
ORD103913,21-08-2025,Flipkart,Grocery,Essentials,Red Tape Essentials M763,Red Tape,1,3060,3060,5,2907,UPI,Delivered,3,CUST6530,Farhan Varughese,Female,36,Pune,Maharashtra,3.3,,9.27,107.67
ORD103498,30-03-2025,Amazon,Fashion,Jewelry,Voylla Jewelry X135,Voylla,1,31068,31068,15,26407.8,UPI,Delivered,6,CUST9258,Badal Deshpande,Female,15,Surat,Gujarat,4.4,,9.88,7651.76
ORD102738,21-02-2023,Flipkart,Automotive,Accessories,Boat Accessories M318,Boat,3,298,894,5,849.3,Wallet,Delivered,5,CUST5717,Indrans Bumb,Male,18,Bengaluru,Karnataka,3.8,,7.01,162.48
ORD104000,07-10-2025,Max,Kids' Fashion,Kids Apparel,Nilkamal Kids Apparel X542,Nilkamal,2,4623,9246,20,7396.8,UPI,Delivered,1,CUST4226,Anvi Sastry,Male,23,Ahmedabad,Gujarat,2.6,,10.94,692.51
ORD101568,26-01-2023,Amazon,Electronics,Televisions,Sony Televisions X423,Sony,1,21803,21803,10,19622.7,UPI,Returned,8,CUST7826,Stuvan Lad,Male,45,Bengaluru,Karnataka,4,Changed mind,14.13,1553.24
ORD102427,02-06-2023,Amazon,Fashion,Watches,Fastrack Watches X536,Fastrack,3,1874,5622,30,3935.4,UPI,Delivered,5,CUST6099,Miraan Deshmukh,Male,25,Madurai,Tamil Nadu,4.6,,11.19,688.84
ORD103746,30-09-2023,Amazon,Home & Kitchen,Home Decor,FabIndia Home Decor M365,FabIndia,1,6686,6686,5,6351.7,Debit Card,Delivered,4,CUST5079,Dhruv Chand,Female,21,Chennai,Tamil Nadu,3.8,,15.25,1106.98
ORD104639,11-09-2025,Myntra,Personal Care,Fragrances,Bata Fragrances X390,Bata,3,1267,3801,10,3420.9,Credit Card,Delivered,6,CUST1352,Rhea Sahota,Male,24,Ahmedabad,Gujarat,1.7,,14.1,957.57
ORD101687,25-01-2024,Myntra,Clothing,Ethnic Wear,Biba Ethnic Wear S190,Biba,2,1656,3312,20,2649.6,UPI,Delivered,4,CUST3624,Vaibhav Kade,Female,42,New Delhi,Delhi,2.1,,6.62,474.78
ORD100851,28-09-2024,Amazon,Groceries,Fresh Produce,BigBasket Fresh Produce X326,BigBasket,1,54,54,5,51.3,Wallet,Delivered,6,CUST5656,Ranbir Arora,Male,40,Mumbai,Maharashtra,3.2,,12.56,4.03
ORD103546,14-09-2024,Flipkart,Automotive,Spare Parts,Samsung Spare Parts S549,Samsung,3,12684,38052,5,36149.4,UPI,Delivered,4,CUST3952,Shaan Sankar,Male,36,Coimbatore,Tamil Nadu,3.2,,9.05,8860.28
ORD100895,13-09-2023,Amazon,Electronics,Accessories,Portronics Accessories S979,Portronics,1,4979,4979,10,4481.1,UPI,Delivered,8,CUST7763,Lakshay Jayaraman,Male,20,New Delhi,Delhi,3.8,,6.7,591.23
ORD104592,06-09-2024,Amazon,Groceries,Snacks,Zara Snacks Z334,Zara,1,1318,1318,5,1252.1,UPI,In Transit,5,CUST4621,Dhanuk Kanda,Male,34,Pune,Maharashtra,3.7,,7.32,58.74
ORD100335,23-03-2024,Amazon,Baby Products,Diapers,Bosch Diapers M463,Bosch,2,2482,4964,0,4964,COD,In Transit,2,CUST8612,Reyansh Bajwa,Male,55,Surat,Gujarat,4.1,,11.15,848.17
ORD102839,16-04-2024,Myntra,Clothing,Western Wear,Roadster Western Wear X609,Roadster,3,3077,9231,30,6461.7,UPI,Delivered,8,CUST4010,Dhanuk Thakur,Male,25,Bengaluru,Karnataka,2.2,,15.88,1460.28
ORD103087,09-07-2023,Flipkart,Grocery,Essentials,FabIndia Essentials X269,FabIndia,3,3009,9027,20,7221.6,COD,Delivered,8,CUST5442,Yasmin Babu,Female,20,Ludhiana,Punjab,3.9,,17.56,555.91
ORD101348,31-07-2024,Myntra,Accessories,Bags,Wildcraft Bags Z918,Wildcraft,1,2360,2360,10,2124,UPI,Delivered,8,CUST5512,Zara Tandon,Female,51,Chennai,Tamil Nadu,2.3,,10.83,428.48
ORD101015,07-08-2025,Max,Kids' Fashion,Accessories,Portronics Accessories X269,Portronics,2,3729,7458,25,5593.5,UPI,Delivered,2,CUST8045,Hiran Bava,Female,28,New Delhi,Delhi,2.1,,12.24,1661.04
ORD102816,23-01-2024,Myntra,Clothing,Kids Wear,Baggit Kids Wear X377,Baggit,2,4912,9824,15,8350.4,Debit Card,Returned,2,CUST2350,Prerak Halder,Female,18,Ahmedabad,Gujarat,1,Late delivery,15.73,1772.08
ORD101631,15-09-2025,Amazon,Home & Kitchen,Kitchenware,Prestige Kitchenware X225,Prestige,3,6636,19908,10,17917.2,UPI,Returned,6,CUST3676,Alisha Halder,Female,28,Ahmedabad,Gujarat,4.3,Changed mind,13.29,1824.79
ORD102489,28-07-2025,Flipkart,Grocery,Essentials,JBL Essentials Z700,JBL,1,4548,4548,10,4093.2,Debit Card,Delivered,5,CUST9860,Riya Ganguly,Female,27,Bengaluru,Karnataka,3.4,,9.88,177.38
ORD103730,18-09-2023,Amazon,Groceries,Snacks,Samsung Snacks M357,Samsung,2,3028,6056,0,6056,Credit Card,Delivered,11,CUST9925,Taran Dass,Female,45,Pune,Maharashtra,4.9,,6.76,316.08
ORD103251,23-08-2025,Flipkart,"Books, Sports & Gaming",Books,HarperCollins Books X292,HarperCollins,2,1768,3536,5,3359.2,UPI,Delivered,5,CUST3512,Ivan Bhattacharyya,Female,17,Mangalore,Karnataka,3.5,,5.33,843.84
ORD104634,17-07-2023,Amazon,Home & Kitchen,Home Decor,Home Centre Home Decor X668,Home Centre,4,6038,24152,20,19321.6,COD,Delivered,10,CUST1107,Taran Gill,Male,59,Chennai,Tamil Nadu,4.4,,15.89,5151.43
ORD102070,19-08-2025,Amazon,Sports & Outdoors,Outdoor Gear,HUL Outdoor Gear Z720,HUL,4,3922,15688,25,11766,UPI,Delivered,1,CUST8461,Pihu Bansal,Male,57,Chennai,Tamil Nadu,4.4,,5.39,1973.93
ORD104452,21-11-2024,Amazon,Electronics,Cameras,Canon Cameras M219,Canon,1,19701,19701,0,19701,UPI,Cancelled,7,CUST6438,Hunar Agate,Male,15,Mumbai,Maharashtra,4.8,,4.08,2704.24
ORD104882,28-06-2025,Amazon,Groceries,Fresh Produce,BigBasket Fresh Produce M981,BigBasket,1,942,942,0,942,UPI,Delivered,2,CUST8111,Lakshit Bhatnagar,Male,30,Mumbai,Maharashtra,5,,9.05,70.34
ORD101635,13-07-2025,Amazon,Beauty & Personal Care,Makeup,Maybelline Makeup X233,Maybelline,2,440,880,5,836,COD,Delivered,1,CUST4816,Charvi Ben,Female,15,Chennai,Tamil Nadu,4,,10.67,105.43
ORD102479,08-10-2023,Myntra,Accessories,Jewelry,Voylla Jewelry S383,Voylla,3,6294,18882,10,16993.8,COD,Delivered,3,CUST8398,Nakul Arya,Female,40,Kozhikode,Kerala,2.7,,14.65,4835.64
ORD102265,05-07-2023,Amazon,Home & Kitchen,Appliances,Samsung Appliances M203,Samsung,1,36966,36966,10,33269.4,Credit Card,Delivered,12,CUST8270,Suhana Saxena,Male,49,Bengaluru,Karnataka,3.5,,4.4,4363.83
ORD102959,01-09-2025,Myntra,Personal Care,Skincare,Ikea Skincare X807,Ikea,1,1138,1138,10,1024.2,UPI,Delivered,3,CUST7251,Keya Rastogi,Female,40,Mysuru,Karnataka,2.9,,17.09,201.28
ORD104731,02-07-2024,Max,Women's Fashion,Dresses,Campus Sutra Dresses M752,Campus Sutra,3,826,2478,40,1486.8,Credit Card,Delivered,3,CUST2614,Tejas Sama,Male,28,Amritsar,Punjab,1.1,,11.4,193.81
ORD103059,31-03-2023,Amazon,Beauty & Personal Care,Healthcare,Himalaya Healthcare X722,Himalaya,1,246,246,0,246,Credit Card,Delivered,3,CUST1564,Samar Barman,Female,19,Ahmedabad,Gujarat,4.1,,14.16,57.77
ORD102141,21-04-2025,Flipkart,Fashion,Footwear,FabIndia Footwear M312,FabIndia,4,1731,6924,30,4846.8,COD,In Transit,4,CUST8939,Zeeshan Raman,Male,18,Kochi,Kerala,1.1,,4.04,1060.92
ORD103118,10-04-2025,Flipkart,Grocery,Essentials,HP Essentials M529,HP,4,3928,15712,5,14926.4,UPI,Delivered,6,CUST5324,Indrans Deshmukh,Male,21,Nagpur,Maharashtra,3.2,,7.28,544.12
ORD104725,20-06-2023,Max,Women's Fashion,Dresses,Portronics Dresses X361,Portronics,3,4722,14166,0,14166,UPI,In Transit,12,CUST3841,Kartik Dhawan,Female,44,Kolkata,West Bengal,2.2,,17.29,1981.02
ORD104045,17-08-2024,Flipkart,Automotive,Spare Parts,Lakme Spare Parts S642,Lakme,1,8130,8130,0,8130,Credit Card,Delivered,7,CUST3772,Dishani Sharaf,Male,42,Kozhikode,Kerala,3.5,,7,2385.41
ORD103356,30-07-2025,Flipkart,Fashion,Footwear,MotherCare Footwear S751,MotherCare,1,1669,1669,20,1335.2,UPI,Delivered,2,CUST3139,Kartik Bobal,Male,22,Kanpur,Uttar Pradesh,2.6,,16.95,224.74
ORD102744,13-07-2023,Myntra,Footwear,Formal,Red Tape Formal Z357,Red Tape,3,3944,11832,25,8874,UPI,Delivered,4,CUST8445,Piya Kapadia,Male,25,Surat,Gujarat,2.2,,16.3,1400.05
ORD103506,31-08-2023,Amazon,Sports & Outdoors,Outdoor Gear,Canon Outdoor Gear Z638,Canon,4,2223,8892,10,8002.8,UPI,Delivered,12,CUST5159,Kiaan Batra,Female,19,Noida,Uttar Pradesh,3.9,,10.95,1412.26
ORD101679,15-01-2025,Myntra,Personal Care,Haircare,Dell Haircare Z990,Dell,3,3298,9894,30,6925.8,Wallet,Delivered,3,CUST7329,Manjari Rattan,Male,34,Pune,Maharashtra,3.6,,5.4,2011.33
ORD104249,19-05-2025,Amazon,Electronics,Cameras,Sony Cameras Z567,Sony,1,45878,45878,15,38996.3,UPI,Delivered,6,CUST8041,Romil Bath,Male,35,Noida,Uttar Pradesh,4.9,,12.62,4319.38
ORD103147,18-06-2024,Myntra,Accessories,Wallets,Tanishq Wallets Z301,Tanishq,4,2824,11296,5,10731.2,UPI,Delivered,8,CUST4120,Vanya Mahal,Female,44,Noida,Uttar Pradesh,2.1,,14.11,970.09
ORD102294,29-09-2024,Max,Plus Size,Plus Bottoms,MotherCare Plus Bottoms S457,MotherCare,3,4912,14736,0,14736,Debit Card,Delivered,2,CUST8005,Kashvi Garg,Female,20,Lucknow,Uttar Pradesh,2.5,,16.86,3645.99
ORD100580,23-01-2023,Amazon,Fashion,Jewelry,Tanishq Jewelry X951,Tanishq,2,8939,17878,15,15196.3,UPI,Delivered,7,CUST7730,Azad Deshpande,Female,29,Kozhikode,Kerala,4,,4.32,1614.18
ORD101470,04-08-2025,Myntra,Home & Living,Furnishings,Home Centre Furnishings S445,Home Centre,2,4195,8390,10,7551,UPI,Delivered,2,CUST4589,Drishya Chadha,Male,28,Chennai,Tamil Nadu,2.4,,7.23,836.34
ORD104070,09-02-2023,Flipkart,"Books, Sports & Gaming",Books,HarperCollins Books Z656,HarperCollins,1,1912,1912,5,1816.4,UPI,Delivered,3,CUST5324,Umang Khare,Male,30,Mysuru,Karnataka,3.6,,13.66,169.95
ORD103343,29-03-2023,Flipkart,Fashion,Footwear,Zara Footwear M768,Zara,2,2337,4674,10,4206.6,COD,Delivered,5,CUST1854,Yuvaan Dua,Female,54,Mumbai,Maharashtra,3.2,,10.5,1154.78
ORD104583,20-08-2025,Max,Women's Fashion,Winter Wear,Fastrack Winter Wear M455,Fastrack,3,3646,10938,5,10391.1,UPI,Delivered,1,CUST8381,Dhanuk Basak,Female,24,Pune,Maharashtra,1.9,,7.45,1842.08
ORD103672,09-11-2024,Amazon,Electronics,Mobiles,Xiaomi Mobiles Z915,Xiaomi,1,7779,7779,5,7390.05,UPI,Delivered,2,CUST3739,Arnav Sangha,Male,53,Jaipur,Rajasthan,4.7,,5.88,813.85
ORD100559,01-09-2024,Amazon,Sports & Outdoors,Sportswear,Nike Sportswear Z674,Nike,3,3562,10686,5,10151.7,UPI,Delivered,7,CUST7601,Neelofar Khatri,Female,25,Mumbai,Maharashtra,4.6,,6.38,1683.29
ORD102849,04-01-2025,Myntra,Footwear,Formal,Red Tape Formal M646,Red Tape,4,7070,28280,15,24038,UPI,Delivered,5,CUST6955,Neysa Deshpande,Female,21,Noida,Uttar Pradesh,1.3,,9.04,5858
ORD100512,07-08-2024,Amazon,Sports & Outdoors,Fitness,Decathlon Fitness X723,Decathlon,1,14997,14997,10,13497.3,UPI,Delivered,5,CUST5765,Armaan Sethi,Male,50,Noida,Uttar Pradesh,4.7,,4.44,2173.42
ORD101081,18-06-2024,Amazon,Fashion,Shoes,Bata Shoes M680,Bata,4,3213,12852,20,10281.6,UPI,Delivered,4,CUST6317,Shray Deo,Female,26,Chennai,Tamil Nadu,4.3,,9.48,2525.86
ORD101664,25-01-2023,Max,Women's Fashion,Winter Wear,Asus Winter Wear Z230,Asus,2,3485,6970,20,5576,COD,Delivered,10,CUST5214,Lavanya Deol,Female,33,Chennai,Tamil Nadu,1.4,,10.85,881.07
ORD101012,25-05-2025,Max,Plus Size,Plus Bottoms,Home Centre Plus Bottoms M422,Home Centre,4,1483,5932,0,5932,Debit Card,Delivered,4,CUST3594,Trisha Madan,Male,39,Surat,Gujarat,3.3,,7.2,480.45
ORD101931,24-09-2024,Flipkart,Home & Furniture,Household Essentials,Adidas Household Essentials M981,Adidas,2,3547,7094,0,7094,Wallet,Delivered,5,CUST9359,Piya Chana,Female,42,Noida,Uttar Pradesh,3.4,,12.25,943.01
ORD101150,17-02-2023,Amazon,Home & Kitchen,Kitchenware,Prestige Kitchenware S515,Prestige,4,1743,6972,5,6623.4,Wallet,Delivered,3,CUST2953,Dhanuk Ahuja,Female,17,New Delhi,Delhi,4,,11.58,1650.56
ORD102838,21-04-2023,Max,Men's Fashion,Winter Wear,Boat Winter Wear M701,Boat,3,4270,12810,0,12810,Wallet,In Transit,7,CUST1586,Taimur Apte,Male,59,Bengaluru,Karnataka,3.1,,16.72,1704.87
ORD100116,16-03-2024,Amazon,Fashion,Jewelry,Voylla Jewelry M419,Voylla,2,18108,36216,10,32594.4,Credit Card,Delivered,4,CUST2406,Indrans Thaman,Male,39,Pune,Maharashtra,4.7,,8.14,9208.58
ORD100740,16-08-2023,Myntra,Clothing,Ethnic Wear,Biba Ethnic Wear Z975,Biba,4,5188,20752,25,15564,UPI,Delivered,12,CUST6292,Ritvik Sengupta,Male,39,Ludhiana,Punjab,2.8,,10.9,1706.37
ORD104806,09-07-2025,Amazon,Home & Kitchen,Kitchenware,Hawkins Kitchenware S819,Hawkins,2,5951,11902,15,10116.7,Credit Card,Delivered,3,CUST7022,Divyansh Halder,Male,32,Surat,Gujarat,2.8,,14,2432.51
ORD103675,07-10-2025,Amazon,Baby Products,Feeding Supplies,Maybelline Feeding Supplies M195,Maybelline,4,3571,14284,0,14284,Debit Card,Delivered,5,CUST3410,Advik Yogi,Male,31,Mumbai,Maharashtra,4.2,,11.05,3114.51
ORD100830,05-05-2023,Amazon,Fashion,Clothing,Levis Clothing X660,Levis,1,685,685,15,582.25,UPI,In Transit,3,CUST8878,Mamooty Wali,Male,15,Surat,Gujarat,3.2,,13.4,118.07
ORD100119,21-07-2023,Flipkart,Home & Furniture,Household Essentials,LG Household Essentials S420,LG,3,3105,9315,10,8383.5,UPI,Delivered,12,CUST5873,Keya Sarkar,Female,41,Noida,Uttar Pradesh,2.8,,6.42,1913.03
ORD104853,09-08-2025,Myntra,Home & Living,Furnishings,Portico Furnishings S898,Portico,1,3754,3754,10,3378.6,UPI,Cancelled,6,CUST2500,Lavanya Choudhary,Male,42,New Delhi,Delhi,2.8,,7.2,733.81
ORD104738,05-02-2025,Amazon,Home & Kitchen,Appliances,Samsung Appliances X241,Samsung,1,17470,17470,0,17470,COD,Delivered,1,CUST1795,Amira Bahri,Male,31,Mangalore,Karnataka,3.2,,4.69,4347.65
ORD100635,12-05-2023,Myntra,Clothing,Ethnic Wear,FabIndia Ethnic Wear X727,FabIndia,2,6397,12794,30,8955.8,COD,Returned,8,CUST8549,Tiya Seshadri,Male,19,Ahmedabad,Gujarat,3.3,Other,4.99,1864.65
ORD104465,10-07-2023,Amazon,Sports & Outdoors,Outdoor Gear,Canon Outdoor Gear S243,Canon,4,3194,12776,0,12776,UPI,In Transit,5,CUST7991,Yuvraj  Sule,Male,25,Howrah,West Bengal,4.2,,8.81,2396.24
ORD104364,07-12-2023,Amazon,Groceries,Fresh Produce,LocalFarm Fresh Produce X462,LocalFarm,4,379,1516,5,1440.2,UPI,In Transit,11,CUST5947,Parinaaz Dua,Female,40,Bengaluru,Karnataka,4,,15.7,112.37
ORD104142,17-03-2023,Flipkart,Grocery,Fresh,Sparx Fresh M444,Sparx,2,4246,8492,0,8492,COD,Returned,12,CUST1701,Divij Kannan,Male,25,Ahmedabad,Gujarat,3.4,Late delivery,12.23,489.59
ORD100991,31-05-2023,Amazon,Fashion,Bags,Wildcraft Bags X879,Wildcraft,3,3528,10584,25,7938,COD,Delivered,8,CUST2531,Shaan Bail,Female,27,Mumbai,Maharashtra,4.3,,7.26,1595.45
ORD100876,16-05-2023,Flipkart,"Books, Sports & Gaming",Sporting Goods,Nike Sporting Goods X137,Nike,4,363,1452,0,1452,COD,Delivered,8,CUST7020,Kanav Dora,Female,21,New Delhi,Delhi,3.6,,17.05,136.25
ORD100004,13-02-2024,Amazon,Home & Kitchen,Kitchenware,Prestige Kitchenware M887,Prestige,1,1476,1476,0,1476,UPI,Delivered,6,CUST1188,Adira Ramaswamy,Male,44,Surat,Gujarat,4.9,,17.6,397.59
ORD103051,07-01-2023,Amazon,Beauty & Personal Care,Makeup,Lakme Makeup X348,Lakme,4,2191,8764,25,6573,COD,Delivered,8,CUST5476,Kismat Chakrabarti,Female,24,Ahmedabad,Gujarat,4.1,,14.98,1008.02
ORD103124,18-07-2023,Max,Kids' Fashion,Accessories,Portronics Accessories Z947,Portronics,2,381,762,10,685.8,COD,Delivered,5,CUST8697,Mannat Bhatti,Male,52,Bengaluru,Karnataka,2.4,,10.97,122.11
ORD102660,15-02-2024,Max,Accessories,Seasonal,LocalFarm Seasonal M677,LocalFarm,3,803,2409,40,1445.4,UPI,Returned,6,CUST7702,Divit Sangha,Male,44,Mumbai,Maharashtra,2,Late delivery,14.07,360.54
ORD102491,06-10-2023,Myntra,Home & Living,Decor,FabIndia Decor M446,FabIndia,1,3543,3543,10,3188.7,Credit Card,Delivered,10,CUST9736,Ahana  Dar,Male,35,Kolkata,West Bengal,1.8,,4.5,281.87
ORD103854,03-02-2025,Amazon,Home & Kitchen,Kitchenware,Hawkins Kitchenware M740,Hawkins,1,2793,2793,5,2653.35,UPI,Returned,4,CUST7140,Indrajit Halder,Male,18,Pune,Maharashtra,3.2,Defective,11.53,263.93
ORD101715,01-10-2024,Amazon,Groceries,Fresh Produce,BigBasket Fresh Produce Z427,BigBasket,3,506,1518,5,1442.1,COD,In Transit,6,CUST5634,Saanvi Bir,Male,22,Pune,Maharashtra,2.9,,14,111.14
ORD101148,25-05-2023,Max,Men's Fashion,T-Shirts,Sparx T-Shirts Z115,Sparx,3,777,2331,20,1864.8,COD,Delivered,9,CUST1471,Pari Chandran,Male,16,Kochi,Kerala,1.9,,8.73,337.3
ORD103261,22-04-2025,Amazon,Fashion,Jewelry,Tanishq Jewelry M811,Tanishq,2,36432,72864,20,58291.2,UPI,Delivered,3,CUST4754,Saira Borah,Female,21,New Delhi,Delhi,5,,7.33,15464.52
ORD100574,08-10-2024,Amazon,Baby Products,Feeding Supplies,H&M Feeding Supplies S167,H&M,3,3938,11814,0,11814,UPI,Delivered,5,CUST9348,Tejas Hayer,Female,55,Chennai,Tamil Nadu,5,,6.55,962.06
ORD103769,05-06-2025,Flipkart,Fashion,Footwear,HRX Footwear X993,HRX,3,5538,16614,10,14952.6,UPI,Delivered,5,CUST4559,Anaya Bhatti,Female,27,Mumbai,Maharashtra,3.8,,12.19,3454.04
ORD103736,04-02-2025,Amazon,Sports & Outdoors,Sportswear,Nike Sportswear S545,Nike,2,3908,7816,10,7034.4,Credit Card,In Transit,6,CUST7377,Amani Lala,Male,29,New Delhi,Delhi,4.4,,9.75,1594.35
ORD104146,25-07-2023,Myntra,Footwear,Formal,Red Tape Formal X674,Red Tape,4,1921,7684,40,4610.4,UPI,Delivered,12,CUST6065,Shalv Dara,Female,60,Jaipur,Rajasthan,1.8,,9.71,715.26
ORD100853,14-07-2024,Amazon,Sports & Outdoors,Outdoor Gear,Philips Outdoor Gear S121,Philips,2,5729,11458,5,10885.1,UPI,Delivered,3,CUST5734,Ishaan Randhawa,Female,16,New Delhi,Delhi,4.3,,13.27,2236.46
ORD101982,02-09-2024,Flipkart,Grocery,Fresh,Only Fresh M628,Only,2,2718,5436,0,5436,UPI,Delivered,6,CUST1824,Lagan Bath,Female,65,Amritsar,Punjab,3.6,,8.88,327.37
ORD102774,18-06-2025,Amazon,Sports & Outdoors,Outdoor Gear,Sony Outdoor Gear M491,Sony,4,3621,14484,15,12311.4,Debit Card,Delivered,1,CUST2295,Shanaya Sanghvi,Male,16,Kochi,Kerala,4.9,,12.35,1881.62
ORD101166,27-08-2025,Myntra,Footwear,Sports,Dell Sports X987,Dell,2,2405,4810,30,3367,UPI,Delivered,4,CUST7869,Shalv Raja,Female,17,Mysuru,Karnataka,2.6,,4.34,999.26
ORD100971,02-09-2023,Amazon,Sports & Outdoors,Fitness,Decathlon Fitness S823,Decathlon,3,33705,101115,10,91003.5,Debit Card,Delivered,3,CUST5374,Nehmat Varkey,Male,23,Noida,Uttar Pradesh,4.1,,5.34,18302.44
ORD102701,21-10-2023,Flipkart,Fashion,Footwear,Titan Footwear Z636,Titan,2,3181,6362,15,5407.7,COD,In Transit,9,CUST8334,Zoya Sahota,Male,41,Surat,Gujarat,2.3,,13.64,1044.93
ORD104495,04-07-2025,Max,Men's Fashion,Bottoms,Ikea Bottoms Z634,Ikea,3,3175,9525,10,8572.5,Credit Card,Cancelled,3,CUST3115,Parinaaz Ravi,Male,15,Mangalore,Karnataka,2,,8.02,2092.15
ORD103847,25-03-2024,Amazon,Electronics,Accessories,JBL Accessories Z861,JBL,2,4282,8564,10,7707.6,UPI,Delivered,4,CUST8934,Jayant Bandi,Male,24,Ahmedabad,Gujarat,4.5,,17.79,1175.79
ORD102368,11-05-2025,Myntra,Accessories,Bags,Baggit Bags X564,Baggit,2,6211,12422,30,8695.4,UPI,Delivered,6,CUST9284,Elakshi Shukla,Female,22,Kolkata,West Bengal,1.8,,10.39,1371.27
ORD104115,05-11-2024,Myntra,Home & Living,Decor,Penguin Decor M531,Penguin,4,3554,14216,10,12794.4,COD,Delivered,2,CUST1867,Shanaya Taneja,Male,38,Bengaluru,Karnataka,3.1,,11.95,1986.82
ORD104131,27-12-2024,Amazon,Beauty & Personal Care,Makeup,Loreal Makeup M119,Loreal,3,634,1902,0,1902,UPI,Delivered,8,CUST2919,Divit Balay,Male,61,Mangalore,Karnataka,5,,7.02,212.85
ORD102950,09-05-2025,Amazon,Sports & Outdoors,Outdoor Gear,Xiaomi Outdoor Gear X666,Xiaomi,1,4026,4026,0,4026,UPI,Delivered,5,CUST2848,Jayant Saxena,Male,42,Mangalore,Karnataka,3.8,,9.99,663
ORD100524,04-11-2023,Myntra,Accessories,Jewelry,Tanishq Jewelry X455,Tanishq,3,21964,65892,10,59302.8,COD,Delivered,7,CUST3886,Amani Sarraf,Female,40,Chennai,Tamil Nadu,1.4,,7.46,10287.28
ORD102455,23-12-2024,Amazon,Sports & Outdoors,Outdoor Gear,FabIndia Outdoor Gear X644,FabIndia,3,3710,11130,0,11130,UPI,Delivered,2,CUST4339,Ivana Jani,Male,18,Bengaluru,Karnataka,3.5,,5.89,2960.9
ORD101841,03-02-2023,Amazon,Fashion,Watches,Titan Watches M342,Titan,3,7390,22170,30,15519,Credit Card,Delivered,6,CUST1906,Anika Mannan,Male,20,Kolkata,West Bengal,4.1,,12.54,2084.7
ORD100537,27-09-2023,Flipkart,Fashion,Accessories,Boat Accessories S623,Boat,4,1385,5540,0,5540,COD,Delivered,12,CUST1004,Yakshit Walia,Female,23,New Delhi,Delhi,2.7,,6.05,644.08
ORD102806,02-04-2025,Flipkart,"Books, Sports & Gaming",Books,HarperCollins Books S319,HarperCollins,4,175,700,0,700,UPI,Delivered,2,CUST3663,Akarsh Issac,Female,47,Kolkata,West Bengal,2.6,,17.46,198.21
ORD104341,01-09-2025,Myntra,Personal Care,Skincare,Nikon Skincare Z589,Nikon,4,4512,18048,10,16243.2,UPI,In Transit,6,CUST9613,Fateh Varghese,Female,30,Bengaluru,Karnataka,2.8,,6.33,4117.39
ORD103175,22-02-2024,Flipkart,Beauty & Personal Care,Makeup,Lakme Makeup M415,Lakme,4,1536,6144,10,5529.6,UPI,Delivered,3,CUST8957,Bhamini Comar,Female,53,Mumbai,Maharashtra,3.4,,14,1018.29
ORD100784,10-09-2024,Myntra,Home & Living,Decor,Microsoft Decor S233,Microsoft,4,722,2888,0,2888,UPI,Delivered,6,CUST6355,Pari Deep,Male,20,Pune,Maharashtra,3,,7,680.82
ORD104057,15-02-2023,Flipkart,Automotive,Spare Parts,Red Tape Spare Parts Z815,Red Tape,1,3366,3366,15,2861.1,Credit Card,Delivered,4,CUST9038,Kavya Gupta,Female,63,Chennai,Tamil Nadu,3.1,,16.63,236.87
ORD101409,16-11-2024,Amazon,Fashion,Clothing,H&M Clothing Z267,H&M,1,3130,3130,0,3130,COD,Delivered,7,CUST3434,Samiha Suresh,Male,46,New Delhi,Delhi,3.5,,6.47,506.71
ORD102537,14-09-2025,Max,Men's Fashion,Winter Wear,Samsung Winter Wear S344,Samsung,3,915,2745,20,2196,UPI,Delivered,1,CUST1251,Ishaan Rout,Male,29,Noida,Uttar Pradesh,3.1,,15.09,189.34
ORD100154,22-09-2025,Amazon,Beauty & Personal Care,Makeup,Maybelline Makeup Z215,Maybelline,2,3441,6882,10,6193.8,Credit Card,Delivered,1,CUST9514,Nitya Korpal,Male,28,Chennai,Tamil Nadu,4.9,,11.73,1662.77
ORD103009,03-01-2024,Flipkart,Fashion,Accessories,Portronics Accessories M298,Portronics,3,3505,10515,0,10515,UPI,Delivered,7,CUST7510,Bhamini Shanker,Male,47,Bengaluru,Karnataka,3.7,,5.37,2690.97
ORD101686,01-03-2023,Max,Accessories,Shoes,Adidas Shoes S215,Adidas,1,7852,7852,0,7852,UPI,Delivered,11,CUST2868,Kismat Rege,Male,20,Nagpur,Maharashtra,3.5,,17.06,977.29
ORD102901,26-04-2024,Myntra,Footwear,Casual,Campus Casual M175,Campus,3,1044,3132,5,2975.4,COD,Delivered,7,CUST3556,Sumer Bhakta,Male,33,Howrah,West Bengal,2.3,,13.92,317.31
ORD104949,18-03-2024,Amazon,Sports & Outdoors,Fitness,HRX Fitness S126,HRX,4,47584,190336,5,180819.2,COD,Delivered,6,CUST2855,Arnav Dutt,Male,15,New Delhi,Delhi,3.6,,14.3,32406.88
ORD103863,03-12-2023,Amazon,Groceries,Fresh Produce,LocalFarm Fresh Produce X872,LocalFarm,3,1140,3420,0,3420,Credit Card,Returned,10,CUST3471,Shamik Sheth,Female,45,Mumbai,Maharashtra,2.8,Size issue,12.02,114.64
ORD102733,23-09-2024,Myntra,Accessories,Wallets,Samsung Wallets S605,Samsung,2,4741,9482,30,6637.4,UPI,Delivered,7,CUST1770,Shray Dayal,Male,25,Mumbai,Maharashtra,2.8,,6.22,1990.01
ORD101895,30-10-2024,Myntra,Footwear,Casual,Campus Casual S592,Campus,2,3321,6642,30,4649.4,COD,Delivered,4,CUST5139,Kaira Goel,Male,30,Bengaluru,Karnataka,2.3,,14.11,384.09
ORD100569,08-01-2024,Myntra,Home & Living,Decor,HUL Decor X784,HUL,3,3326,9978,15,8481.3,UPI,Delivered,5,CUST8897,Navya Tripathi,Female,33,Nagpur,Maharashtra,1.5,,13.08,2303.28
ORD101816,14-05-2023,Flipkart,Electronics,Mobiles,OnePlus Mobiles Z320,OnePlus,1,33059,33059,15,28100.15,Credit Card,Delivered,7,CUST2118,Aayush Vora,Female,55,Coimbatore,Tamil Nadu,1.7,,13.03,3324.08
ORD102065,29-06-2025,Amazon,Books,Stationery,Nike Stationery X551,Nike,3,320,960,5,912,COD,Returned,4,CUST2095,Kabir Acharya,Male,41,Surat,Gujarat,4.2,Size issue,9.71,179.53
ORD100127,14-06-2025,Max,Kids' Fashion,Kids Apparel,Roadster Kids Apparel X235,Roadster,3,5230,15690,5,14905.5,UPI,Delivered,2,CUST2559,Hrishita Gola,Female,26,Mumbai,Maharashtra,1.8,,10.01,1491.5
ORD103394,14-11-2024,Myntra,Accessories,Wallets,Wildcraft Wallets M844,Wildcraft,2,3832,7664,10,6897.6,UPI,Delivered,6,CUST2129,Adah Agrawal,Female,37,Ahmedabad,Gujarat,3,,13.53,1630.09
ORD103327,29-06-2024,Myntra,Footwear,Sports,Levis Sports X189,Levis,4,434,1736,5,1649.2,UPI,Returned,2,CUST7343,Divyansh Raja,Female,60,Surat,Gujarat,2.6,Changed mind,16.18,416.5
ORD104986,11-07-2023,Myntra,Home & Living,Kitchenware,Prestige Kitchenware X762,Prestige,4,7860,31440,15,26724,COD,Delivered,3,CUST3618,Tiya Shere,Female,43,Kolkata,West Bengal,1.3,,8.32,3284.12
ORD102975,01-01-2025,Amazon,Baby Products,Feeding Supplies,Baggit Feeding Supplies X113,Baggit,4,3759,15036,20,12028.8,Debit Card,Delivered,4,CUST9381,Gatik Dugar,Male,40,Ludhiana,Punjab,3.7,,13.22,2891.29
ORD100980,11-12-2023,Myntra,Personal Care,Fragrances,Portico Fragrances X643,Portico,3,1506,4518,25,3388.5,COD,Delivered,7,CUST9078,Lagan Kannan,Female,33,Kolkata,West Bengal,2,,5.73,770.98
ORD102300,27-08-2024,Amazon,Books,Stationery,HarperCollins Stationery S314,HarperCollins,3,287,861,25,645.75,UPI,Returned,6,CUST2303,Divyansh Mammen,Male,30,Mangalore,Karnataka,5,Late delivery,7.49,56.56
ORD100190,08-07-2023,Amazon,Groceries,Gourmet Foods,Asus Gourmet Foods S425,Asus,4,3829,15316,0,15316,UPI,Delivered,12,CUST2639,Neysa Gour,Male,16,Mangalore,Karnataka,3.7,,5.8,961.44
ORD101139,18-12-2024,Flipkart,Automotive,Accessories,Boat Accessories X224,Boat,4,3219,12876,0,12876,UPI,Delivered,5,CUST8728,Aniruddh Malhotra,Female,28,Thiruvananthapuram,Kerala,2.5,,5.9,1428.7
ORD100699,01-12-2023,Amazon,Baby Products,Apparel,Boat Apparel M826,Boat,1,1143,1143,25,857.25,COD,Delivered,8,CUST8890,Gatik Dugar,Male,16,Chennai,Tamil Nadu,4.3,,13.63,177.83
ORD104780,25-10-2024,Amazon,Fashion,Clothing,Roadster Clothing X119,Roadster,3,1203,3609,40,2165.4,UPI,Delivered,6,CUST1779,Drishya Aurora,Female,53,Surat,Gujarat,3.9,,16.14,634.75
ORD100606,25-03-2024,Flipkart,Grocery,Essentials,JBL Essentials M980,JBL,4,4381,17524,10,15771.6,Wallet,Delivered,4,CUST2262,Chirag Jani,Female,27,Jaipur,Rajasthan,2.3,,7.29,899.27
ORD104276,13-02-2023,Amazon,Home & Kitchen,Home Decor,Home Centre Home Decor S157,Home Centre,3,1568,4704,15,3998.4,COD,In Transit,8,CUST5256,Shlok Ganesan,Female,26,Bengaluru,Karnataka,5,,6.53,1139.3
ORD100301,21-05-2023,Flipkart,Home & Furniture,Kitchen Appliances,Sony Kitchen Appliances X938,Sony,1,1522,1522,5,1445.9,Credit Card,Delivered,11,CUST2867,Anahita Hans,Female,20,Kozhikode,Kerala,4.3,,15.84,342.33
ORD103420,27-02-2023,Amazon,Beauty & Personal Care,Healthcare,Himalaya Healthcare S723,Himalaya,2,770,1540,10,1386,COD,Delivered,10,CUST9521,Vivaan Wadhwa,Female,54,Bengaluru,Karnataka,4.1,,15.74,312.8
ORD104820,03-11-2024,Myntra,Personal Care,Fragrances,Red Tape Fragrances X344,Red Tape,1,3471,3471,25,2603.25,UPI,Delivered,3,CUST4707,Shlok Jayaraman,Male,29,Chennai,Tamil Nadu,3.4,,16.62,220.37
ORD101060,07-02-2025,Amazon,Sports & Outdoors,Outdoor Gear,Loreal Outdoor Gear S113,Loreal,3,3354,10062,5,9558.9,UPI,Delivered,4,CUST7159,Ahana  Edwin,Male,64,Noida,Uttar Pradesh,4.6,,7.47,2243.35
ORD102565,03-10-2024,Amazon,Groceries,Gourmet Foods,Samsung Gourmet Foods X115,Samsung,3,2608,7824,0,7824,COD,Delivered,6,CUST1184,Hansh Bedi,Male,41,Nagpur,Maharashtra,4.3,,5.83,565.63
ORD104994,22-08-2023,Amazon,Groceries,Essentials,Xiaomi Essentials S450,Xiaomi,3,5086,15258,0,15258,COD,Delivered,6,CUST6941,Riaan Ghosh,Male,29,Howrah,West Bengal,4,,6.29,1115.04
ORD101069,05-12-2023,Amazon,Fashion,Watches,Titan Watches Z920,Titan,4,3893,15572,20,12457.6,UPI,Cancelled,10,CUST4979,Gokul Sen,Male,65,Ludhiana,Punjab,3.4,,4.69,1505.65
ORD102524,19-04-2024,Myntra,Clothing,Kids Wear,Fastrack Kids Wear Z728,Fastrack,1,3917,3917,30,2741.9,UPI,Delivered,7,CUST8648,Vaibhav Magar,Female,23,Kochi,Kerala,1.5,,9.34,470.1
ORD102205,28-03-2024,Amazon,Books,Stationery,Samsung Stationery X561,Samsung,1,1738,1738,5,1651.1,UPI,Delivered,2,CUST6459,Gokul Dua,Male,61,Pune,Maharashtra,4.2,,11.8,295.87
ORD101243,27-04-2024,Myntra,Home & Living,Kitchenware,Prestige Kitchenware Z995,Prestige,1,2353,2353,0,2353,COD,Returned,8,CUST9036,Mamooty Verma,Male,60,Kozhikode,Kerala,1.8,Defective,11.54,639.27
ORD100016,04-08-2025,Amazon,Sports & Outdoors,Outdoor Gear,Asus Outdoor Gear M459,Asus,4,5059,20236,15,17200.6,UPI,Delivered,3,CUST7528,Nirvaan Karan,Male,18,New Delhi,Delhi,4.7,,7.12,3873.7
ORD103120,03-02-2025,Amazon,Electronics,Televisions,Samsung Televisions M479,Samsung,1,73233,73233,15,62248.05,Credit Card,Delivered,1,CUST6060,Advika Sahota,Male,30,Mumbai,Maharashtra,4.9,,6.53,7179.71
ORD104642,15-06-2024,Amazon,Sports & Outdoors,Fitness,Decathlon Fitness M901,Decathlon,4,1659,6636,0,6636,UPI,Delivered,3,CUST7379,Rania Dhaliwal,Male,22,Thiruvananthapuram,Kerala,4.6,,11.24,1723.05
ORD100815,14-12-2024,Max,Women's Fashion,Bottoms,Titan Bottoms M481,Titan,1,1572,1572,15,1336.2,Credit Card,Delivered,5,CUST3060,Vidur Dar,Male,28,Pune,Maharashtra,2.4,,8.4,227.65
ORD103067,02-02-2025,Flipkart,"Books, Sports & Gaming",Gaming,Microsoft Gaming X426,Microsoft,1,53841,53841,0,53841,Wallet,Delivered,2,CUST4090,Hridaan Sachdev,Male,40,Mysuru,Karnataka,2.7,,11.48,15244.92
ORD104784,17-04-2024,Flipkart,Beauty & Personal Care,Grooming,HUL Grooming X519,HUL,4,5089,20356,10,18320.4,COD,In Transit,6,CUST3329,Tara Devi,Female,22,Bengaluru,Karnataka,3.1,,8.46,4499.95
ORD100959,29-02-2024,Myntra,Clothing,Kids Wear,Biba Kids Wear X294,Biba,1,2177,2177,15,1850.45,UPI,Returned,5,CUST8559,Nirvi Sachar,Female,15,Bengaluru,Karnataka,1.7,Other,17.52,158.62
ORD100225,19-04-2025,Amazon,Books,Stationery,Nike Stationery Z884,Nike,4,1493,5972,15,5076.2,UPI,Delivered,3,CUST9830,Amani Thaman,Male,39,Howrah,West Bengal,3.7,,14.09,807.09
ORD103354,24-04-2025,Amazon,Groceries,Snacks,LocalFarm Snacks X309,LocalFarm,3,2968,8904,0,8904,UPI,Delivered,3,CUST1751,Renee Deshmukh,Male,52,Bengaluru,Karnataka,4.2,,4.98,299.86
ORD102485,02-05-2023,Amazon,Baby Products,Apparel,BigBasket Apparel S470,BigBasket,1,3555,3555,10,3199.5,Credit Card,Delivered,9,CUST4043,Arnav Atwal,Male,41,Kolkata,West Bengal,4.6,,10.87,671.03
ORD100562,24-06-2025,Myntra,Accessories,Jewelry,Tanishq Jewelry Z520,Tanishq,3,38102,114306,10,102875.4,Debit Card,Delivered,5,CUST2610,Ira Gade,Male,29,Kochi,Kerala,2.5,,13.19,23696.05
ORD103436,09-10-2024,Myntra,Personal Care,Skincare,Maybelline Skincare S728,Maybelline,2,2897,5794,15,4924.9,COD,Delivered,2,CUST4656,Arhaan Chander,Female,27,Chennai,Tamil Nadu,2.5,,16.11,1126.21
ORD101693,02-09-2024,Amazon,Electronics,Computers,Lenovo Computers M931,Lenovo,1,38258,38258,5,36345.1,Credit Card,Delivered,8,CUST1803,Rania Agrawal,Male,17,Surat,Gujarat,4,,5.09,2236.42
ORD101045,13-07-2023,Max,Plus Size,Plus Tops,Dell Plus Tops M722,Dell,4,3350,13400,5,12730,UPI,Delivered,9,CUST5174,Zara Deshpande,Male,30,Coimbatore,Tamil Nadu,2.4,,4.17,1358.44
ORD103446,25-12-2023,Myntra,Accessories,Watches,Titan Watches Z381,Titan,3,12018,36054,40,21632.4,COD,Delivered,9,CUST3901,Samar Hayer,Female,33,Jaipur,Rajasthan,1.5,,11.65,1754.45
ORD104565,08-07-2023,Max,Accessories,Shoes,Adidas Shoes M513,Adidas,3,1398,4194,5,3984.3,Credit Card,Delivered,7,CUST9038,Suhana Dhar,Female,26,Mumbai,Maharashtra,2.4,,17.09,921.91
ORD100954,09-11-2023,Max,Accessories,Seasonal,Apple Seasonal X457,Apple,4,2327,9308,20,7446.4,Wallet,Delivered,9,CUST4810,Arnav Dugal,Male,34,Vadodara,Gujarat,2.2,,4.19,1007.02
ORD104985,13-03-2024,Max,Accessories,Shoes,Nike Shoes Z945,Nike,2,3955,7910,10,7119,Debit Card,Delivered,6,CUST3353,Alia Krishnamurthy,Female,19,Thiruvananthapuram,Kerala,1.6,,15.67,638.39
ORD102735,05-10-2024,Flipkart,Beauty & Personal Care,Makeup,Lakme Makeup Z765,Lakme,3,813,2439,10,2195.1,UPI,Delivered,4,CUST5561,Nirvi Trivedi,Female,28,Noida,Uttar Pradesh,3.1,,5.02,524.25
ORD104903,22-03-2023,Myntra,Footwear,Formal,Red Tape Formal S321,Red Tape,3,3766,11298,5,10733.1,COD,Delivered,7,CUST5026,Anvi Acharya,Male,21,Thiruvananthapuram,Kerala,1.7,,16.32,2567.29
ORD104735,08-07-2023,Amazon,Home & Kitchen,Home Decor,Home Centre Home Decor X707,Home Centre,1,5135,5135,25,3851.25,COD,Delivered,5,CUST3298,Amani Swamy,Male,48,Noida,Uttar Pradesh,3.2,,12.21,1127.42
ORD104823,12-10-2023,Flipkart,Electronics,Computers,Asus Computers M442,Asus,1,32177,32177,0,32177,Credit Card,Delivered,10,CUST3202,Mannat Baral,Female,30,Noida,Uttar Pradesh,3.2,,17.53,4313.72
ORD101218,25-01-2024,Max,Kids' Fashion,Kids Shoes,FabIndia Kids Shoes S215,FabIndia,2,2064,4128,20,3302.4,COD,Delivered,8,CUST2675,Sumer Wali,Female,51,New Delhi,Delhi,1.5,,13.58,390.69
ORD101527,30-09-2024,Amazon,Electronics,Computers,Asus Computers S291,Asus,1,84821,84821,20,67856.8,Credit Card,Cancelled,3,CUST9743,Akarsh Divan,Male,54,New Delhi,Delhi,4.9,,11.45,5145.84
ORD103987,15-09-2024,Amazon,Sports & Outdoors,Outdoor Gear,Lilliput Outdoor Gear S470,Lilliput,4,5484,21936,5,20839.2,UPI,Delivered,2,CUST3695,Hridaan Bhagat,Female,15,Pune,Maharashtra,3.7,,8.77,3112.09
ORD101300,02-11-2023,Amazon,Fashion,Watches,Fastrack Watches Z846,Fastrack,3,9890,29670,0,29670,COD,Delivered,10,CUST5040,Anahita Sastry,Female,17,Mumbai,Maharashtra,4.6,,6.45,8644.64
ORD104891,25-01-2025,Flipkart,Automotive,Accessories,Portronics Accessories Z800,Portronics,1,2852,2852,0,2852,UPI,In Transit,3,CUST2435,Mannat Rana,Male,29,Kozhikode,Kerala,3.4,,14.62,276.91
ORD100160,05-07-2025,Amazon,Books,Stationery,Nilkamal Stationery M982,Nilkamal,4,1392,5568,0,5568,Wallet,Delivered,5,CUST2045,Piya Gopal,Female,24,New Delhi,Delhi,3.7,,8.18,517.67
ORD104067,04-06-2025,Flipkart,Grocery,Essentials,Portronics Essentials S784,Portronics,3,3633,10899,0,10899,Debit Card,Delivered,6,CUST2687,Nayantara Vala,Male,39,Bengaluru,Karnataka,3.5,,12.52,650.83
ORD100956,15-02-2025,Amazon,Electronics,Mobiles,Apple Mobiles S868,Apple,1,16420,16420,0,16420,UPI,Delivered,5,CUST2618,Mamooty Sangha,Female,23,Jaipur,Rajasthan,4.1,,10.76,2136.18
ORD103791,12-06-2025,Max,Women's Fashion,Bottoms,Nike Bottoms X560,Nike,3,1774,5322,20,4257.6,Credit Card,Delivered,1,CUST7439,Shayak Sodhi,Male,40,Bengaluru,Karnataka,2.1,,13.51,1245.47
ORD103234,04-10-2025,Amazon,Groceries,Gourmet Foods,Penguin Gourmet Foods X667,Penguin,1,2894,2894,20,2315.2,Debit Card,Delivered,6,CUST6261,Tushar Sinha,Male,61,Surat,Gujarat,4.3,,16.41,171.33
ORD102869,20-07-2023,Flipkart,Beauty & Personal Care,Grooming,Philips Grooming S181,Philips,2,1047,2094,20,1675.2,COD,Delivered,5,CUST5688,Baiju Dey,Female,20,New Delhi,Delhi,3.5,,6.42,399.4
ORD103777,26-01-2025,Amazon,Fashion,Shoes,Bata Shoes Z356,Bata,3,5166,15498,15,13173.3,UPI,Returned,5,CUST1939,Farhan Saraf,Female,44,Kanpur,Uttar Pradesh,3.4,Late delivery,9.87,1951.65
ORD104433,16-10-2024,Max,Accessories,Shoes,Bata Shoes M641,Bata,1,6019,6019,0,6019,COD,Delivered,8,CUST8877,Kiara Bora,Female,56,Mumbai,Maharashtra,2.8,,12.2,1209
ORD102961,16-02-2024,Amazon,Fashion,Jewelry,Tanishq Jewelry Z680,Tanishq,4,31334,125336,20,100268.8,COD,Returned,3,CUST5541,Manikya Sur,Female,27,New Delhi,Delhi,3.6,Other,15.9,27600
ORD102200,22-11-2023,Amazon,Home & Kitchen,Appliances,Samsung Appliances Z304,Samsung,1,47778,47778,5,45389.1,COD,Delivered,9,CUST1766,Amira Deol,Male,23,Madurai,Tamil Nadu,3.8,,12.68,13194.61
ORD100098,24-01-2024,Myntra,Footwear,Formal,Red Tape Formal Z549,Red Tape,1,1409,1409,20,1127.2,UPI,Delivered,3,CUST1797,Ojas Mallick,Female,21,Bengaluru,Karnataka,2.1,,4.47,238.42
ORD102557,22-08-2023,Max,Kids' Fashion,Accessories,JBL Accessories X889,JBL,2,1368,2736,30,1915.2,COD,Delivered,11,CUST6097,Dhanush Varghese,Male,21,Amritsar,Punjab,1.8,,16.02,456.39
ORD103183,06-04-2023,Flipkart,Beauty & Personal Care,Grooming,HUL Grooming S227,HUL,3,3694,11082,15,9419.7,UPI,Delivered,8,CUST1118,Tanya Acharya,Male,34,Bengaluru,Karnataka,3.1,,15.1,771.06
ORD100253,02-12-2024,Amazon,Books,Books,HarperCollins Books X378,HarperCollins,3,2264,6792,10,6112.8,Credit Card,Delivered,6,CUST6050,Advika Chana,Male,15,Surat,Gujarat,4.1,,5.64,1062.9
ORD103923,19-01-2024,Myntra,Footwear,Sports,Nike Sports X258,Nike,2,3498,6996,0,6996,Credit Card,Delivered,6,CUST2474,Parinaaz Konda,Female,49,Bengaluru,Karnataka,2.1,,6.14,1826.81
ORD104199,07-05-2023,Amazon,Beauty & Personal Care,Healthcare,Patanjali Healthcare Z204,Patanjali,2,1835,3670,20,2936,COD,Delivered,8,CUST8923,Eva Vasa,Female,17,Kolkata,West Bengal,4.7,,10.67,560.28
ORD101445,28-02-2025,Max,Plus Size,Plus Tops,Baggit Plus Tops S884,Baggit,4,4340,17360,0,17360,UPI,In Transit,3,CUST7502,Shalv Kapadia,Male,40,Kochi,Kerala,1.7,,12.31,2461.75
ORD101648,11-06-2025,Flipkart,Electronics,Computers,HP Computers M589,HP,1,171325,171325,15,145626.25,UPI,Delivered,6,CUST8510,Vidur Barman,Female,30,Chennai,Tamil Nadu,3,,16.65,11793.83
ORD104682,21-03-2023,Amazon,Electronics,Cameras,Nikon Cameras S852,Nikon,1,22820,22820,5,21679,UPI,Delivered,12,CUST4610,Kaira Boase,Male,30,Surat,Gujarat,4.7,,16.91,2158.66
ORD104723,14-01-2023,Max,Plus Size,Plus Bottoms,Tanishq Plus Bottoms M548,Tanishq,2,4004,8008,10,7207.2,COD,Delivered,4,CUST1338,Heer Ramachandran,Male,29,Vadodara,Gujarat,2.6,,13.74,1833.79
ORD103991,15-10-2024,Myntra,Home & Living,Decor,Decathlon Decor Z859,Decathlon,3,3109,9327,20,7461.6,UPI,Delivered,3,CUST7144,Prerak Luthra,Male,35,Pune,Maharashtra,2.1,,16.85,1883.48
ORD101696,07-04-2023,Flipkart,Home & Furniture,Kitchen Appliances,JBL Kitchen Appliances M982,JBL,4,3477,13908,0,13908,Debit Card,Delivered,7,CUST3656,Dharmajan Borde,Male,61,Chennai,Tamil Nadu,3,,7.22,2496.01
ORD103191,11-03-2024,Amazon,Groceries,Gourmet Foods,Zara Gourmet Foods M982,Zara,2,2199,4398,5,4178.1,Credit Card,Delivered,6,CUST3423,Aaina Varkey,Female,63,Noida,Uttar Pradesh,4,,7.47,138.39
ORD104499,18-12-2024,Flipkart,Automotive,Accessories,JBL Accessories S742,JBL,4,3110,12440,10,11196,UPI,Delivered,2,CUST6529,Ritvik Sabharwal,Female,52,Surat,Gujarat,2.4,,11.11,2408.56
ORD101154,28-10-2024,Flipkart,"Books, Sports & Gaming",Sporting Goods,MotherCare Sporting Goods Z538,MotherCare,3,2729,8187,0,8187,UPI,Returned,7,CUST2710,Taimur Kara,Male,27,Noida,Uttar Pradesh,3.6,Defective,13.49,1914.5
ORD102255,27-07-2024,Amazon,Groceries,Fresh Produce,LocalFarm Fresh Produce X592,LocalFarm,2,734,1468,0,1468,Debit Card,Delivered,6,CUST9559,Raunak Deshmukh,Male,43,Thiruvananthapuram,Kerala,3.1,,6.56,72.6
ORD101682,02-05-2025,Myntra,Footwear,Formal,Red Tape Formal S346,Red Tape,2,5421,10842,20,8673.6,Credit Card,Returned,6,CUST7013,Dhanuk Reddy,Female,43,Nagpur,Maharashtra,2.3,Size issue,9.4,876.69
ORD103170,10-12-2023,Max,Kids' Fashion,Kids Apparel,Titan Kids Apparel M637,Titan,1,4386,4386,15,3728.1,COD,Delivered,5,CUST8404,Mannat Chaudhuri,Male,59,Kolkata,West Bengal,2.5,,16.61,722.01
ORD102056,27-08-2025,Max,Men's Fashion,Shirts,3M Shirts M494,3M,4,765,3060,20,2448,UPI,Delivered,2,CUST1481,Indrajit Jayaraman,Male,44,Mumbai,Maharashtra,2.3,,13.73,464.2
ORD104090,06-09-2024,Myntra,Footwear,Casual,Sparx Casual S450,Sparx,4,481,1924,30,1346.8,Credit Card,Delivered,4,CUST1571,Jayesh Kalla,Female,33,Ahmedabad,Gujarat,1.5,,5.77,119.81
ORD103108,07-03-2024,Amazon,Electronics,Mobiles,Xiaomi Mobiles X105,Xiaomi,1,16042,16042,25,12031.5,UPI,Delivered,6,CUST1642,Ahana  Bhatt,Male,61,Pune,Maharashtra,4.3,,14.46,1602.66
ORD104548,25-01-2024,Max,Accessories,Shoes,Bata Shoes X134,Bata,3,4743,14229,5,13517.55,UPI,In Transit,8,CUST9859,Onkar Mander,Male,17,Bengaluru,Karnataka,1.6,,10.03,3994.05
ORD103723,17-01-2025,Amazon,Sports & Outdoors,Fitness,Decathlon Fitness Z428,Decathlon,3,40799,122397,15,104037.45,Credit Card,Delivered,3,CUST5733,Zara Taneja,Female,22,Surat,Gujarat,4.1,,17.87,15154.31
ORD102049,29-10-2024,Amazon,Sports & Outdoors,Outdoor Gear,Sony Outdoor Gear M585,Sony,4,1387,5548,10,4993.2,COD,Delivered,6,CUST1742,Kanav Sridhar,Female,37,Pune,Maharashtra,4.7,,7.76,1002.34
ORD103643,20-04-2025,Amazon,Groceries,Essentials,Boat Essentials X181,Boat,2,4272,8544,0,8544,UPI,Delivered,3,CUST2816,Suhana Dasgupta,Male,30,Kolkata,West Bengal,4.4,,7.99,298.13
ORD104927,18-05-2024,Flipkart,Grocery,Essentials,Nike Essentials S349,Nike,2,4748,9496,25,7122,UPI,Delivered,3,CUST5353,Rhea Venkatesh,Male,30,Bengaluru,Karnataka,3.7,,17.95,384.9
ORD100623,02-12-2024,Amazon,Electronics,Accessories,Boat Accessories X764,Boat,3,384,1152,20,921.6,UPI,Returned,2,CUST1576,Yuvaan Ramanathan,Female,36,Ahmedabad,Gujarat,3.1,Other,5.67,72.98
ORD100262,26-10-2023,Amazon,Baby Products,Apparel,Lenovo Apparel M662,Lenovo,3,2980,8940,20,7152,COD,Delivered,8,CUST3089,Shanaya Lal,Male,36,Noida,Uttar Pradesh,5,,12.56,1375.28
ORD103369,27-01-2023,Flipkart,Home & Furniture,Household Essentials,Canon Household Essentials M637,Canon,2,883,1766,5,1677.7,Credit Card,Delivered,11,CUST9886,Faiyaz Aurora,Male,50,Madurai,Tamil Nadu,3.4,,17.12,157.08
ORD104061,01-04-2025,Flipkart,Grocery,Fresh,HarperCollins Fresh S936,HarperCollins,1,2137,2137,15,1816.45,UPI,Delivered,1,CUST4106,Samar Gupta,Male,34,Chennai,Tamil Nadu,3.6,,12.59,56.08
ORD101802,11-02-2025,Max,Men's Fashion,Shirts,OnePlus Shirts X811,OnePlus,3,2720,8160,25,6120,UPI,Returned,6,CUST1412,Ahana  Sethi,Female,31,New Delhi,Delhi,2.1,Defective,7.03,1448.77
ORD104736,02-07-2023,Flipkart,Beauty & Personal Care,Makeup,Loreal Makeup S893,Loreal,1,373,373,0,373,COD,Delivered,6,CUST5191,Sara Sangha,Female,43,Chennai,Tamil Nadu,3.5,,15.98,88.99
ORD104992,17-03-2024,Amazon,Books,Stationery,Bata Stationery M271,Bata,1,1148,1148,10,1033.2,UPI,In Transit,5,CUST4324,Onkar Warrior,Male,18,Ahmedabad,Gujarat,4.4,,5.73,180.57
ORD102385,12-09-2023,Myntra,Home & Living,Decor,HarperCollins Decor Z507,HarperCollins,3,3597,10791,30,7553.7,UPI,Delivered,10,CUST4375,Vanya Srinivas,Male,63,Coimbatore,Tamil Nadu,2.2,,4.75,1888.5
ORD101959,01-08-2023,Max,Kids' Fashion,Accessories,JBL Accessories M211,JBL,3,5577,16731,20,13384.8,UPI,Delivered,9,CUST1519,Advika Soni,Male,24,Kolkata,West Bengal,2.3,,11.73,1416.31
ORD102976,21-04-2023,Max,Men's Fashion,Winter Wear,W Winter Wear S759,W,1,3639,3639,25,2729.25,COD,Delivered,9,CUST4166,Zeeshan Datta,Female,21,Vadodara,Gujarat,1.1,,16.97,465.22
ORD100488,03-09-2024,Amazon,Sports & Outdoors,Outdoor Gear,HRX Outdoor Gear M615,HRX,2,1327,2654,5,2521.3,COD,Delivered,7,CUST2573,Eva Malhotra,Female,50,Pune,Maharashtra,3.8,,14.95,664.23
ORD101843,29-10-2024,Max,Men's Fashion,Winter Wear,Bosch Winter Wear Z773,Bosch,2,601,1202,30,841.4,UPI,Delivered,7,CUST7304,Ehsaan Subramaniam,Female,28,Thiruvananthapuram,Kerala,2.3,,7.46,148.27
ORD101734,18-03-2025,Amazon,Beauty & Personal Care,Makeup,Loreal Makeup X322,Loreal,2,2294,4588,5,4358.6,UPI,Delivered,2,CUST5881,Gokul Contractor,Female,30,Noida,Uttar Pradesh,4.3,,15.21,350.48
ORD102911,17-12-2024,Amazon,Sports & Outdoors,Fitness,Decathlon Fitness S779,Decathlon,2,33891,67782,5,64392.9,UPI,Delivered,4,CUST6896,Mamooty Uppal,Male,18,Kozhikode,Kerala,4.6,,8.97,8784.11
ORD103219,09-01-2023,Amazon,Home & Kitchen,Furniture,Ikea Furniture Z167,Ikea,2,32150,64300,0,64300,UPI,Delivered,3,CUST9137,Romil Sabharwal,Female,47,Chennai,Tamil Nadu,3.8,,17.16,8054.95
ORD100146,14-05-2025,Max,Women's Fashion,Dresses,Campus Sutra Dresses M278,Campus Sutra,1,4278,4278,30,2994.6,Wallet,Delivered,4,CUST8157,Prerak Bath,Male,33,Kolkata,West Bengal,1.8,,8.52,882.48
ORD101986,14-05-2024,Amazon,Electronics,Cameras,Nikon Cameras Z256,Nikon,1,72317,72317,20,57853.6,UPI,Delivered,3,CUST4312,Veer Bail,Male,15,Pune,Maharashtra,5,,16.23,9491.64
ORD101369,04-04-2025,Flipkart,"Books, Sports & Gaming",Books,HarperCollins Books M800,HarperCollins,4,1389,5556,10,5000.4,UPI,Delivered,2,CUST7790,Lakshay Gupta,Male,22,Kolkata,West Bengal,2.4,,8.38,1397.81
ORD102811,02-08-2025,Amazon,Baby Products,Apparel,LG Apparel Z595,LG,4,2490,9960,5,9462,Credit Card,Delivered,6,CUST7353,Lavanya Dhaliwal,Female,59,Pune,Maharashtra,4.1,,11.81,2421.07
ORD100659,22-01-2025,Flipkart,"Books, Sports & Gaming",Books,HarperCollins Books Z561,HarperCollins,3,437,1311,10,1179.9,Debit Card,Delivered,4,CUST3255,Zara Doshi,Female,26,New Delhi,Delhi,3.4,,5.21,160.12
ORD101794,25-02-2023,Myntra,Personal Care,Makeup,Loreal Makeup Z331,Loreal,1,2109,2109,10,1898.1,COD,Delivered,8,CUST5216,Shaan Seshadri,Female,41,Mumbai,Maharashtra,3.3,,9.5,178.85
ORD102511,06-10-2025,Amazon,Groceries,Essentials,LG Essentials S241,LG,2,4060,8120,0,8120,Debit Card,Delivered,6,CUST9448,Anvi Keer,Male,23,Pune,Maharashtra,3.9,,11.94,261.58
ORD103397,07-07-2025,Flipkart,Beauty & Personal Care,Grooming,HUL Grooming Z313,HUL,3,2646,7938,0,7938,Credit Card,Cancelled,3,CUST6970,Damini Gera,Female,32,Noida,Uttar Pradesh,3.3,,12.6,1515.75
ORD104282,05-12-2023,Myntra,Footwear,Formal,Red Tape Formal X329,Red Tape,3,5670,17010,15,14458.5,COD,Delivered,12,CUST3903,Shray Tara,Female,17,Vadodara,Gujarat,2.3,,4.47,3068.65
ORD101147,15-10-2023,Amazon,Sports & Outdoors,Outdoor Gear,Only Outdoor Gear S861,Only,4,1690,6760,5,6422,Credit Card,Delivered,8,CUST9708,Emir Kumar,Male,44,Mysuru,Karnataka,4.8,,15.24,1660.41
ORD103272,19-08-2023,Flipkart,"Books, Sports & Gaming",Books,HarperCollins Books X276,HarperCollins,4,781,3124,5,2967.8,COD,Delivered,10,CUST7688,Kimaya Bali,Female,56,Ludhiana,Punjab,3.3,,5.46,572.25
ORD100608,25-09-2024,Flipkart,Grocery,Fresh,Realme Fresh Z541,Realme,1,2638,2638,5,2506.1,COD,Delivered,3,CUST5128,Jayant Manne,Male,51,Kanpur,Uttar Pradesh,3.7,,17.37,109.78
ORD103582,29-03-2024,Amazon,Groceries,Essentials,Titan Essentials X641,Titan,3,1920,5760,10,5184,COD,Delivered,3,CUST9861,Mohanlal Date,Male,39,Kanpur,Uttar Pradesh,4.7,,10.13,168.19
ORD101930,10-11-2023,Flipkart,Beauty & Personal Care,Grooming,Philips Grooming Z554,Philips,2,4396,8792,5,8352.4,COD,Delivered,12,CUST6406,Gatik Deshmukh,Male,31,New Delhi,Delhi,3.3,,6.22,753.79
ORD100197,14-02-2023,Amazon,Home & Kitchen,Home Decor,FabIndia Home Decor Z721,FabIndia,1,1347,1347,20,1077.6,UPI,Delivered,3,CUST5644,Jayan Date,Male,50,Kanpur,Uttar Pradesh,3.3,,16.3,258.79
ORD102931,03-04-2025,Max,Accessories,Shoes,Bata Shoes X999,Bata,3,4495,13485,25,10113.75,UPI,Delivered,6,CUST4831,Divit Agarwal,Female,24,Mumbai,Maharashtra,2,,15.28,2609.31
ORD102327,28-03-2025,Flipkart,Beauty & Personal Care,Makeup,Lakme Makeup S438,Lakme,3,1608,4824,15,4100.4,UPI,Returned,2,CUST4173,Kabir Walia,Female,43,Amritsar,Punjab,3.1,Size issue,11.5,501.23
ORD104389,26-01-2024,Amazon,Groceries,Gourmet Foods,Wildcraft Gourmet Foods Z409,Wildcraft,1,2281,2281,15,1938.85,UPI,Delivered,4,CUST1897,Divit Gade,Female,34,Pune,Maharashtra,4,,5.52,140.93
ORD100766,03-08-2025,Amazon,Sports & Outdoors,Sportswear,Adidas Sportswear Z835,Adidas,1,8629,8629,5,8197.55,UPI,Delivered,6,CUST7299,Keya Chokshi,Male,20,Madurai,Tamil Nadu,3.1,,10.93,1615.6
ORD104496,22-07-2024,Max,Men's Fashion,Shirts,Lilliput Shirts Z752,Lilliput,3,3564,10692,15,9088.2,Credit Card,Delivered,3,CUST6570,Aniruddh Atwal,Male,43,Surat,Gujarat,2.2,,12.56,1893.89
ORD104218,07-10-2025,Amazon,Beauty & Personal Care,Makeup,Loreal Makeup M112,Loreal,2,2557,5114,5,4858.3,UPI,Delivered,1,CUST6251,Saira Tak,Female,16,Ahmedabad,Gujarat,3.8,,6.39,584.72
ORD103255,11-12-2023,Amazon,Beauty & Personal Care,Makeup,Lakme Makeup Z413,Lakme,3,2435,7305,10,6574.5,UPI,Delivered,4,CUST7278,Kimaya Sinha,Female,62,Ahmedabad,Gujarat,3.5,,16.33,853.12
ORD100202,10-01-2024,Flipkart,Beauty & Personal Care,Grooming,Philips Grooming X319,Philips,2,2273,4546,5,4318.7,UPI,Delivered,7,CUST4764,Heer Sami,Male,30,Chennai,Tamil Nadu,2.9,,16.09,458.64
ORD103510,19-06-2025,Max,Plus Size,Plus Tops,Campus Plus Tops S783,Campus,4,1397,5588,10,5029.2,UPI,Returned,5,CUST9782,Ivan Bava,Male,59,Madurai,Tamil Nadu,1,Late delivery,6.11,1332.9
ORD101733,20-02-2024,Flipkart,Beauty & Personal Care,Makeup,Lakme Makeup X530,Lakme,1,2067,2067,5,1963.65,UPI,Delivered,2,CUST6667,Mahika Chaudhari,Male,18,Bengaluru,Karnataka,2.3,,15.72,313.83
ORD102777,16-08-2024,Myntra,Personal Care,Fragrances,Portronics Fragrances X679,Portronics,3,3843,11529,10,10376.1,COD,Delivered,2,CUST6037,Adira Babu,Female,55,Mumbai,Maharashtra,1,,12,1665.09
ORD101707,18-02-2025,Amazon,Baby Products,Apparel,OnePlus Apparel Z733,OnePlus,2,3302,6604,0,6604,UPI,Delivered,3,CUST5839,Jayant Bera,Female,44,Pune,Maharashtra,4.2,,14.47,1424.89
ORD103474,24-07-2025,Max,Accessories,Seasonal,Red Tape Seasonal M591,Red Tape,2,1946,3892,5,3697.4,UPI,In Transit,4,CUST8926,Divij Dhillon,Male,19,Pune,Maharashtra,2.9,,14.78,625.65
ORD100854,03-01-2023,Amazon,Baby Products,Diapers,Lenovo Diapers S777,Lenovo,2,1213,2426,5,2304.7,COD,Delivered,8,CUST9802,Kabir Chakraborty,Male,15,Bengaluru,Karnataka,4.2,,6.57,238
ORD104737,20-04-2024,Myntra,Clothing,Ethnic Wear,FabIndia Ethnic Wear M470,FabIndia,3,879,2637,30,1845.9,UPI,Delivered,3,CUST7608,Shanaya Gara,Female,49,New Delhi,Delhi,2.1,,15.92,237.09
ORD104097,11-01-2024,Myntra,Footwear,Formal,Red Tape Formal M975,Red Tape,2,3405,6810,10,6129,Credit Card,Delivered,7,CUST3961,Misha Gulati,Male,35,Jaipur,Rajasthan,3,,5.19,631.43
ORD102160,30-11-2024,Amazon,Groceries,Fresh Produce,BigBasket Fresh Produce Z409,BigBasket,3,564,1692,5,1607.4,UPI,Delivered,7,CUST5346,Nirvi Ramesh,Male,31,Kanpur,Uttar Pradesh,3.7,,13.03,50.33
ORD100698,19-09-2024,Amazon,Fashion,Bags,Wildcraft Bags M782,Wildcraft,4,5063,20252,20,16201.6,COD,Delivered,7,CUST7571,Mehul Mallick,Female,18,Kozhikode,Kerala,3.4,,17.32,2388.24
ORD104947,10-11-2023,Amazon,Baby Products,Apparel,Samsung Apparel Z580,Samsung,2,3188,6376,10,5738.4,UPI,Delivered,8,CUST7115,Anya Das,Female,22,Pune,Maharashtra,4,,11.93,1280.44
ORD102999,02-06-2023,Amazon,Baby Products,Diapers,Patanjali Diapers S349,Patanjali,4,875,3500,15,2975,COD,Delivered,9,CUST7586,Sana Ghose,Female,41,New Delhi,Delhi,3.1,,14.52,828.35
ORD103696,22-09-2025,Amazon,Fashion,Shoes,Puma Shoes Z870,Puma,3,4975,14925,10,13432.5,UPI,Delivered,2,CUST2652,Farhan Sen,Female,59,Mumbai,Maharashtra,3.5,,4.04,1282.08
ORD101636,18-09-2024,Flipkart,Fashion,Footwear,Xiaomi Footwear X722,Xiaomi,3,542,1626,40,975.6,COD,Delivered,4,CUST7749,Tejas Edwin,Male,39,Madurai,Tamil Nadu,2.1,,13.75,190.83
ORD103457,08-06-2024,Max,Plus Size,Plus Tops,Lenovo Plus Tops M653,Lenovo,3,4335,13005,15,11054.25,UPI,Delivered,2,CUST6184,Reyansh Sahni,Male,22,Pune,Maharashtra,2.8,,5.84,1385.17
ORD103581,23-04-2025,Flipkart,"Books, Sports & Gaming",Gaming,Microsoft Gaming X773,Microsoft,1,52755,52755,10,47479.5,UPI,Delivered,1,CUST6803,Jayan Deol,Female,41,Howrah,West Bengal,3,,11.7,12655.48
ORD101291,06-10-2023,Amazon,Baby Products,Diapers,Ikea Diapers X300,Ikea,2,2681,5362,15,4557.7,Debit Card,Delivered,12,CUST2024,Aradhya Bhatia,Male,24,Jaipur,Rajasthan,4.1,,9.8,1135.31
ORD104659,18-05-2024,Amazon,Electronics,Cameras,Nikon Cameras Z211,Nikon,1,90285,90285,0,90285,UPI,Delivered,2,CUST6745,Hunar Gokhale,Female,19,Noida,Uttar Pradesh,3.7,,15.41,4671.45
ORD101853,21-07-2024,Flipkart,Fashion,Accessories,JBL Accessories S907,JBL,4,1942,7768,25,5826,UPI,Delivered,7,CUST9293,Jiya Swaminathan,Female,16,Kanpur,Uttar Pradesh,3.9,,13.74,1614.03
ORD103763,11-09-2025,Flipkart,Home & Furniture,Decor,Nikon Decor Z917,Nikon,1,3759,3759,0,3759,UPI,Delivered,2,CUST6198,Jayan Som,Male,33,Noida,Uttar Pradesh,3.4,,17.62,850.51
ORD103304,23-07-2025,Myntra,Personal Care,Skincare,Campus Skincare X795,Campus,4,3361,13444,40,8066.4,UPI,Delivered,2,CUST3253,Alia Yogi,Female,23,Noida,Uttar Pradesh,1.8,,13.88,882.33
ORD104912,19-03-2024,Amazon,Baby Products,Feeding Supplies,Philips Feeding Supplies Z274,Philips,4,1906,7624,15,6480.4,COD,Delivered,6,CUST8442,Neysa Rout,Female,41,Mumbai,Maharashtra,4.7,,11.86,1395.3
ORD103743,02-01-2023,Amazon,Baby Products,Diapers,Levis Diapers X349,Levis,2,1004,2008,0,2008,UPI,Delivered,9,CUST5463,Ishita Sanghvi,Male,15,Bengaluru,Karnataka,4.4,,13.63,542.02
ORD103445,03-07-2024,Myntra,Accessories,Bags,Baggit Bags Z628,Baggit,2,6613,13226,0,13226,UPI,Delivered,2,CUST5165,Diya Halder,Male,16,Mumbai,Maharashtra,2.5,,14.41,2749.36
ORD101998,04-03-2024,Myntra,Personal Care,Fragrances,Adidas Fragrances X689,Adidas,2,3807,7614,25,5710.5,UPI,Delivered,3,CUST7846,Shray Varma,Male,60,Pune,Maharashtra,2.2,,10.87,1120.4
ORD100663,27-04-2025,Myntra,Clothing,Ethnic Wear,Biba Ethnic Wear Z132,Biba,3,4320,12960,0,12960,UPI,Delivered,3,CUST8838,Darshit Tak,Male,59,Surat,Gujarat,2.8,,10,2718.13
ORD104779,18-03-2025,Myntra,Home & Living,Kitchenware,Prestige Kitchenware M660,Prestige,1,3874,3874,15,3292.9,UPI,Returned,3,CUST5828,Heer Sama,Female,26,Surat,Gujarat,3,Changed mind,15.73,686.42
ORD103748,01-09-2025,Amazon,Sports & Outdoors,Sportswear,Nike Sportswear S897,Nike,1,5462,5462,20,4369.6,UPI,Delivered,2,CUST2847,Kiara Hans,Male,52,Madurai,Tamil Nadu,3.9,,7.18,711
ORD104413,16-07-2023,Amazon,Beauty & Personal Care,Grooming,Philips Grooming X544,Philips,2,3407,6814,10,6132.6,Credit Card,Delivered,6,CUST7527,Vedika Tak,Male,50,Bengaluru,Karnataka,3.6,,6.57,505.51
ORD104744,17-03-2025,Amazon,Electronics,Computers,HP Computers X896,HP,1,68313,68313,5,64897.35,Debit Card,Delivered,1,CUST7358,Damini Jaggi,Male,28,Coimbatore,Tamil Nadu,4.5,,4.57,7556.24
ORD100709,03-11-2024,Max,Plus Size,Plus Bottoms,Samsung Plus Bottoms M982,Samsung,2,5209,10418,0,10418,COD,Cancelled,7,CUST7808,Anya Kamdar,Female,26,Kolkata,West Bengal,2.9,,17.07,2320.27
ORD101282,08-07-2024,Amazon,Beauty & Personal Care,Healthcare,Patanjali Healthcare S884,Patanjali,3,935,2805,5,2664.75,UPI,Delivered,5,CUST4444,Aaina Agate,Female,38,Surat,Gujarat,4.7,,14.15,367.55
ORD102675,27-02-2023,Myntra,Accessories,Watches,Fastrack Watches X937,Fastrack,2,1603,3206,15,2725.1,COD,Returned,4,CUST4568,Ranbir Yogi,Female,25,Mumbai,Maharashtra,1.8,Size issue,7.87,380.12
ORD104029,25-07-2023,Amazon,Beauty & Personal Care,Grooming,HUL Grooming S302,HUL,3,756,2268,5,2154.6,COD,Delivered,9,CUST1519,Riya Kata,Male,65,Ahmedabad,Gujarat,3.9,,6.71,421.81
ORD101306,22-08-2023,Amazon,Groceries,Essentials,Portico Essentials X452,Portico,3,5720,17160,5,16302,Credit Card,Delivered,11,CUST4558,Aarav Loke,Female,30,Lucknow,Uttar Pradesh,4.7,,13.81,1290.48
ORD102237,11-12-2024,Flipkart,Electronics,Mobiles,Xiaomi Mobiles S552,Xiaomi,1,41030,41030,10,36927,UPI,Delivered,8,CUST5185,Lavanya Varty,Female,61,Nagpur,Maharashtra,2.6,,7.65,4289.61
ORD103302,09-02-2024,Amazon,Sports & Outdoors,Fitness,Decathlon Fitness Z366,Decathlon,3,46134,138402,15,117641.7,UPI,Delivered,7,CUST9148,Yashvi Cherian,Male,29,Vadodara,Gujarat,4.5,,7.68,18967.31
ORD102038,21-12-2023,Amazon,Fashion,Bags,Wildcraft Bags X879,Wildcraft,4,2032,8128,40,4876.8,UPI,Delivered,11,CUST7653,Kaira Hans,Female,32,Ahmedabad,Gujarat,4.2,,6.63,609.19
ORD101529,01-04-2025,Myntra,Footwear,Formal,Red Tape Formal S323,Red Tape,4,5421,21684,10,19515.6,UPI,Delivered,3,CUST7456,Anika Cheema,Female,44,Noida,Uttar Pradesh,2,,13.07,2705.35
ORD101663,10-02-2025,Max,Women's Fashion,Winter Wear,Home Centre Winter Wear S188,Home Centre,2,5434,10868,15,9237.8,Debit Card,Delivered,5,CUST5341,Nirvaan Mander,Male,21,Mysuru,Karnataka,1.2,,15.08,788.7
ORD104934,04-07-2023,Max,Women's Fashion,Bottoms,Sony Bottoms X125,Sony,3,2837,8511,15,7234.35,Wallet,Returned,6,CUST4407,Adah Gole,Female,49,Amritsar,Punjab,1.3,,15.8,1712.85
ORD104953,25-09-2023,Amazon,Fashion,Jewelry,Tanishq Jewelry X570,Tanishq,2,35788,71576,15,60839.6,Wallet,Delivered,12,CUST7757,Pranay Saxena,Male,23,Bengaluru,Karnataka,4.5,,8.22,18022.04
ORD103627,28-04-2023,Myntra,Footwear,Formal,Red Tape Formal X443,Red Tape,1,5780,5780,15,4913,Wallet,Delivered,12,CUST6906,Ojas Shere,Male,24,Noida,Uttar Pradesh,2.3,,8.47,640.57
ORD102693,14-08-2025,Flipkart,Beauty & Personal Care,Grooming,Philips Grooming S840,Philips,4,5056,20224,0,20224,UPI,Returned,5,CUST3300,Aayush Bhargava,Male,23,Pune,Maharashtra,4.3,,13.97,4858.23
ORD103060,05-10-2024,Myntra,Clothing,Western Wear,Roadster Western Wear X270,Roadster,1,866,866,20,692.8,Credit Card,Delivered,2,CUST6629,Vanya Dey,Female,36,Mumbai,Maharashtra,1.7,,6.32,80.05
ORD101597,02-05-2025,Amazon,Electronics,Televisions,Samsung Televisions S707,Samsung,1,133958,133958,0,133958,Credit Card,Delivered,3,CUST2060,Nishith Sahni,Female,30,Chennai,Tamil Nadu,4.2,,6.56,12729.52
ORD102729,25-05-2025,Max,Men's Fashion,T-Shirts,Puma T-Shirts Z858,Puma,3,2859,8577,40,5146.2,UPI,Delivered,4,CUST2101,Jiya Chad,Male,47,Nagpur,Maharashtra,3.2,,17.09,681.39
ORD102625,03-07-2024,Myntra,Footwear,Sports,LG Sports M875,LG,2,1563,3126,10,2813.4,UPI,Delivered,8,CUST9602,Anahi Sankar,Male,30,Kanpur,Uttar Pradesh,2.3,,4.81,357.7
ORD103157,02-02-2025,Amazon,Sports & Outdoors,Fitness,HRX Fitness M134,HRX,2,48912,97824,10,88041.6,UPI,Returned,3,CUST7327,Divij Sahota,Male,34,Surat,Gujarat,2.9,Size issue,15.97,25850.35
ORD103314,12-07-2023,Flipkart,Beauty & Personal Care,Grooming,HUL Grooming Z420,HUL,1,2621,2621,10,2358.9,Credit Card,Delivered,10,CUST6283,Parinaaz Dalal,Male,28,Surat,Gujarat,2.9,,10.98,350.3
ORD101722,27-05-2023,Amazon,Electronics,Cameras,Sony Cameras S852,Sony,1,43913,43913,0,43913,COD,Delivered,7,CUST7882,Amira Barad,Male,31,Jaipur,Rajasthan,4,,10.12,2808.55
ORD101059,19-01-2023,Amazon,Baby Products,Feeding Supplies,Adidas Feeding Supplies X554,Adidas,3,4188,12564,0,12564,Credit Card,In Transit,11,CUST3254,Riaan Date,Male,23,Noida,Uttar Pradesh,5,,13.5,2881.69
ORD104636,21-08-2025,Max,Accessories,Bags,Baggit Bags X146,Baggit,1,2188,2188,10,1969.2,UPI,Delivered,5,CUST3053,Pari Bhardwaj,Male,47,Pune,Maharashtra,1.7,,5.39,506.3
ORD103242,11-05-2025,Amazon,Groceries,Fresh Produce,LocalFarm Fresh Produce M952,LocalFarm,2,1276,2552,5,2424.4,UPI,Delivered,2,CUST6348,Dhanuk Sanghvi,Female,64,Kolkata,West Bengal,3.5,,6.86,152.53
ORD101678,07-08-2024,Flipkart,Fashion,Footwear,Roadster Footwear Z156,Roadster,2,1290,2580,30,1806,COD,Delivered,5,CUST9852,Jivika Kohli,Female,44,Howrah,West Bengal,3,,14.05,494.9
ORD101757,27-11-2023,Amazon,Sports & Outdoors,Outdoor Gear,Sony Outdoor Gear M570,Sony,3,4756,14268,10,12841.2,COD,Delivered,10,CUST9903,Pihu Toor,Male,44,Noida,Uttar Pradesh,4.5,,16.5,3251.6
ORD104191,01-11-2023,Amazon,Home & Kitchen,Appliances,IFB Appliances X737,IFB,1,11630,11630,10,10467,COD,Delivered,7,CUST2628,Veer Srinivasan,Male,36,Bengaluru,Karnataka,5,,14.34,1334.61
ORD100563,13-07-2023,Flipkart,Grocery,Essentials,Himalaya Essentials S970,Himalaya,1,3117,3117,10,2805.3,Wallet,Delivered,12,CUST7066,Trisha Tara,Male,39,Mumbai,Maharashtra,2.3,,12.76,180.15
ORD102790,03-07-2025,Amazon,Electronics,Televisions,Sony Televisions M890,Sony,1,91719,91719,5,87133.05,UPI,Delivered,4,CUST8889,Amani Khare,Female,21,Noida,Uttar Pradesh,4.4,,7.14,9707.72
ORD100863,06-04-2023,Flipkart,Electronics,Computers,HP Computers X767,HP,1,78262,78262,10,70435.8,COD,Delivered,8,CUST9802,Tanya Mahal,Male,16,Bengaluru,Karnataka,4.3,,9.57,8874.42
ORD101484,08-08-2023,Flipkart,"Books, Sports & Gaming",Books,HarperCollins Books M281,HarperCollins,1,1232,1232,5,1170.4,UPI,Delivered,12,CUST4804,Badal Bali,Female,22,New Delhi,Delhi,3.5,,17.02,170.41
ORD100206,02-06-2024,Amazon,Fashion,Watches,Fastrack Watches Z219,Fastrack,3,11883,35649,25,26736.75,UPI,Delivered,6,CUST8548,Gatik Kale,Male,62,Noida,Uttar Pradesh,3.6,,8.76,6701.08
ORD104488,11-11-2023,Amazon,Groceries,Snacks,Lakme Snacks S775,Lakme,3,1744,5232,0,5232,UPI,Cancelled,4,CUST3818,Anika Chacko,Male,29,Chennai,Tamil Nadu,4,,10.92,371.36
ORD100870,29-01-2023,Amazon,Groceries,Snacks,Wildcraft Snacks Z479,Wildcraft,3,2647,7941,10,7146.9,COD,Delivered,7,CUST4266,Shalv Seshadri,Female,37,New Delhi,Delhi,3.9,,16.83,334.3
ORD104493,07-10-2024,Amazon,Groceries,Fresh Produce,LocalFarm Fresh Produce S402,LocalFarm,4,1478,5912,0,5912,UPI,Delivered,6,CUST9076,Shaan Ramanathan,Male,32,Kolkata,West Bengal,3.1,,8.93,266.41
ORD100502,05-10-2023,Myntra,Clothing,Ethnic Wear,Biba Ethnic Wear Z884,Biba,4,4145,16580,25,12435,Debit Card,Delivered,3,CUST1296,Aniruddh Bhat,Female,26,Ahmedabad,Gujarat,2.2,,11.48,3348.31
ORD101028,01-03-2024,Amazon,Sports & Outdoors,Sportswear,Nike Sportswear Z586,Nike,4,4185,16740,15,14229,Wallet,Delivered,7,CUST1549,Adah Dutta,Male,53,Kanpur,Uttar Pradesh,4.7,,11.25,3044.5
ORD103840,28-12-2024,Flipkart,Beauty & Personal Care,Grooming,HUL Grooming Z479,HUL,3,1931,5793,5,5503.35,Credit Card,Delivered,8,CUST6029,Kartik Brahmbhatt,Female,35,Bengaluru,Karnataka,2.9,,5.74,853.93
ORD102690,10-05-2024,Max,Women's Fashion,Tops,OnePlus Tops Z550,OnePlus,4,3967,15868,5,15074.6,COD,Delivered,7,CUST3013,Rhea Deo,Male,59,Surat,Gujarat,2.5,,7.79,4153.71
ORD101570,16-09-2025,Myntra,Personal Care,Skincare,HRX Skincare M137,HRX,2,5007,10014,30,7009.8,UPI,Delivered,4,CUST8438,Indranil Dada,Male,20,New Delhi,Delhi,1.5,,9.24,1376.87
ORD102773,01-12-2024,Max,Accessories,Seasonal,HRX Seasonal Z896,HRX,4,3676,14704,5,13968.8,UPI,Delivered,3,CUST5848,Lavanya Seshadri,Female,27,Madurai,Tamil Nadu,2,,10.62,2424.03
ORD102731,29-05-2025,Amazon,Groceries,Essentials,Campus Essentials S381,Campus,3,5093,15279,5,14515.05,UPI,Delivered,1,CUST8428,Aarav Gandhi,Female,21,Ahmedabad,Gujarat,2.7,,14.22,464.94
ORD100804,20-05-2025,Max,Accessories,Bags,Wildcraft Bags Z366,Wildcraft,4,6345,25380,30,17766,UPI,In Transit,5,CUST1500,Rati Dhar,Male,43,Kolkata,West Bengal,1.5,,8.06,4006.71
ORD103645,02-01-2024,Flipkart,Automotive,Spare Parts,W Spare Parts X720,W,2,14823,29646,5,28163.7,UPI,Delivered,4,CUST9224,Mamooty Cherian,Male,15,Lucknow,Uttar Pradesh,3.4,,17.11,8071.27
ORD102454,02-10-2024,Amazon,Sports & Outdoors,Outdoor Gear,Apple Outdoor Gear Z701,Apple,1,1239,1239,5,1177.05,Wallet,Delivered,4,CUST8998,Indranil Choudhury,Male,18,Mumbai,Maharashtra,5,,11.52,250.94
ORD104598,25-09-2025,Amazon,Home & Kitchen,Furniture,Nilkamal Furniture Z220,Nilkamal,1,21429,21429,25,16071.75,UPI,Delivered,4,CUST5773,Shalv Raju,Female,26,Kolkata,West Bengal,3.4,,6.01,1657.6
ORD103104,12-05-2023,Flipkart,"Books, Sports & Gaming",Sporting Goods,Patanjali Sporting Goods X945,Patanjali,2,3961,7922,10,7129.8,COD,Delivered,3,CUST4885,Amira Sodhi,Female,58,Ahmedabad,Gujarat,3.9,,14.93,886.54
ORD104875,27-12-2024,Flipkart,Fashion,Footwear,H&M Footwear M804,H&M,4,888,3552,30,2486.4,Credit Card,Delivered,7,CUST8113,Emir Ghosh,Female,57,Ahmedabad,Gujarat,2.4,,14.94,316.11
ORD100200,25-11-2024,Flipkart,Grocery,Fresh,Tanishq Fresh X390,Tanishq,4,1240,4960,15,4216,Credit Card,Delivered,7,CUST5170,Dharmajan Saxena,Female,62,Chennai,Tamil Nadu,4.2,,12.07,216.17
ORD103099,15-12-2023,Amazon,Beauty & Personal Care,Makeup,Lakme Makeup X940,Lakme,3,723,2169,0,2169,Debit Card,Delivered,12,CUST8261,Anay Hora,Male,58,Mumbai,Maharashtra,4.1,,9.29,607.94
ORD102278,17-08-2024,Amazon,Groceries,Gourmet Foods,Loreal Gourmet Foods Z367,Loreal,3,1203,3609,0,3609,UPI,Delivered,2,CUST3336,Anay Chhabra,Male,18,Ahmedabad,Gujarat,3.6,,9.45,164.44
ORD103561,14-06-2025,Flipkart,Electronics,Computers,Dell Computers M437,Dell,1,132577,132577,10,119319.3,UPI,In Transit,6,CUST2273,Zain Srinivasan,Male,61,Bengaluru,Karnataka,2.9,,6.39,15672.27
ORD104474,09-12-2023,Amazon,Beauty & Personal Care,Makeup,Lakme Makeup Z494,Lakme,4,2390,9560,0,9560,COD,Delivered,6,CUST2001,Aaryahi Bansal,Female,42,Kolkata,West Bengal,4.7,,14.19,1083.6
ORD104514,06-05-2024,Amazon,Baby Products,Apparel,Decathlon Apparel M683,Decathlon,3,1694,5082,5,4827.9,UPI,In Transit,3,CUST8040,Madhup Sura,Female,27,Noida,Uttar Pradesh,3.7,,4.68,1196.92
ORD100391,25-06-2025,Amazon,Groceries,Essentials,Roadster Essentials X443,Roadster,2,1484,2968,0,2968,UPI,Delivered,6,CUST6209,Purab Jaggi,Male,43,Amritsar,Punjab,4.2,,5.86,115.06
ORD101495,20-02-2025,Flipkart,Grocery,Essentials,Microsoft Essentials X359,Microsoft,2,826,1652,0,1652,COD,Delivered,5,CUST2691,Jivika Samra,Female,26,Kanpur,Uttar Pradesh,2.9,,5.71,114.49
ORD102695,18-11-2023,Myntra,Personal Care,Haircare,IFB Haircare X959,IFB,3,3803,11409,5,10838.55,Debit Card,Delivered,7,CUST8858,Yashvi Balay,Female,28,Madurai,Tamil Nadu,2.7,,12.63,2311.5
ORD102027,22-12-2024,Amazon,Sports & Outdoors,Fitness,HRX Fitness S346,HRX,2,2642,5284,10,4755.6,UPI,Delivered,6,CUST4353,Seher Singhal,Female,30,Surat,Gujarat,3.6,,4.1,1150.29
ORD102568,28-10-2023,Amazon,Books,Books,Penguin Books X897,Penguin,3,260,780,0,780,UPI,Delivered,3,CUST5747,Devansh Kapur,Male,32,Ahmedabad,Gujarat,5,,12.72,105.15
ORD100064,17-09-2025,Myntra,Personal Care,Haircare,Only Haircare S449,Only,4,2991,11964,10,10767.6,UPI,Delivered,6,CUST1298,Kavya Chand,Female,55,New Delhi,Delhi,2.4,,13.39,2065.95
ORD103884,04-02-2023,Amazon,Sports & Outdoors,Fitness,HRX Fitness Z118,HRX,3,40071,120213,5,114202.35,Wallet,Delivered,8,CUST5597,Shamik Warrior,Male,65,Mangalore,Karnataka,2.6,,8.17,10718.56
ORD102062,04-01-2023,Max,Plus Size,Plus Bottoms,Red Tape Plus Bottoms Z426,Red Tape,3,312,936,15,795.6,UPI,Delivered,7,CUST9993,Tejas Lalla,Male,40,Kanpur,Uttar Pradesh,2.6,,12.75,140.14
ORD100492,30-04-2024,Amazon,Baby Products,Diapers,Wildcraft Diapers S623,Wildcraft,4,2316,9264,0,9264,UPI,Delivered,6,CUST1354,Taimur Rajan,Male,55,Bengaluru,Karnataka,3.7,,12.64,1622.29
ORD100379,27-02-2025,Amazon,Books,Stationery,Sony Stationery Z839,Sony,4,1208,4832,25,3624,Wallet,Delivered,6,CUST9451,Ryan Wason,Female,46,Ahmedabad,Gujarat,3.2,,14.49,496.24
ORD104859,09-05-2023,Amazon,Books,Stationery,Microsoft Stationery S406,Microsoft,4,1662,6648,0,6648,COD,Delivered,5,CUST2200,Taimur Goyal,Male,61,Kanpur,Uttar Pradesh,4.1,,9.35,655.81
ORD103993,30-04-2023,Flipkart,Electronics,Mobiles,Samsung Mobiles M467,Samsung,1,69917,69917,20,55933.6,COD,Delivered,3,CUST6878,Ehsaan Rege,Male,59,Chennai,Tamil Nadu,2.6,,5.56,8463.88
ORD104887,28-02-2023,Max,Plus Size,Plus Tops,Adidas Plus Tops Z575,Adidas,1,4870,4870,10,4383,Credit Card,Delivered,9,CUST1354,Parinaaz Kohli,Female,38,Pune,Maharashtra,3.3,,11.85,1086.95
ORD101076,08-07-2025,Flipkart,Electronics,Home Electronics,Lakme Home Electronics Z914,Lakme,2,2658,5316,5,5050.2,UPI,Delivered,4,CUST4127,Baiju Biswas,Male,26,Kolkata,West Bengal,3.2,,4.56,716.4
ORD100878,05-04-2025,Flipkart,Electronics,Computers,Lenovo Computers S836,Lenovo,1,36182,36182,5,34372.9,UPI,Delivered,4,CUST8940,Anahita Bajwa,Female,52,Kolkata,West Bengal,3.6,,12.41,2551.96
ORD100337,20-11-2024,Amazon,Electronics,Mobiles,Realme Mobiles M189,Realme,1,46680,46680,5,44346,UPI,Delivered,4,CUST6910,Yashvi Guha,Male,30,Surat,Gujarat,3.5,,12.66,7831.94
ORD101016,15-12-2023,Flipkart,Grocery,Fresh,Red Tape Fresh M507,Red Tape,3,4318,12954,5,12306.3,Credit Card,Delivered,8,CUST3816,Trisha Saran,Female,25,Mumbai,Maharashtra,2.9,,10.69,618.1
ORD101275,18-10-2024,Flipkart,Electronics,Home Electronics,Nike Home Electronics X187,Nike,2,4696,9392,0,9392,Credit Card,Delivered,7,CUST2806,Zeeshan Chacko,Male,37,Kochi,Kerala,3.2,,11.06,693.87
ORD103798,27-10-2024,Flipkart,Home & Furniture,Kitchen Appliances,Levis Kitchen Appliances Z456,Levis,1,1905,1905,5,1809.75,Debit Card,In Transit,2,CUST7401,Himmat Kanda,Male,28,Kolkata,West Bengal,3.2,,16.4,328.86
ORD104551,16-09-2025,Myntra,Home & Living,Decor,MotherCare Decor X306,MotherCare,4,420,1680,5,1596,UPI,Delivered,3,CUST5930,Aaina Choudhury,Male,44,Chennai,Tamil Nadu,1.8,,16,396.21
ORD103342,07-09-2025,Flipkart,Beauty & Personal Care,Makeup,Lakme Makeup X648,Lakme,2,1185,2370,5,2251.5,UPI,Delivered,2,CUST5051,Heer Tara,Female,20,Ahmedabad,Gujarat,2.7,,10.29,375.81
ORD104911,03-03-2024,Flipkart,"Books, Sports & Gaming",Sporting Goods,Portronics Sporting Goods X537,Portronics,3,464,1392,10,1252.8,UPI,Delivered,7,CUST3591,Keya Ramakrishnan,Male,25,Kolkata,West Bengal,3.8,,14.06,236.56
ORD100995,31-10-2023,Myntra,Accessories,Watches,Titan Watches X559,Titan,1,2848,2848,5,2705.6,COD,Delivered,9,CUST4046,Navya Sane,Female,37,Ahmedabad,Gujarat,2.1,,17.74,748.29
ORD101981,25-12-2024,Amazon,Baby Products,Diapers,Sony Diapers X132,Sony,3,5282,15846,5,15053.7,Credit Card,Delivered,3,CUST1166,Siya Sani,Male,27,Thiruvananthapuram,Kerala,4.1,,13.26,2183.99
ORD104297,31-05-2025,Amazon,Books,Stationery,Adidas Stationery S381,Adidas,1,1174,1174,5,1115.3,UPI,In Transit,1,CUST6806,Miraya Swaminathan,Male,45,Coimbatore,Tamil Nadu,3.9,,9.9,136.89
ORD100161,11-10-2023,Amazon,Groceries,Gourmet Foods,LocalFarm Gourmet Foods Z854,LocalFarm,1,4085,4085,15,3472.25,UPI,Delivered,3,CUST5250,Seher Rau,Male,34,Noida,Uttar Pradesh,3.5,,13.18,277.34
ORD104798,25-09-2024,Amazon,Baby Products,Feeding Supplies,HomeTown Feeding Supplies M675,HomeTown,1,3725,3725,0,3725,COD,In Transit,6,CUST5018,Ivana Kurian,Male,34,Thiruvananthapuram,Kerala,3.3,,11.02,466.36
ORD101500,09-01-2023,Myntra,Accessories,Wallets,Puma Wallets X834,Puma,4,2267,9068,0,9068,COD,Delivered,10,CUST9146,Damini Mannan,Female,58,Jaipur,Rajasthan,2.2,,6.21,2514.61
ORD103843,29-05-2023,Amazon,Baby Products,Diapers,Campus Diapers Z672,Campus,1,3108,3108,15,2641.8,UPI,Delivered,5,CUST2453,Aayush Kant,Male,56,Kozhikode,Kerala,3.9,,9.12,237.03
ORD102613,17-10-2023,Flipkart,Home & Furniture,Decor,LocalFarm Decor S237,LocalFarm,3,379,1137,5,1080.15,Credit Card,Delivered,12,CUST2270,Riaan Tata,Female,18,New Delhi,Delhi,3.2,,14.63,287.71
ORD103461,08-11-2023,Flipkart,Fashion,Apparel,LG Apparel M941,LG,2,4737,9474,10,8526.6,COD,Delivered,4,CUST7874,Ivana Bains,Male,27,Vadodara,Gujarat,2.9,,13.36,1463.76
ORD101021,03-08-2025,Myntra,Personal Care,Skincare,HRX Skincare Z774,HRX,4,1865,7460,20,5968,Credit Card,Cancelled,3,CUST5446,Chirag Sen,Female,19,Kozhikode,Kerala,1.9,,7.2,705.19
ORD103073,09-03-2025,Flipkart,Automotive,Spare Parts,Red Tape Spare Parts S622,Red Tape,3,12347,37041,5,35188.95,UPI,Delivered,6,CUST8933,Emir Barad,Female,49,Bengaluru,Karnataka,3.1,,13.91,3055.23
ORD103943,03-12-2024,Myntra,Home & Living,Decor,BigBasket Decor S329,BigBasket,2,2957,5914,15,5026.9,COD,Delivered,4,CUST3973,Saksham Vyas,Female,27,Pune,Maharashtra,3,,13.34,1053.52
ORD101585,11-05-2025,Flipkart,Electronics,Mobiles,Xiaomi Mobiles S641,Xiaomi,1,43859,43859,15,37280.15,UPI,Delivered,6,CUST5020,Nehmat Rama,Male,32,New Delhi,Delhi,3,,5.59,6513.59
ORD101955,12-05-2025,Amazon,Electronics,Mobiles,OnePlus Mobiles X998,OnePlus,1,14818,14818,15,12595.3,UPI,Delivered,3,CUST4412,Riya Kulkarni,Male,29,Ludhiana,Punjab,4.6,,4.19,1221.59
ORD103152,21-06-2025,Max,Accessories,Shoes,Bata Shoes Z945,Bata,1,1498,1498,5,1423.1,Debit Card,Delivered,3,CUST5958,Inaaya  Ganesh,Male,25,Mumbai,Maharashtra,1.8,,12.25,133.17
ORD100034,28-08-2023,Max,Accessories,Seasonal,Campus Seasonal Z548,Campus,2,5244,10488,25,7866,COD,Delivered,12,CUST7594,Vihaan Dugar,Male,22,Kanpur,Uttar Pradesh,2.9,,10.56,1155.52
ORD104014,17-11-2023,Amazon,Baby Products,Diapers,Samsung Diapers Z316,Samsung,3,2278,6834,0,6834,UPI,In Transit,8,CUST5662,Farhan Deol,Male,23,Noida,Uttar Pradesh,3.4,,5.62,1066.58
ORD100775,11-02-2025,Flipkart,"Books, Sports & Gaming",Gaming,Microsoft Gaming M282,Microsoft,1,49396,49396,5,46926.2,Wallet,Delivered,6,CUST6959,Divit Seshadri,Male,30,Kolkata,West Bengal,2.9,,8.75,9827.79
ORD102556,13-03-2024,Amazon,Beauty & Personal Care,Healthcare,Himalaya Healthcare S342,Himalaya,2,609,1218,0,1218,UPI,Delivered,2,CUST2398,Ojas Lall,Male,45,Pune,Maharashtra,3.9,,4.11,263.62
ORD101478,23-10-2023,Amazon,Books,Stationery,HUL Stationery S799,HUL,3,548,1644,5,1561.8,UPI,In Transit,4,CUST4342,Divyansh Arya,Female,28,New Delhi,Delhi,4.5,,15.29,212.61
ORD101363,15-01-2024,Myntra,Personal Care,Fragrances,Portronics Fragrances Z812,Portronics,4,335,1340,30,938,UPI,Delivered,5,CUST4888,Eva Ganesan,Female,63,Bengaluru,Karnataka,3.1,,4.07,255.38
ORD102612,07-07-2023,Flipkart,Home & Furniture,Decor,FabIndia Decor Z635,FabIndia,4,2526,10104,5,9598.8,Credit Card,Returned,7,CUST5345,Tanya Doshi,Female,34,Nagpur,Maharashtra,2.4,Other,4.35,1525.55
ORD102824,21-02-2025,Myntra,Home & Living,Furnishings,Home Centre Furnishings X593,Home Centre,1,12639,12639,5,12007.05,Credit Card,Delivered,3,CUST9456,Myra Agrawal,Female,41,Ahmedabad,Gujarat,2.3,,5.27,1141.57
ORD102041,09-12-2023,Myntra,Clothing,Western Wear,Roadster Western Wear X897,Roadster,3,4227,12681,5,12046.95,COD,Delivered,11,CUST2930,Alia Doctor,Male,33,Madurai,Tamil Nadu,1.2,,14.66,1857.84
ORD100241,07-11-2023,Flipkart,Automotive,Spare Parts,Roadster Spare Parts S614,Roadster,2,787,1574,25,1180.5,UPI,Delivered,12,CUST6886,Neelofar Ram,Male,19,Mumbai,Maharashtra,3.5,,7.25,272.96
ORD102061,14-05-2023,Amazon,Books,Books,HarperCollins Books X840,HarperCollins,4,1514,6056,0,6056,Wallet,Delivered,8,CUST9954,Rania Kumar,Male,27,Noida,Uttar Pradesh,4,,15.05,911.58
ORD102363,13-03-2025,Myntra,Home & Living,Furnishings,Portico Furnishings Z671,Portico,2,10761,21522,25,16141.5,UPI,Delivered,4,CUST3313,Ela Gandhi,Female,30,Kanpur,Uttar Pradesh,3.7,,5.15,1838.93
ORD100600,30-09-2023,Amazon,Baby Products,Feeding Supplies,HP Feeding Supplies M762,HP,4,497,1988,0,1988,Credit Card,In Transit,4,CUST7911,Suhana Kala,Female,44,Kolkata,West Bengal,5,,9.05,453.21
ORD102435,06-03-2024,Amazon,Sports & Outdoors,Fitness,Decathlon Fitness X818,Decathlon,4,8238,32952,0,32952,COD,Delivered,7,CUST7336,Raunak Raj,Female,40,Mangalore,Karnataka,3.5,,7.39,9282.9
ORD102888,17-04-2025,Flipkart,Automotive,Spare Parts,BigBasket Spare Parts X567,BigBasket,4,10769,43076,20,34460.8,UPI,Returned,1,CUST2721,Saira Borde,Female,59,Pune,Maharashtra,1.7,Changed mind,13.85,10273.12
ORD100646,05-10-2025,Amazon,Beauty & Personal Care,Healthcare,Patanjali Healthcare X129,Patanjali,1,595,595,0,595,Debit Card,Delivered,2,CUST5276,Lavanya Lall,Male,65,Bengaluru,Karnataka,4.4,,15.46,49.03
ORD103890,24-07-2023,Flipkart,Grocery,Essentials,Roadster Essentials Z716,Roadster,4,2110,8440,25,6330,Wallet,Delivered,11,CUST4788,Mamooty Goyal,Female,44,Kozhikode,Kerala,3.2,,5.78,262.92
ORD103556,08-02-2023,Max,Women's Fashion,Dresses,H&M Dresses S253,H&M,4,1345,5380,40,3228,COD,Delivered,11,CUST1887,Hridaan Chandran,Female,15,Kolkata,West Bengal,1.1,,14.5,689.02
ORD103202,25-02-2023,Myntra,Footwear,Casual,Sparx Casual X251,Sparx,4,606,2424,30,1696.8,Credit Card,Delivered,9,CUST4390,Anay Shanker,Male,49,Lucknow,Uttar Pradesh,2.9,,14.64,350.26
ORD101528,08-01-2025,Flipkart,Fashion,Footwear,Samsung Footwear X146,Samsung,3,4730,14190,0,14190,UPI,Delivered,3,CUST5219,Krish Chhabra,Female,16,Lucknow,Uttar Pradesh,3,,16.32,1817.07
ORD101267,27-03-2023,Flipkart,Beauty & Personal Care,Grooming,HUL Grooming Z455,HUL,2,424,848,20,678.4,COD,Delivered,5,CUST9697,Parinaaz Bal,Female,23,Chennai,Tamil Nadu,3,,7.09,137.68
ORD101899,10-05-2024,Myntra,Home & Living,Decor,Roadster Decor X330,Roadster,2,3505,7010,25,5257.5,UPI,Returned,6,CUST4360,Vaibhav Kaul,Female,24,Chennai,Tamil Nadu,1,Other,16.29,1529.58
ORD104658,21-02-2025,Max,Accessories,Shoes,Adidas Shoes X636,Adidas,3,6433,19299,25,14474.25,UPI,Delivered,5,CUST9507,Riaan Mangat,Male,62,Kochi,Kerala,1.9,,17.61,4303.44
ORD103005,21-05-2024,Myntra,Footwear,Formal,Red Tape Formal Z212,Red Tape,1,7597,7597,15,6457.45,UPI,Delivered,5,CUST1459,Dhanuk Chada,Female,37,Noida,Uttar Pradesh,2.8,,12.8,1108.54
ORD102734,09-05-2025,Myntra,Home & Living,Furnishings,Home Centre Furnishings M183,Home Centre,2,2999,5998,15,5098.3,Credit Card,Returned,6,CUST5279,Hazel Bhargava,Male,16,Noida,Uttar Pradesh,1.5,Late delivery,17.76,987.52
ORD100189,05-02-2024,Myntra,Home & Living,Decor,Red Tape Decor S264,Red Tape,1,3336,3336,15,2835.6,COD,Returned,6,CUST6633,Trisha Gopal,Male,26,Bengaluru,Karnataka,1,Size issue,8.27,693.66
ORD101806,21-05-2025,Max,Accessories,Seasonal,Bosch Seasonal M294,Bosch,3,4918,14754,10,13278.6,Debit Card,Delivered,3,CUST3362,Madhup Brar,Male,24,Noida,Uttar Pradesh,1.9,,8.92,2605.79
ORD100975,04-10-2025,Max,Accessories,Seasonal,Titan Seasonal M490,Titan,2,392,784,30,548.8,Debit Card,Cancelled,6,CUST4676,Aarna Subramanian,Female,17,Jaipur,Rajasthan,2.3,,10.01,134.63
ORD102747,07-09-2023,Amazon,Electronics,Mobiles,Xiaomi Mobiles M609,Xiaomi,1,75693,75693,0,75693,Credit Card,Delivered,9,CUST1814,Myra Bobal,Male,21,Nagpur,Maharashtra,5,,7.04,6143.59
ORD102047,28-11-2024,Amazon,Beauty & Personal Care,Grooming,HUL Grooming S523,HUL,4,1606,6424,0,6424,UPI,Delivered,3,CUST8889,Seher Barad,Male,21,Surat,Gujarat,3.4,,8.02,780.24
ORD102558,07-10-2023,Myntra,Clothing,Kids Wear,Canon Kids Wear Z299,Canon,4,831,3324,25,2493,UPI,Delivered,5,CUST3638,Kiaan Varghese,Male,29,Kolkata,West Bengal,2.8,,8.06,411.24
ORD101082,04-03-2025,Myntra,Footwear,Sports,Samsung Sports Z800,Samsung,4,922,3688,10,3319.2,UPI,In Transit,2,CUST6286,Yuvaan Gola,Male,65,New Delhi,Delhi,1.5,,5.85,337.8
ORD100474,04-10-2025,Flipkart,Automotive,Accessories,JBL Accessories X804,JBL,1,1147,1147,15,974.95,UPI,Delivered,6,CUST7043,Lagan Sandhu,Female,49,Kolkata,West Bengal,2.9,,6.68,271.52
ORD102904,11-09-2024,Amazon,Beauty & Personal Care,Healthcare,Patanjali Healthcare M562,Patanjali,3,478,1434,0,1434,Debit Card,Returned,5,CUST5509,Kashvi Kanda,Female,48,Ahmedabad,Gujarat,3.8,,5.84,223
ORD104843,23-10-2023,Myntra,Home & Living,Kitchenware,Hawkins Kitchenware M753,Hawkins,2,4602,9204,10,8283.6,Wallet,Returned,8,CUST4141,Shaan Chahal,Female,28,Chennai,Tamil Nadu,2.6,,11,1836.65
ORD104117,12-07-2025,Myntra,Clothing,Ethnic Wear,FabIndia Ethnic Wear X208,FabIndia,2,2321,4642,5,4409.9,UPI,Delivered,2,CUST4479,Anahita Anne,Male,31,New Delhi,Delhi,1.5,,11.73,806.17
ORD103385,09-09-2023,Myntra,Accessories,Watches,Fastrack Watches X154,Fastrack,2,9501,19002,0,19002,Credit Card,Delivered,12,CUST5627,Nakul Khanna,Male,21,Noida,Uttar Pradesh,3.5,,12.41,3877.44
ORD104555,15-12-2023,Myntra,Personal Care,Haircare,Boat Haircare X338,Boat,3,1940,5820,25,4365,UPI,Delivered,12,CUST8175,Anika Sastry,Female,48,Chennai,Tamil Nadu,2.7,,15.1,577.5
ORD101184,04-01-2023,Myntra,Accessories,Bags,Baggit Bags Z534,Baggit,3,5013,15039,10,13535.1,COD,Delivered,5,CUST5300,Zoya Kurian,Male,34,Surat,Gujarat,1.9,,14.35,1229.81
ORD102433,15-10-2025,Amazon,Baby Products,Apparel,Tanishq Apparel M315,Tanishq,2,4845,9690,10,8721,UPI,Delivered,6,CUST1787,Suhana Dar,Male,30,Bengaluru,Karnataka,4.1,,9.4,783.72
ORD102391,27-02-2025,Max,Men's Fashion,Winter Wear,Roadster Winter Wear X781,Roadster,4,753,3012,30,2108.4,UPI,Delivered,5,CUST2415,Ryan Bhatt,Male,38,Chennai,Tamil Nadu,2.3,,17.54,564.92
ORD100769,10-09-2023,Flipkart,Fashion,Accessories,Portronics Accessories Z282,Portronics,2,4358,8716,5,8280.2,Wallet,Delivered,8,CUST6371,Madhup Bhat,Female,44,Bengaluru,Karnataka,3.7,,9.67,1137.37
ORD101685,09-09-2025,Max,Men's Fashion,Bottoms,Sony Bottoms Z741,Sony,2,3985,7970,15,6774.5,Credit Card,Delivered,3,CUST8132,Ryan Sengupta,Female,35,Ahmedabad,Gujarat,2.3,,7.99,1276.44
ORD100130,24-05-2023,Amazon,Fashion,Shoes,Nike Shoes S611,Nike,3,6342,19026,20,15220.8,Credit Card,Delivered,11,CUST4921,Dharmajan Baral,Female,40,Chennai,Tamil Nadu,3.7,,9.48,3381.41
ORD102919,19-10-2023,Amazon,Electronics,Televisions,Sony Televisions M792,Sony,1,101703,101703,15,86447.55,Debit Card,Delivered,11,CUST7588,Inaaya  Varughese,Male,60,Chennai,Tamil Nadu,3.8,,13.2,14216.18
ORD103171,09-05-2024,Myntra,Clothing,Ethnic Wear,FabIndia Ethnic Wear X748,FabIndia,1,6178,6178,10,5560.2,COD,Returned,5,CUST6213,Hiran Saha,Male,17,Surat,Gujarat,2.2,Size issue,9.22,915.71
ORD103444,21-08-2023,Flipkart,Beauty & Personal Care,Grooming,Philips Grooming S426,Philips,2,1942,3884,5,3689.8,UPI,Delivered,8,CUST3725,Aaina Koshy,Female,54,Kochi,Kerala,3,,5.04,327.88
ORD104426,15-09-2025,Flipkart,Electronics,Mobiles,Xiaomi Mobiles X586,Xiaomi,1,57814,57814,0,57814,Wallet,In Transit,4,CUST4973,Yashvi Chahal,Male,27,Pune,Maharashtra,2.6,,4.77,8465.7
ORD100466,24-09-2023,Myntra,Accessories,Bags,Wildcraft Bags Z175,Wildcraft,1,1132,1132,30,792.4,COD,Delivered,5,CUST7402,Piya Apte,Female,41,Pune,Maharashtra,2.6,,9.06,209.53
ORD103092,10-01-2024,Amazon,Groceries,Gourmet Foods,Roadster Gourmet Foods X257,Roadster,3,851,2553,20,2042.4,Wallet,Returned,8,CUST9828,Pranay Brahmbhatt,Female,18,Bengaluru,Karnataka,3,Late delivery,12.36,75.07
ORD103772,23-03-2025,Flipkart,"Books, Sports & Gaming",Gaming,Microsoft Gaming X917,Microsoft,1,36874,36874,5,35030.3,UPI,Delivered,5,CUST8709,Raunak Deshmukh,Female,34,Mumbai,Maharashtra,3.4,,17.37,4223.08
ORD100860,01-07-2024,Myntra,Home & Living,Furnishings,Home Centre Furnishings S664,Home Centre,2,7873,15746,15,13384.1,Debit Card,Delivered,4,CUST8811,Mannat Kannan,Male,37,Pune,Maharashtra,2.8,,17.94,1477.37
